,Vreme,PM10 [ug.m-3],O3 [ug.m-3],NO2 [ug.m-3],NOX [ug.m-3],CO [mg.m-3],NO [ug.m-3],PM2.5 [ug.m-3],PM1 [ug.m-3],V [m/s],dd [°],P [mb],t [°C],Rh [%]
0,2019-11-03 17:00:00,21.66,35.36,21.23,31.44,0.3,6.67,17.04,16.13,2.01,224.93,992.87,20.16,55.64
1,2019-11-03 18:00:00,24.14,33.42,22.74,34.53,0.3,7.65,18.15,16.87,1.83,229.53,992.72,19.87,56.26
2,2019-11-03 19:00:00,24.2,34.39,22.95,34.0,0.32,7.25,17.91,16.56,2.17,227.1,992.13,19.7,56.96
3,2019-11-03 20:00:00,22.06,36.53,19.88,29.92,0.35,6.54,16.34,15.48,1.85,230.43,992.12,19.65,57.0
4,2019-11-03 21:00:00,22.16,38.23,16.79,25.34,0.3,5.58,17.41,15.95,1.83,228.89,991.99,19.3,58.04
5,2019-11-03 22:00:00,20.71,43.13,12.43,19.07,0.28,4.38,14.31,13.07,1.9,227.52,991.65,19.46,57.43
6,2019-11-03 23:00:00,16.75,45.68,10.51,17.66,0.24,4.53,13.04,11.82,2.31,228.4,991.34,19.26,57.99
7,2019-11-04 00:00:00,16.17,48.7,8.48,13.77,0.23,3.92,12.2,10.9,2.45,225.23,990.96,19.34,57.68
8,2019-11-04 01:00:00,15.76,52.72,5.12,9.85,0.2,3.07,10.77,9.56,2.28,227.57,990.32,19.47,57.29
9,2019-11-04 02:00:00,14.47,54.79,3.55,7.43,0.19,2.54,10.42,9.15,2.27,224.82,989.94,19.54,56.94
10,2019-11-04 03:00:00,12.97,55.17,2.87,6.61,0.19,2.46,10.07,8.82,1.92,228.7,989.8,19.61,57.14
11,2019-11-04 04:00:00,13.02,56.07,,,0.18,,8.95,8.13,2.55,228.61,989.45,19.73,57.62
12,2019-11-04 05:00:00,11.63,52.46,4.9,9.6,0.19,3.07,9.2,8.42,2.03,226.3,989.08,19.61,58.87
13,2019-11-04 06:00:00,14.07,,9.34,15.0,0.23,3.65,10.38,9.39,2.25,227.4,988.94,19.63,59.3
14,2019-11-04 07:00:00,17.86,40.54,18.39,27.92,0.27,6.18,11.25,10.12,2.23,227.79,989.01,19.92,57.76
15,2019-11-04 08:00:00,17.41,38.94,22.52,35.5,0.31,8.5,11.23,9.72,1.85,228.93,988.77,20.4,56.29
16,2019-11-04 09:00:00,19.7,32.87,32.42,55.01,0.32,14.51,10.2,8.76,1.72,224.37,988.78,21.07,54.44
17,2019-11-04 10:00:00,22.85,32.89,31.17,47.52,0.31,10.94,11.12,9.17,1.35,232.05,988.92,21.56,52.99
18,2019-11-04 11:00:00,24.12,26.74,39.97,66.95,0.34,17.56,11.64,9.27,0.95,231.3,988.89,22.36,51.35
19,2019-11-04 12:00:00,22.87,24.44,38.59,67.7,0.35,19.2,11.03,9.34,0.97,235.05,989.21,21.79,55.11
20,2019-11-04 13:00:00,10.62,28.29,16.21,30.83,0.24,9.41,6.85,4.6,0.24,263.67,991.07,17.94,73.25
21,2019-11-04 14:00:00,9.99,22.43,32.45,51.83,0.31,12.44,6.84,5.16,0.11,263.08,991.16,19.05,71.2
22,2019-11-04 15:00:00,13.86,13.33,43.36,65.96,0.36,14.78,9.42,7.69,0.07,230.24,991.65,19.92,65.44
23,2019-11-04 16:00:00,20.17,1.97,50.65,96.29,0.47,29.65,13.8,11.0,0.05,352.64,992.41,19.81,66.29
24,2019-11-04 17:00:00,35.3,2.08,56.87,182.11,0.75,81.64,23.42,20.62,0.16,239.36,993.49,19.6,65.81
25,2019-11-04 18:00:00,16.03,10.39,41.09,65.21,0.38,15.9,8.59,7.29,0.13,343.5,994.57,19.97,61.67
26,2019-11-04 19:00:00,29.7,2.33,47.16,109.28,0.65,40.33,20.86,17.11,0.17,240.12,995.3,19.17,64.11
27,2019-11-04 20:00:00,25.87,1.69,49.45,131.68,0.64,53.61,17.82,15.06,0.19,225.22,996.01,18.41,65.55
28,2019-11-04 21:00:00,35.25,1.83,45.13,139.32,0.72,61.56,25.92,23.37,0.06,252.99,996.4,18.14,65.29
29,2019-11-04 22:00:00,24.73,3.16,34.52,70.53,0.48,23.68,20.35,18.46,0.18,225.45,996.52,17.62,66.06
30,2019-11-04 23:00:00,18.55,8.31,26.37,44.91,0.39,12.12,13.65,12.14,0.13,247.56,996.77,17.59,65.0
31,2019-11-05 00:00:00,17.78,18.52,23.79,34.96,0.31,7.35,10.09,7.73,0.04,224.79,996.99,17.52,57.69
32,2019-11-05 01:00:00,11.54,37.69,13.03,20.19,0.25,4.72,6.16,4.29,0.44,220.35,997.2,17.41,51.08
33,2019-11-05 02:00:00,7.48,46.73,9.05,14.56,0.21,3.62,4.27,2.57,0.22,232.59,997.02,17.41,49.1
34,2019-11-05 03:00:00,6.73,51.36,7.32,12.64,0.21,3.47,3.77,2.28,0.32,205.7,997.1,17.93,46.72
35,2019-11-05 04:00:00,6.44,53.27,6.72,11.45,0.19,3.08,3.63,2.23,0.27,212.09,997.13,18.11,45.57
36,2019-11-05 05:00:00,7.14,46.25,13.77,19.12,0.2,3.43,3.81,2.3,0.45,213.84,997.11,18.01,45.26
37,2019-11-05 06:00:00,11.23,28.83,29.97,39.68,0.23,6.19,4.36,2.67,0.29,225.09,997.41,18.26,44.08
38,2019-11-05 07:00:00,75.64,15.79,46.62,72.72,0.58,16.36,9.13,4.45,0.28,219.93,997.62,18.98,43.42
39,2019-11-05 08:00:00,22.04,25.85,39.8,63.01,0.32,15.11,7.23,4.18,0.44,205.44,997.64,20.8,42.27
40,2019-11-05 09:00:00,31.53,28.4,41.38,70.71,0.36,18.53,8.62,5.16,0.55,211.49,997.39,22.62,39.43
41,2019-11-05 10:00:00,33.02,42.28,28.67,50.5,0.29,13.99,6.18,3.44,0.77,219.14,996.76,24.42,35.7
42,2019-11-05 11:00:00,29.43,45.38,30.41,50.03,0.28,13.11,5.35,2.91,1.0,225.12,995.67,25.78,33.19
43,2019-11-05 12:00:00,41.69,45.89,21.65,36.41,0.29,9.6,5.8,2.54,0.77,227.78,994.97,26.33,32.54
44,2019-11-05 13:00:00,23.59,44.58,30.54,48.36,0.29,12.14,5.7,3.19,0.8,232.36,994.21,26.42,32.72
45,2019-11-05 14:00:00,18.86,36.76,42.43,65.54,0.35,16.18,6.03,3.82,0.72,226.11,993.59,26.63,32.77
46,2019-11-05 15:00:00,48.42,23.39,48.95,89.32,0.41,25.75,9.89,5.71,0.85,233.75,993.35,25.74,34.85
47,2019-11-05 16:00:00,22.56,20.12,49.11,78.41,0.43,18.97,9.45,6.74,1.03,229.01,993.13,24.47,38.3
48,2019-11-05 17:00:00,20.19,19.46,50.05,79.43,0.41,19.08,10.2,7.54,1.19,228.01,993.11,23.78,40.88
49,2019-11-05 18:00:00,19.33,27.45,39.39,60.09,0.39,13.15,10.44,7.83,1.46,229.28,993.02,22.88,43.44
50,2019-11-05 19:00:00,16.75,36.68,31.68,47.63,0.37,10.33,9.62,7.1,1.65,227.58,992.73,22.38,44.57
51,2019-11-05 20:00:00,15.78,44.3,23.55,35.18,0.3,7.56,9.33,6.55,2.09,224.98,992.34,21.82,46.07
52,2019-11-05 21:00:00,15.44,44.84,21.51,31.06,0.28,6.21,9.21,6.71,1.71,230.27,992.08,21.55,47.61
53,2019-11-05 22:00:00,13.62,47.5,18.86,26.43,0.26,4.97,8.46,5.96,1.78,229.97,991.71,21.31,48.55
54,2019-11-05 23:00:00,12.92,49.44,16.76,25.1,0.25,5.45,7.71,5.23,1.53,229.14,991.55,21.44,47.99
55,2019-11-06 00:00:00,10.69,54.12,11.99,17.59,0.22,3.66,6.55,4.4,1.44,229.09,991.65,21.38,48.2
56,2019-11-06 01:00:00,10.55,57.63,8.34,13.29,0.19,3.23,5.5,3.61,1.36,231.46,991.53,21.62,48.14
57,2019-11-06 02:00:00,9.83,57.49,6.73,11.41,0.19,3.06,5.74,3.66,1.31,232.97,991.42,21.55,48.58
58,2019-11-06 03:00:00,10.25,59.39,4.81,8.91,0.18,2.67,4.81,2.91,1.13,231.85,991.61,21.69,47.57
59,2019-11-06 04:00:00,14.0,53.22,2.96,7.32,0.2,2.85,5.99,4.52,1.72,18.59,993.65,19.64,56.96
60,2019-11-06 05:00:00,4.49,44.63,1.98,6.17,0.16,2.74,1.93,1.41,1.4,41.58,995.61,17.49,67.35
61,2019-11-06 06:00:00,1.99,32.65,7.91,37.13,0.18,19.31,1.69,1.06,0.83,34.71,996.71,16.7,70.51
62,2019-11-06 07:00:00,4.27,21.95,12.72,23.66,0.23,7.11,3.3,2.22,0.41,47.06,997.62,16.18,73.66
63,2019-11-06 08:00:00,5.27,13.83,22.35,42.78,0.27,13.2,3.86,2.98,0.48,234.26,998.71,15.5,77.71
64,2019-11-06 09:00:00,8.0,9.49,33.43,61.09,,18.02,6.21,4.84,0.21,240.48,998.74,15.75,78.52
65,2019-11-06 10:00:00,15.66,3.06,48.96,108.49,0.47,38.78,11.56,9.92,0.39,245.0,998.84,16.06,77.8
66,2019-11-06 11:00:00,20.54,4.09,50.0,111.33,0.53,40.28,15.22,13.28,0.36,251.4,998.9,16.24,76.85
67,2019-11-06 12:00:00,20.0,4.63,48.25,106.56,0.49,38.15,15.44,13.52,0.56,233.94,998.87,16.51,74.37
68,2019-11-06 13:00:00,19.35,7.98,43.31,90.53,0.42,31.56,14.26,12.42,0.94,233.66,998.56,16.32,75.01
69,2019-11-06 14:00:00,18.77,7.36,41.56,75.26,0.43,21.95,15.46,13.91,0.72,234.07,998.84,16.51,74.02
70,2019-11-06 15:00:00,23.66,4.05,46.52,95.46,0.53,31.18,18.94,16.77,0.66,227.32,999.15,16.22,75.06
71,2019-11-06 16:00:00,25.74,3.78,43.47,90.74,0.54,31.87,20.75,19.33,0.49,244.87,998.76,15.8,77.94
72,2019-11-06 17:00:00,28.87,5.27,34.23,60.61,0.48,17.24,22.93,20.51,0.2,267.21,998.4,15.81,77.31
73,2019-11-06 18:00:00,27.35,3.77,34.22,62.76,0.48,18.63,22.93,20.71,0.13,19.88,998.32,16.02,76.95
74,2019-11-06 19:00:00,19.53,7.09,29.74,53.81,0.47,15.66,18.08,17.05,0.56,247.51,997.68,16.18,77.28
75,2019-11-06 20:00:00,22.54,6.38,30.12,57.58,0.47,17.64,20.07,18.69,0.62,239.79,997.58,16.23,77.64
76,2019-11-06 21:00:00,16.46,12.58,24.74,42.34,0.4,11.56,14.14,13.5,0.35,237.39,997.66,17.03,74.27
77,2019-11-06 22:00:00,10.39,20.81,21.76,35.14,0.33,8.75,8.7,7.97,0.63,227.25,997.18,17.37,70.64
78,2019-11-06 23:00:00,7.4,30.54,19.77,29.19,0.3,6.16,6.02,5.46,0.73,234.19,997.13,17.75,66.66
79,2019-11-07 00:00:00,7.27,32.16,14.19,21.54,0.26,4.81,6.01,5.45,0.52,241.53,997.14,17.81,65.97
80,2019-11-07 01:00:00,4.21,41.89,9.57,15.72,0.22,4.03,3.28,2.85,0.72,238.68,997.36,17.71,65.1
81,2019-11-07 02:00:00,3.11,49.88,8.73,13.79,0.23,3.34,2.39,1.95,0.33,266.0,997.1,17.83,62.83
82,2019-11-07 03:00:00,3.05,42.69,4.97,9.52,0.2,2.96,2.4,1.87,0.26,346.46,997.53,17.67,63.67
83,2019-11-07 04:00:00,4.6,22.58,12.35,22.98,0.24,6.66,3.61,2.86,0.01,137.53,997.68,17.77,64.68
84,2019-11-07 05:00:00,7.71,12.93,,,0.26,,5.51,4.51,0.06,249.59,997.48,17.39,66.03
85,2019-11-07 06:00:00,10.82,3.17,29.75,57.79,0.32,18.19,6.96,5.91,0.06,320.63,997.84,17.0,67.92
86,2019-11-07 07:00:00,15.35,,35.31,106.11,0.42,46.25,10.46,8.7,0.29,302.53,998.78,16.18,72.36
87,2019-11-07 08:00:00,20.02,2.37,25.53,67.22,0.39,27.41,14.35,12.75,0.6,346.36,999.9,15.37,76.04
88,2019-11-07 09:00:00,33.83,2.61,26.11,94.83,0.48,44.43,24.79,21.27,0.37,235.93,1000.28,15.95,75.77
89,2019-11-07 10:00:00,41.51,6.68,26.16,74.09,0.47,31.52,30.49,28.04,0.72,229.72,1000.51,16.31,74.71
90,2019-11-07 11:00:00,34.32,14.83,30.0,60.06,0.37,19.51,22.18,19.45,0.7,219.86,1000.13,17.1,70.13
91,2019-11-07 12:00:00,24.7,17.38,40.06,78.6,0.42,24.55,12.86,10.79,0.51,228.59,999.97,19.44,59.56
92,2019-11-07 13:00:00,20.77,33.96,31.61,52.43,0.37,13.57,11.45,9.55,0.46,239.45,999.95,21.19,49.12
93,2019-11-07 14:00:00,25.09,37.14,29.26,41.64,0.33,8.08,14.89,11.71,0.13,315.42,1000.14,20.8,49.94
94,2019-11-07 15:00:00,30.58,24.98,35.55,46.83,0.37,7.49,16.21,13.17,0.13,336.74,1000.35,20.3,52.51
95,2019-11-07 16:00:00,32.63,12.8,43.09,60.15,0.41,11.07,17.94,15.79,0.23,29.36,1000.75,18.98,57.38
96,2019-11-07 17:00:00,35.15,6.91,43.83,67.82,0.44,15.66,24.2,21.6,0.17,36.04,1001.19,18.35,60.5
97,2019-11-07 18:00:00,48.16,3.34,45.23,76.97,0.58,20.59,33.33,29.87,0.04,350.03,1001.33,18.03,61.97
98,2019-11-07 19:00:00,51.13,2.58,42.74,84.9,0.67,27.57,36.43,33.11,0.1,57.65,1001.37,17.74,63.95
99,2019-11-07 20:00:00,46.83,2.61,38.39,69.85,0.56,20.48,34.17,31.47,0.06,311.09,1001.26,17.13,66.19
100,2019-11-07 21:00:00,46.41,4.9,29.98,53.06,0.49,15.18,36.28,33.22,0.18,26.95,1001.06,17.08,67.84
101,2019-11-07 22:00:00,47.63,3.64,25.36,49.16,0.5,15.47,39.37,36.87,0.19,27.2,1001.09,17.0,69.71
102,2019-11-07 23:00:00,39.98,4.06,20.74,40.49,0.45,12.97,33.69,32.05,0.23,35.28,1001.01,16.59,71.88
103,2019-11-08 00:00:00,34.48,5.85,15.3,28.71,0.39,8.8,28.88,27.33,0.12,11.03,1001.2,16.53,73.41
104,2019-11-08 01:00:00,28.82,8.03,9.85,19.96,0.34,6.61,25.63,24.15,0.3,20.85,1000.75,16.52,74.03
105,2019-11-08 02:00:00,37.42,4.5,10.43,21.65,0.4,7.35,32.55,31.01,0.49,62.09,1000.37,15.76,74.28
106,2019-11-08 03:00:00,33.92,2.97,10.2,21.7,0.38,7.5,30.8,29.15,0.26,63.36,999.88,15.07,76.09
107,2019-11-08 04:00:00,22.82,5.47,10.31,21.21,0.32,7.14,19.75,18.59,0.16,340.54,999.54,15.8,75.36
108,2019-11-08 05:00:00,12.7,11.23,5.49,12.94,0.25,4.88,10.88,9.89,0.24,0.12,999.31,16.2,74.21
109,2019-11-08 06:00:00,15.84,6.82,11.17,22.71,0.29,7.47,13.5,12.0,0.27,35.33,999.21,16.26,75.4
110,2019-11-08 07:00:00,17.53,3.56,18.92,42.6,0.36,15.4,14.35,13.22,0.18,314.66,999.52,16.35,78.07
111,2019-11-08 08:00:00,24.55,2.34,23.95,62.25,0.49,24.88,19.27,17.29,0.11,314.93,999.54,16.95,79.84
112,2019-11-08 09:00:00,30.97,3.89,21.5,68.83,0.48,31.04,24.51,22.61,0.3,253.97,999.15,17.74,79.33
113,2019-11-08 10:00:00,24.7,10.56,18.46,51.77,0.41,22.42,18.49,17.0,0.74,246.59,998.8,18.76,75.28
114,2019-11-08 11:00:00,24.2,12.46,23.28,48.36,0.38,16.37,17.82,15.95,0.45,253.79,998.48,19.81,69.93
115,2019-11-08 12:00:00,34.89,11.31,18.54,42.32,0.44,15.51,24.04,22.29,0.5,228.26,998.37,19.88,72.42
116,2019-11-08 13:00:00,50.1,10.22,22.53,49.91,0.46,17.88,36.22,33.78,0.45,242.95,998.03,20.2,70.8
117,2019-11-08 14:00:00,54.75,7.61,25.78,55.67,0.5,19.5,38.14,35.06,0.49,351.78,997.82,20.92,67.99
118,2019-11-08 15:00:00,54.28,4.13,31.2,67.23,0.52,23.47,37.66,33.85,0.29,355.05,997.85,21.29,66.24
119,2019-11-08 16:00:00,62.53,1.91,34.05,103.38,0.73,45.59,43.67,39.63,0.03,341.16,998.19,21.36,65.56
120,2019-11-08 17:00:00,55.3,2.28,39.2,136.35,0.88,63.51,39.92,35.33,0.27,254.86,998.54,20.49,65.11
121,2019-11-08 18:00:00,28.59,4.87,44.49,80.57,0.53,23.14,19.38,17.29,0.96,231.25,998.77,19.94,61.47
122,2019-11-08 19:00:00,26.36,11.19,36.27,62.16,0.46,16.87,18.28,16.09,1.21,227.64,998.97,19.33,62.3
123,2019-11-08 20:00:00,23.4,8.98,40.37,63.27,0.44,14.59,16.28,14.33,0.33,261.31,999.65,19.3,59.48
124,2019-11-08 21:00:00,16.95,21.83,32.61,46.1,0.36,8.88,10.53,9.06,0.48,218.21,1000.32,19.12,52.01
125,2019-11-08 22:00:00,12.86,28.82,32.35,44.29,0.33,8.27,7.91,6.55,0.51,210.37,1000.76,18.96,47.43
126,2019-11-08 23:00:00,9.09,39.38,21.44,28.53,0.28,4.62,5.85,4.95,0.34,234.47,1001.17,18.65,46.45
127,2019-11-09 00:00:00,7.28,46.12,19.23,25.3,0.26,4.0,4.64,3.95,0.39,249.99,1001.38,18.59,44.06
128,2019-11-09 01:00:00,5.43,43.19,23.73,34.24,0.26,6.69,4.15,3.36,0.83,227.32,1001.56,18.72,43.15
129,2019-11-09 02:00:00,7.08,47.48,16.13,23.26,0.27,4.72,5.25,4.5,1.35,228.47,1001.53,17.84,46.91
130,2019-11-09 03:00:00,7.2,47.04,11.05,16.44,0.23,3.51,5.28,4.36,1.2,229.03,1001.46,17.12,51.27
131,2019-11-09 04:00:00,6.48,47.81,9.92,15.17,0.23,3.45,4.57,3.69,1.4,228.46,1001.41,16.99,53.13
132,2019-11-09 05:00:00,6.35,45.32,11.94,17.05,0.22,3.32,4.48,3.51,1.6,225.23,1001.38,16.48,54.77
133,2019-11-09 06:00:00,7.33,41.89,19.16,27.79,0.24,5.51,4.48,3.47,1.59,227.22,1001.42,16.59,53.86
134,2019-11-09 07:00:00,10.19,40.0,22.1,31.21,0.25,5.99,5.02,3.79,1.36,230.18,1001.87,17.41,50.46
135,2019-11-09 08:00:00,17.11,36.59,25.6,38.79,0.27,8.31,7.67,5.23,1.08,233.61,1001.97,18.82,48.6
136,2019-11-09 09:00:00,18.46,40.14,26.78,41.49,0.31,9.62,8.58,6.3,1.16,228.52,1002.0,20.86,43.8
137,2019-11-09 10:00:00,17.26,42.16,25.84,39.79,,9.14,8.23,6.24,1.19,228.36,1001.76,21.83,41.24
138,2019-11-09 11:00:00,19.96,38.14,29.03,43.99,0.33,9.69,9.61,7.53,0.93,227.09,1001.34,22.04,41.79
139,2019-11-09 12:00:00,22.43,36.32,33.25,53.46,0.31,13.36,10.34,7.68,0.89,236.02,1001.17,22.19,42.43
140,2019-11-09 13:00:00,21.2,37.13,34.01,52.47,0.34,12.52,10.6,8.62,1.17,230.45,1000.76,22.34,42.49
141,2019-11-09 14:00:00,20.65,37.84,32.64,48.34,0.35,10.17,12.4,10.01,1.38,226.31,1000.37,22.03,43.98
142,2019-11-09 15:00:00,25.9,34.65,34.08,51.35,0.37,11.43,15.25,13.35,1.45,229.43,1000.26,21.43,46.74
143,2019-11-09 16:00:00,24.29,29.51,36.0,51.16,0.4,10.0,16.63,14.69,1.29,226.43,1000.47,21.05,48.23
144,2019-11-09 17:00:00,32.16,23.19,36.32,48.16,0.42,7.73,22.76,20.26,0.35,255.68,1000.62,20.9,49.44
145,2019-11-09 18:00:00,35.73,15.69,37.24,48.94,0.44,7.64,25.93,23.64,0.36,265.13,1000.84,20.1,51.83
146,2019-11-09 19:00:00,30.21,20.19,33.05,45.71,0.4,8.31,20.03,16.97,0.5,225.46,1001.37,19.77,52.91
147,2019-11-09 20:00:00,36.3,12.48,23.83,36.75,0.4,8.48,26.86,24.47,0.23,279.05,1001.73,17.67,64.32
148,2019-11-09 21:00:00,32.56,13.47,15.01,26.3,0.36,7.34,24.26,21.98,0.45,47.79,1001.47,17.25,67.19
149,2019-11-09 22:00:00,32.27,11.26,12.62,24.11,0.35,7.53,26.77,24.71,0.54,27.59,1000.81,16.99,68.41
150,2019-11-09 23:00:00,35.6,8.12,11.95,22.42,0.37,6.85,29.78,27.25,0.46,14.47,1000.37,16.49,70.79
151,2019-11-10 00:00:00,32.59,6.87,9.83,18.86,0.34,5.91,27.05,24.77,0.34,334.34,999.89,15.83,72.96
152,2019-11-10 01:00:00,25.52,7.29,8.44,17.18,0.31,5.71,22.26,20.5,0.43,33.17,999.13,15.53,74.28
153,2019-11-10 02:00:00,29.55,2.97,11.66,23.97,0.36,8.01,25.0,23.1,0.23,37.31,998.15,15.77,73.83
154,2019-11-10 03:00:00,29.19,1.84,12.55,27.56,0.35,9.79,25.2,23.42,0.31,358.51,997.68,15.46,74.83
155,2019-11-10 04:00:00,32.03,1.26,13.61,34.75,0.37,13.77,26.66,24.73,0.28,247.28,997.7,15.32,76.28
156,2019-11-10 05:00:00,31.0,1.42,12.82,40.31,0.39,17.93,27.66,26.1,0.08,352.35,997.36,15.54,77.63
157,2019-11-10 06:00:00,30.6,1.36,,,0.38,,26.61,25.08,0.15,39.13,997.23,15.67,77.03
158,2019-11-10 07:00:00,31.8,1.57,13.6,61.92,0.42,31.48,27.78,25.84,0.22,248.48,997.39,15.72,77.05
159,2019-11-10 08:00:00,31.95,,14.13,54.2,0.42,26.22,25.79,23.91,0.45,237.41,997.49,15.77,78.29
160,2019-11-10 09:00:00,17.38,12.38,17.47,37.55,0.33,12.85,14.34,12.88,0.4,284.33,997.75,18.57,68.37
161,2019-11-10 10:00:00,29.61,18.6,14.65,30.66,0.38,10.5,25.38,23.64,0.56,355.39,998.56,19.57,65.53
162,2019-11-10 11:00:00,28.42,32.26,14.99,26.46,0.35,7.45,20.8,18.64,0.47,328.96,998.85,20.63,57.45
163,2019-11-10 12:00:00,21.5,37.43,20.1,32.42,0.31,8.08,15.31,13.7,0.42,299.9,999.1,20.02,53.31
164,2019-11-10 13:00:00,31.17,31.21,12.24,20.96,0.32,5.69,25.57,23.77,0.92,359.16,999.51,18.83,61.11
165,2019-11-10 14:00:00,37.04,25.51,10.63,18.54,0.33,5.17,31.71,30.63,0.97,11.91,1000.23,17.62,68.9
166,2019-11-10 15:00:00,26.59,27.72,10.77,19.0,0.31,5.34,24.04,23.25,0.69,9.08,1000.87,17.24,69.07
167,2019-11-10 16:00:00,18.61,28.54,11.03,19.04,0.3,5.25,17.19,16.27,0.58,293.31,1002.04,15.41,69.1
168,2019-11-10 17:00:00,19.55,14.93,13.26,23.2,0.33,6.49,17.16,16.23,0.54,332.99,1003.41,14.34,72.28
169,2019-11-10 18:00:00,17.42,13.98,12.63,23.74,0.33,7.22,15.63,14.95,0.79,20.74,1004.52,13.91,72.83
170,2019-11-10 19:00:00,13.25,18.23,7.09,14.64,0.29,4.96,12.04,11.54,0.84,3.98,1006.08,13.26,73.84
171,2019-11-10 20:00:00,11.56,20.47,6.26,13.9,0.28,4.74,10.79,10.44,0.86,10.41,1006.98,13.11,74.93
172,2019-11-10 21:00:00,11.76,23.75,5.15,10.4,0.26,3.43,11.05,10.58,0.51,1.22,1007.57,13.19,74.11
173,2019-11-10 22:00:00,12.11,27.64,4.68,9.73,0.25,3.3,11.71,11.4,0.45,15.65,1008.18,13.54,71.39
174,2019-11-10 23:00:00,16.58,23.97,8.06,13.76,0.29,3.68,15.67,15.16,0.28,332.92,1008.8,13.84,69.69
175,2019-11-11 00:00:00,22.61,13.0,10.58,18.32,0.31,5.08,21.42,20.76,0.17,308.21,1009.17,13.44,72.58
176,2019-11-11 01:00:00,24.01,15.88,5.35,10.67,0.28,3.49,21.36,20.43,0.39,294.06,1009.53,12.81,74.17
177,2019-11-11 02:00:00,23.59,15.64,4.74,10.21,0.27,3.63,20.85,19.51,0.22,267.37,1009.77,12.68,74.86
178,2019-11-11 03:00:00,17.53,18.16,3.6,8.44,0.26,3.13,16.16,15.37,0.47,256.85,1010.14,12.46,73.9
179,2019-11-11 04:00:00,16.28,20.93,3.23,7.6,0.26,2.83,14.93,14.07,0.46,241.56,1010.37,12.49,73.63
180,2019-11-11 05:00:00,18.45,16.95,6.84,12.88,0.28,3.93,16.62,15.6,0.15,249.05,1010.31,13.03,72.01
181,2019-11-11 06:00:00,23.37,11.28,9.95,17.79,0.28,5.11,20.33,19.37,0.13,38.81,1010.6,13.28,71.18
182,2019-11-11 07:00:00,29.08,7.12,9.55,20.12,0.32,6.89,23.8,22.3,0.49,55.76,1010.75,13.68,71.17
183,2019-11-11 08:00:00,38.25,8.53,11.65,26.12,0.32,9.42,26.87,23.2,0.54,66.49,1010.88,14.1,71.48
184,2019-11-11 09:00:00,28.97,22.27,11.86,22.29,0.28,6.79,23.29,21.69,0.51,41.17,1010.69,14.67,68.08
185,2019-11-11 10:00:00,28.69,32.86,11.82,19.17,0.26,4.8,22.6,21.58,0.41,42.47,1010.32,15.12,63.82
186,2019-11-11 11:00:00,33.4,37.75,10.26,18.63,0.31,5.46,25.38,23.85,0.84,44.95,1009.64,15.7,61.6
187,2019-11-11 12:00:00,35.51,40.14,10.56,18.2,0.35,5.01,26.73,25.03,0.6,37.69,1009.11,16.16,60.37
188,2019-11-11 13:00:00,33.34,38.93,12.87,21.05,0.31,5.31,25.71,24.28,0.53,36.35,1008.56,16.21,60.2
189,2019-11-11 14:00:00,40.71,34.84,18.45,27.64,0.32,5.99,30.89,28.8,0.43,26.74,1008.14,16.25,60.19
190,2019-11-11 15:00:00,39.07,31.64,21.55,29.71,0.34,5.3,32.51,30.84,0.32,6.49,1007.55,15.93,61.07
191,2019-11-11 16:00:00,45.46,15.86,33.56,45.74,0.39,7.96,32.66,30.57,0.24,336.22,1007.23,15.57,61.93
192,2019-11-11 17:00:00,44.65,10.93,37.52,51.91,0.46,9.35,36.3,33.92,0.12,326.09,1007.05,15.2,63.23
193,2019-11-11 18:00:00,54.02,12.08,33.89,48.58,0.48,9.71,44.01,41.51,0.15,328.56,1006.45,14.98,63.85
194,2019-11-11 19:00:00,40.83,10.33,26.87,40.81,0.44,9.06,32.3,30.93,0.1,352.88,1006.1,14.66,66.04
195,2019-11-11 20:00:00,36.25,8.9,28.52,47.03,0.5,12.07,30.94,29.48,0.28,239.23,1005.64,14.79,66.79
196,2019-11-11 21:00:00,32.18,15.21,31.64,48.36,0.58,10.93,26.49,25.27,0.74,243.5,1005.3,15.52,63.01
197,2019-11-11 22:00:00,28.69,32.78,16.42,26.52,0.41,5.96,25.22,24.1,1.56,227.1,1005.13,14.79,63.2
198,2019-11-11 23:00:00,21.34,40.21,11.84,18.02,0.34,4.09,18.34,17.3,1.52,222.22,1004.99,14.5,63.81
199,2019-11-12 00:00:00,18.38,43.58,10.11,16.1,0.31,3.9,16.63,15.47,1.19,227.82,1004.45,14.51,62.38
200,2019-11-12 01:00:00,17.25,46.0,7.14,12.15,0.28,3.26,14.64,13.57,1.3,223.49,1004.15,14.19,62.36
201,2019-11-12 02:00:00,16.06,46.16,7.25,11.99,0.27,3.59,14.25,13.09,1.46,225.36,1003.72,14.03,63.33
202,2019-11-12 03:00:00,15.37,46.92,5.44,9.64,0.25,2.73,13.71,12.43,2.06,222.88,1002.97,14.08,63.81
203,2019-11-12 04:00:00,17.24,42.13,7.57,12.0,0.25,2.89,14.85,13.75,1.5,226.19,1002.86,13.96,63.87
204,2019-11-12 05:00:00,18.96,38.18,9.39,14.07,0.24,3.02,15.92,14.75,1.22,233.24,1002.28,13.88,63.92
205,2019-11-12 06:00:00,20.24,32.03,15.31,22.62,0.28,4.73,17.29,16.23,2.22,226.15,1002.12,13.61,65.65
206,2019-11-12 07:00:00,29.17,26.53,22.84,33.99,0.35,7.23,18.46,15.62,1.11,239.13,1001.83,14.84,63.62
207,2019-11-12 08:00:00,23.19,25.26,22.3,34.73,0.34,7.77,18.26,16.2,1.28,233.25,1001.38,15.18,63.75
208,2019-11-12 09:00:00,27.59,25.54,23.66,37.06,0.37,8.84,20.78,18.91,1.23,241.18,1000.54,15.32,63.78
209,2019-11-12 10:00:00,30.82,26.37,22.52,36.63,0.35,9.25,20.77,18.72,1.86,229.72,999.88,15.65,64.05
210,2019-11-12 11:00:00,29.52,28.75,21.58,34.99,,8.72,21.72,19.37,1.79,228.58,999.16,16.41,61.66
211,2019-11-12 12:00:00,33.53,30.42,22.4,37.41,0.39,9.75,21.47,18.64,2.05,225.56,998.4,17.42,59.68
212,2019-11-12 13:00:00,33.15,29.77,22.69,35.34,0.41,8.28,22.06,19.1,1.37,234.0,997.58,17.69,58.22
213,2019-11-12 14:00:00,31.44,33.51,19.96,30.17,0.37,6.66,20.58,17.98,1.9,224.97,997.55,17.68,58.71
214,2019-11-12 15:00:00,31.23,37.89,17.04,24.72,0.32,5.04,19.95,17.09,1.85,238.0,996.95,17.9,58.88
215,2019-11-12 16:00:00,34.14,37.2,16.06,23.09,0.3,4.98,22.48,18.98,2.04,229.59,996.71,17.82,61.61
216,2019-11-12 17:00:00,33.46,32.29,19.69,30.15,0.36,7.13,24.92,22.15,1.73,224.42,997.55,18.24,62.15
217,2019-11-12 18:00:00,37.12,29.32,24.08,36.46,0.4,8.09,28.77,25.79,1.87,222.79,997.88,19.0,59.42
218,2019-11-12 19:00:00,41.78,31.81,20.02,29.48,0.37,6.17,32.91,29.93,1.81,224.13,997.68,19.52,59.7
219,2019-11-12 20:00:00,45.01,15.14,34.7,55.69,0.43,13.52,34.53,31.34,0.5,227.14,998.09,20.23,57.82
220,2019-11-12 21:00:00,49.51,13.8,32.78,48.35,0.45,10.24,39.46,36.13,0.6,235.09,997.39,20.04,58.77
221,2019-11-12 22:00:00,44.54,26.36,17.22,26.72,0.36,6.24,37.37,34.37,1.37,226.48,996.61,19.5,60.86
222,2019-11-12 23:00:00,42.14,27.37,13.42,20.79,0.33,4.82,35.18,32.12,0.96,234.16,996.17,19.36,61.09
223,2019-11-13 00:00:00,41.06,28.78,9.96,15.6,0.34,3.68,33.78,30.35,0.83,239.41,995.61,19.1,61.47
224,2019-11-13 01:00:00,40.59,23.82,13.99,22.37,0.32,5.46,32.44,29.05,0.15,320.32,995.12,19.3,60.08
225,2019-11-13 02:00:00,26.35,28.97,7.2,12.23,0.27,3.33,21.1,18.58,0.48,238.66,995.68,18.62,62.36
226,2019-11-13 03:00:00,3.52,27.33,2.71,7.6,0.2,3.19,3.08,2.53,0.83,224.1,996.19,15.97,76.28
227,2019-11-13 04:00:00,1.89,32.33,3.27,8.4,0.19,3.32,1.65,1.13,1.24,230.66,995.75,15.18,77.4
228,2019-11-13 05:00:00,1.85,44.91,5.77,11.02,0.2,3.45,1.51,1.23,1.67,233.92,994.47,15.27,73.92
229,2019-11-13 06:00:00,2.32,42.79,6.52,12.24,0.2,3.72,2.1,1.62,1.97,230.77,994.05,14.97,75.16
230,2019-11-13 07:00:00,12.1,24.21,,,0.29,,10.67,9.61,1.55,239.6,994.12,15.3,78.98
231,2019-11-13 08:00:00,20.9,24.44,12.85,23.14,0.29,6.73,18.04,16.68,1.37,240.59,993.72,15.91,76.85
232,2019-11-13 09:00:00,20.73,,14.84,28.03,0.33,8.33,16.13,14.98,1.44,229.46,993.2,17.24,69.78
233,2019-11-13 10:00:00,11.23,53.14,13.59,22.51,0.29,5.81,6.96,5.83,2.05,233.58,992.88,19.72,57.56
234,2019-11-13 11:00:00,14.84,60.28,12.01,20.84,0.26,5.77,6.47,4.92,3.36,223.76,992.18,21.05,49.74
235,2019-11-13 12:00:00,16.76,63.19,11.68,19.66,0.24,5.19,7.14,5.32,2.99,229.76,991.63,21.71,45.6
236,2019-11-13 13:00:00,16.32,61.81,14.76,23.25,0.25,5.53,7.62,5.48,3.16,222.42,991.86,21.9,44.5
237,2019-11-13 14:00:00,17.63,59.06,16.62,25.63,0.27,5.91,8.44,5.97,2.61,226.12,992.17,21.98,44.54
238,2019-11-13 15:00:00,14.75,56.53,18.31,27.35,0.25,5.85,7.91,5.51,2.49,223.06,992.37,21.58,44.81
239,2019-11-13 16:00:00,30.91,34.06,20.18,28.64,0.32,5.5,24.18,21.25,1.69,227.18,993.32,19.71,56.0
240,2019-11-13 17:00:00,29.15,34.49,20.26,29.7,0.35,6.15,22.34,19.68,2.42,224.18,994.24,18.99,57.58
241,2019-11-13 18:00:00,25.21,39.94,19.68,28.43,0.31,5.7,18.3,15.84,1.79,229.7,995.09,19.13,54.22
242,2019-11-13 19:00:00,20.51,41.42,22.54,32.73,0.31,6.64,13.81,11.17,2.2,224.53,995.76,19.22,52.43
243,2019-11-13 20:00:00,18.87,40.33,23.96,35.06,0.3,7.22,11.76,8.89,2.08,224.24,996.73,19.21,54.06
244,2019-11-13 21:00:00,15.68,37.5,24.08,38.17,0.31,8.74,10.28,7.0,1.57,227.03,997.31,18.8,58.51
245,2019-11-13 22:00:00,17.19,33.12,27.19,41.33,0.31,8.72,10.85,7.55,1.05,228.98,997.73,19.35,55.27
246,2019-11-13 23:00:00,18.09,19.7,26.96,38.76,0.31,7.7,11.24,7.42,0.33,247.08,998.28,18.45,62.68
247,2019-11-14 00:00:00,15.16,15.47,25.92,37.45,0.3,7.53,10.87,7.24,0.16,281.56,998.82,18.07,65.62
248,2019-11-14 01:00:00,15.58,16.58,19.78,29.0,0.29,6.05,11.55,7.51,0.12,254.03,999.15,18.08,65.73
249,2019-11-14 02:00:00,14.37,21.18,10.94,17.71,0.26,4.47,9.94,6.57,0.14,251.56,999.32,17.59,68.23
250,2019-11-14 03:00:00,14.05,21.42,11.14,25.6,0.25,8.79,10.4,6.8,0.39,13.35,999.92,17.25,68.27
251,2019-11-14 04:00:00,18.98,15.61,5.86,11.83,0.27,3.95,15.35,12.91,0.73,34.2,1000.78,15.95,74.71
252,2019-11-14 05:00:00,19.15,8.67,4.53,10.44,0.28,3.86,18.0,16.89,0.99,33.11,1001.14,14.12,78.42
253,2019-11-14 06:00:00,16.55,8.72,5.89,14.15,0.27,5.38,15.01,14.2,0.98,37.74,1001.48,12.97,80.54
254,2019-11-14 07:00:00,18.28,6.61,9.37,24.96,0.33,9.81,16.46,15.4,0.78,58.27,1002.07,13.1,78.72
255,2019-11-14 08:00:00,22.87,7.21,7.83,18.47,0.31,7.0,19.86,18.27,0.87,8.27,1002.51,12.45,79.14
256,2019-11-14 09:00:00,22.19,7.92,7.6,19.41,0.28,7.71,19.36,17.67,0.92,356.32,1002.86,12.23,80.93
257,2019-11-14 10:00:00,23.06,8.28,5.89,15.75,0.28,6.46,20.13,18.17,0.79,2.71,1002.85,12.59,80.68
258,2019-11-14 11:00:00,25.44,7.66,8.14,22.06,0.29,9.08,21.85,19.97,0.73,14.91,1002.54,13.06,79.47
259,2019-11-14 12:00:00,26.1,7.54,8.01,20.67,0.29,8.25,21.15,19.46,0.92,18.57,1002.57,13.04,79.12
260,2019-11-14 13:00:00,26.48,8.12,7.95,20.21,0.3,7.95,22.14,20.46,0.76,10.45,1002.28,13.32,78.48
261,2019-11-14 14:00:00,34.27,5.76,12.05,30.69,0.36,12.18,29.18,27.04,0.63,44.82,1002.2,13.97,77.52
262,2019-11-14 15:00:00,36.53,4.88,12.52,30.04,0.36,11.48,31.13,29.34,0.59,0.87,1002.35,13.63,76.39
263,2019-11-14 16:00:00,29.16,4.51,12.13,28.56,0.34,10.71,26.46,25.06,0.73,31.46,1002.39,13.51,77.76
264,2019-11-14 17:00:00,42.09,2.94,14.34,36.46,0.48,14.46,37.5,35.24,0.68,71.21,1002.4,13.97,75.94
265,2019-11-14 18:00:00,39.54,2.58,13.97,36.7,0.46,14.71,37.15,34.39,0.48,15.71,1002.77,13.32,76.04
266,2019-11-14 19:00:00,32.42,3.61,9.6,23.01,0.38,8.75,28.76,27.33,0.46,356.05,1003.32,13.03,78.32
267,2019-11-14 20:00:00,31.34,3.86,8.66,20.18,0.35,7.54,27.57,25.65,0.43,4.87,1003.6,13.28,78.87
268,2019-11-14 21:00:00,40.52,4.11,8.49,20.14,0.34,7.6,31.13,28.04,0.46,31.98,1003.57,13.43,78.81
269,2019-11-14 22:00:00,37.64,4.09,7.94,20.6,0.35,8.29,29.66,27.22,0.51,16.05,1003.57,13.28,80.39
270,2019-11-14 23:00:00,38.87,3.2,9.49,22.51,0.38,8.49,33.57,30.48,0.11,20.09,1003.74,13.61,80.86
271,2019-11-15 00:00:00,39.6,2.69,11.2,26.13,0.39,9.68,33.15,29.78,0.33,51.44,1003.78,13.93,79.01
272,2019-11-15 01:00:00,52.33,1.49,14.83,37.64,0.45,14.84,43.24,37.72,0.24,21.72,1003.97,14.11,78.98
273,2019-11-15 02:00:00,48.64,1.25,13.74,35.35,0.45,14.15,42.14,36.36,0.4,45.05,1003.93,14.32,78.51
274,2019-11-15 03:00:00,34.91,2.87,13.15,28.58,0.44,10.1,32.22,29.79,0.29,242.71,1003.57,14.34,77.91
275,2019-11-15 04:00:00,33.74,6.12,8.36,18.28,0.38,6.52,30.39,27.94,0.62,236.66,1003.77,14.23,77.76
276,2019-11-15 05:00:00,30.98,7.21,7.19,16.21,0.34,5.91,28.24,25.92,0.46,244.79,1004.08,14.3,77.2
277,2019-11-15 06:00:00,32.27,6.13,9.7,22.07,0.36,8.04,28.74,26.2,0.65,235.84,1004.4,14.12,76.99
278,2019-11-15 07:00:00,32.92,4.49,15.66,40.27,0.44,15.97,28.19,25.85,0.64,234.77,1004.9,14.07,77.37
279,2019-11-15 08:00:00,33.36,5.74,19.77,57.71,0.45,23.56,28.38,25.78,0.93,227.74,1004.93,14.24,76.57
280,2019-11-15 09:00:00,39.34,7.33,23.25,71.4,0.48,30.52,30.19,26.59,0.6,245.86,1005.04,15.8,73.01
281,2019-11-15 10:00:00,39.23,13.47,25.78,58.25,0.52,21.14,26.74,23.66,0.64,238.53,1005.02,18.53,62.46
282,2019-11-15 11:00:00,31.43,21.01,30.61,58.98,0.49,18.03,22.9,20.28,0.85,234.11,1004.39,20.31,53.3
283,2019-11-15 12:00:00,31.06,26.06,30.8,59.73,0.51,19.06,20.99,17.96,0.98,229.31,1003.9,20.95,49.86
284,2019-11-15 13:00:00,31.15,25.31,35.45,65.98,,20.41,20.11,17.39,1.13,227.33,1003.86,20.52,49.51
285,2019-11-15 14:00:00,32.78,17.74,47.11,79.58,0.5,21.36,22.11,18.85,0.94,232.58,1003.57,20.33,48.03
286,2019-11-15 15:00:00,38.44,15.03,49.07,75.96,0.51,17.98,23.62,19.94,1.07,225.12,1003.71,20.08,47.55
287,2019-11-15 16:00:00,41.11,24.31,37.29,53.42,0.48,9.98,26.42,22.53,1.42,226.31,1003.82,19.42,52.08
288,2019-11-15 17:00:00,40.86,25.87,33.47,46.73,0.47,9.8,28.44,24.81,1.44,229.54,1003.75,19.09,53.67
289,2019-11-15 18:00:00,34.8,21.35,27.79,43.53,0.43,10.33,25.9,22.89,1.48,228.47,1003.98,17.69,57.83
290,2019-11-15 19:00:00,31.7,26.78,20.46,30.94,0.39,6.81,23.62,20.59,1.73,222.37,1004.1,16.97,61.61
291,2019-11-15 20:00:00,28.19,30.07,19.76,30.05,0.38,6.75,22.18,19.64,2.11,223.32,1004.4,16.82,61.43
292,2019-11-15 21:00:00,24.43,33.68,17.59,28.2,0.35,6.95,19.85,17.5,2.29,222.97,1004.84,16.64,61.64
293,2019-11-15 22:00:00,23.86,33.63,16.16,26.11,0.36,6.49,18.96,16.89,2.05,224.08,1005.36,16.7,61.46
294,2019-11-15 23:00:00,21.3,35.38,14.42,22.72,0.31,5.42,16.74,14.66,1.92,222.85,1005.82,16.85,61.56
295,2019-11-16 00:00:00,19.45,35.74,13.54,21.97,0.3,5.48,15.49,13.09,2.11,220.95,1006.17,16.93,61.81
296,2019-11-16 01:00:00,17.74,39.78,9.89,15.88,0.27,3.94,14.05,11.85,1.86,223.1,1006.01,16.97,61.35
297,2019-11-16 02:00:00,17.74,39.77,8.58,14.36,0.27,3.75,13.51,11.04,1.63,225.27,1006.23,16.8,61.43
298,2019-11-16 03:00:00,16.41,41.19,8.02,12.67,0.25,3.21,12.14,10.15,1.39,229.78,1006.22,16.97,60.4
299,2019-11-16 04:00:00,15.21,44.16,6.78,11.14,0.23,2.84,11.34,9.33,2.51,221.88,1006.29,16.82,60.24
300,2019-11-16 05:00:00,14.51,43.41,7.32,11.6,0.24,2.79,11.38,9.47,2.55,220.7,1006.61,16.66,60.75
301,2019-11-16 06:00:00,14.62,39.22,11.16,19.08,0.24,5.18,11.36,9.55,2.35,220.07,1007.14,16.65,61.02
302,2019-11-16 07:00:00,15.62,37.01,14.18,20.54,0.25,4.12,11.11,8.96,2.53,221.18,1007.75,16.78,60.31
303,2019-11-16 08:00:00,19.9,36.75,17.56,26.68,0.28,5.91,11.0,8.61,1.65,227.44,1008.14,17.62,57.14
304,2019-11-16 09:00:00,19.65,36.08,,,0.29,,11.81,9.28,1.75,226.88,1008.23,18.15,55.23
305,2019-11-16 10:00:00,20.17,32.5,23.99,37.18,0.35,8.54,13.21,10.44,1.75,223.5,1008.24,18.56,54.32
306,2019-11-16 11:00:00,28.29,,30.33,59.67,0.38,19.33,14.57,11.09,1.62,222.41,1007.81,19.38,52.06
307,2019-11-16 12:00:00,33.01,31.01,35.59,71.48,0.36,21.99,15.73,11.23,1.8,224.2,1007.64,19.92,50.37
308,2019-11-16 13:00:00,35.62,28.12,36.32,61.09,0.38,16.11,16.55,12.19,1.62,224.41,1007.56,20.19,50.07
309,2019-11-16 14:00:00,29.27,,35.58,56.1,0.4,13.43,18.49,14.68,1.65,223.11,1007.67,20.25,50.89
310,2019-11-16 15:00:00,28.01,,30.14,47.83,0.39,11.58,18.63,15.63,2.11,222.45,1007.44,19.77,51.94
311,2019-11-16 16:00:00,31.92,,26.01,39.41,0.38,8.77,22.08,18.96,2.07,224.17,1007.35,19.01,54.13
312,2019-11-16 17:00:00,27.44,,24.28,35.73,0.39,7.46,22.39,20.29,2.32,223.15,1007.55,18.38,56.01
313,2019-11-16 18:00:00,27.29,,23.3,34.79,0.4,7.48,23.11,21.13,2.16,220.91,1007.44,17.91,57.12
314,2019-11-16 19:00:00,28.49,,24.49,40.51,0.43,10.41,24.62,22.75,2.28,222.93,1007.59,16.9,60.08
315,2019-11-16 20:00:00,29.05,,21.37,33.7,0.44,8.4,25.72,23.58,2.11,227.86,1007.85,16.19,62.29
316,2019-11-16 21:00:00,29.23,,19.75,33.65,0.46,9.1,24.46,22.56,1.95,224.97,1007.8,15.84,63.76
317,2019-11-16 22:00:00,25.49,,16.81,28.11,0.4,7.47,22.16,20.11,1.59,229.02,1007.72,15.96,63.48
318,2019-11-16 23:00:00,22.73,1.79,13.76,21.67,0.36,5.17,19.34,17.84,1.79,230.38,1007.93,16.07,62.6
319,2019-11-17 00:00:00,21.56,1.66,12.27,19.87,0.34,5.0,18.28,16.63,2.15,226.77,1007.74,15.66,63.81
320,2019-11-17 01:00:00,19.74,0.98,8.79,15.81,0.32,4.59,17.01,15.61,2.27,226.29,1007.73,14.96,65.8
321,2019-11-17 02:00:00,20.82,1.12,6.96,12.1,0.39,3.34,17.38,15.54,1.81,226.16,1007.61,14.42,68.48
322,2019-11-17 03:00:00,17.17,0.78,5.94,10.73,0.32,3.14,15.0,13.72,2.59,222.87,1007.28,14.1,70.1
323,2019-11-17 04:00:00,14.16,0.52,5.48,10.34,0.26,3.18,12.55,11.35,2.77,225.38,1007.11,14.01,70.45
324,2019-11-17 05:00:00,11.88,0.5,5.3,9.75,0.25,2.91,11.01,10.22,2.9,220.14,1007.15,13.87,70.42
325,2019-11-17 06:00:00,11.58,0.65,5.58,10.34,0.26,3.1,10.05,9.36,2.65,223.83,1007.11,13.8,69.33
326,2019-11-17 07:00:00,11.3,0.52,6.28,11.42,0.27,3.35,9.72,9.1,3.13,219.12,1007.17,13.69,69.71
327,2019-11-17 08:00:00,11.62,0.83,7.88,14.38,0.29,4.26,10.39,9.43,2.61,221.4,1007.52,14.26,68.11
328,2019-11-17 09:00:00,11.51,1.43,8.13,15.78,0.28,4.71,10.24,9.41,2.92,222.26,1007.28,15.03,64.76
329,2019-11-17 10:00:00,13.08,1.57,11.55,21.49,0.32,6.5,11.04,10.06,2.5,222.25,1006.79,16.48,60.77
330,2019-11-17 11:00:00,12.57,0.89,13.1,23.24,0.3,6.57,9.18,8.24,2.36,222.12,1006.29,18.15,54.41
331,2019-11-17 12:00:00,17.44,0.5,10.99,18.7,0.32,5.05,11.44,9.92,1.44,236.67,1005.93,17.91,54.24
332,2019-11-17 13:00:00,22.65,0.5,12.45,21.51,0.35,5.89,12.37,10.65,2.08,227.07,1005.65,17.34,56.32
333,2019-11-17 14:00:00,17.34,0.5,13.07,21.71,0.35,5.64,11.64,10.08,2.26,228.67,1005.36,16.76,56.44
334,2019-11-17 15:00:00,19.38,,12.71,20.9,0.35,5.31,12.03,10.19,2.4,226.33,1004.84,15.98,59.08
335,2019-11-17 16:00:00,21.04,,14.2,22.64,0.38,5.53,14.92,13.27,2.84,224.68,1004.74,15.44,62.75
336,2019-11-17 17:00:00,15.98,0.5,12.69,20.53,0.31,5.12,12.89,12.2,2.76,222.73,1004.67,15.1,65.35
337,2019-11-17 18:00:00,17.3,0.5,14.14,22.68,0.32,5.58,13.74,12.76,1.97,230.25,1004.78,15.31,65.8
338,2019-11-17 19:00:00,13.59,,12.76,20.29,0.31,4.94,10.99,10.03,2.44,226.33,1004.31,15.49,65.69
339,2019-11-17 20:00:00,12.95,,12.73,20.85,0.3,5.3,11.07,10.0,2.85,221.47,1004.07,15.46,66.26
340,2019-11-17 21:00:00,13.21,,9.92,16.71,0.29,4.41,11.81,10.74,2.51,223.74,1003.81,15.53,66.87
341,2019-11-17 22:00:00,14.69,,9.39,15.97,0.3,4.29,13.63,11.87,2.95,220.55,1003.61,15.33,68.1
342,2019-11-17 23:00:00,14.75,,7.67,13.53,0.28,3.86,13.03,11.92,2.95,222.54,1003.41,15.28,68.82
343,2019-11-18 00:00:00,14.18,,5.34,9.61,0.27,2.82,13.34,12.26,2.58,219.36,1003.16,15.2,69.77
344,2019-11-18 01:00:00,14.72,,3.75,7.75,0.26,2.61,13.64,12.64,2.66,220.85,1002.97,15.26,69.21
345,2019-11-18 02:00:00,14.56,,3.6,8.64,0.25,3.3,13.17,12.32,2.58,222.81,1002.62,15.48,68.19
346,2019-11-18 03:00:00,14.2,,3.73,7.81,0.25,2.64,13.26,12.44,2.16,224.79,1002.59,15.67,67.19
347,2019-11-18 04:00:00,13.81,,3.87,7.72,0.25,2.52,12.89,11.99,1.04,243.11,1002.42,15.78,66.99
348,2019-11-18 05:00:00,13.11,,7.14,12.06,0.25,3.2,11.83,11.04,1.53,225.73,1002.23,15.69,66.84
349,2019-11-18 06:00:00,11.51,0.5,9.16,14.72,0.29,3.67,10.55,9.93,2.43,224.14,1002.87,15.63,67.61
350,2019-11-18 07:00:00,13.45,1.44,18.53,31.21,0.36,8.64,11.68,10.67,2.14,223.01,1003.51,15.93,66.23
351,2019-11-18 08:00:00,16.6,1.44,20.32,34.55,0.37,9.26,12.38,11.51,2.06,223.91,1004.54,16.36,64.68
352,2019-11-18 09:00:00,20.93,1.92,25.46,45.22,0.4,12.91,15.71,14.34,1.97,223.4,1005.5,17.01,63.17
353,2019-11-18 10:00:00,28.53,1.45,28.51,50.04,0.4,14.28,18.08,16.09,1.73,224.63,1006.07,18.12,59.82
354,2019-11-18 11:00:00,30.01,1.55,32.62,61.12,0.44,19.08,19.14,16.98,1.31,227.38,1006.33,19.31,55.98
355,2019-11-18 12:00:00,22.88,,35.46,59.32,0.37,15.64,10.72,8.32,0.69,225.99,1006.75,21.9,41.43
356,2019-11-18 13:00:00,23.87,,13.41,20.75,0.29,4.98,11.53,9.83,1.28,13.96,1007.56,20.01,46.3
357,2019-11-18 14:00:00,12.61,,13.96,20.47,,4.23,5.73,4.36,0.96,14.19,1008.12,19.73,43.15
358,2019-11-18 15:00:00,26.99,7.74,27.26,35.87,0.32,5.45,9.73,7.08,0.39,16.86,1008.49,19.74,42.61
359,2019-11-18 16:00:00,36.59,19.78,52.47,73.32,0.5,13.45,18.8,16.02,0.46,70.57,1009.19,19.66,42.92
360,2019-11-18 17:00:00,63.82,6.47,50.06,91.19,0.59,26.84,39.17,34.16,0.24,33.7,1009.81,17.96,51.69
361,2019-11-18 18:00:00,40.55,10.81,33.85,53.28,0.48,12.9,32.78,30.22,0.37,27.58,1010.16,16.98,60.45
362,2019-11-18 19:00:00,29.03,19.47,19.48,28.56,0.4,5.97,25.8,24.4,0.6,247.17,1010.68,15.59,65.92
363,2019-11-18 20:00:00,27.59,19.2,15.64,23.85,0.37,5.38,23.92,22.89,0.25,284.46,1011.11,14.99,68.95
364,2019-11-18 21:00:00,33.85,14.0,18.72,30.28,0.42,6.81,28.87,26.82,0.11,330.39,1011.62,15.12,68.79
365,2019-11-18 22:00:00,33.41,14.13,16.57,27.75,0.42,7.35,28.56,26.25,0.21,295.33,1011.77,14.74,68.84
366,2019-11-18 23:00:00,34.08,16.63,15.43,24.79,0.55,6.14,27.23,24.87,1.14,220.31,1011.67,14.34,71.15
367,2019-11-19 00:00:00,32.4,21.32,12.12,18.73,0.47,4.33,26.12,23.92,0.18,298.89,1011.91,14.54,70.21
368,2019-11-19 01:00:00,28.49,22.76,9.6,15.71,0.36,4.01,25.34,23.93,0.25,6.02,1012.18,14.49,68.03
369,2019-11-19 02:00:00,21.85,24.53,8.11,13.41,0.32,3.48,19.51,18.31,0.21,306.82,1012.08,14.29,67.71
370,2019-11-19 03:00:00,18.82,30.45,5.6,10.55,0.3,3.24,17.26,15.99,1.71,223.3,1012.02,13.88,69.04
371,2019-11-19 04:00:00,16.24,33.55,7.85,12.5,0.28,3.01,14.89,13.66,1.81,222.79,1011.98,13.79,69.57
372,2019-11-19 05:00:00,16.59,35.87,8.39,13.44,0.27,3.31,14.43,13.19,1.84,219.29,1012.12,14.0,67.47
373,2019-11-19 06:00:00,19.05,20.99,20.84,35.81,0.33,9.72,16.7,15.34,1.6,223.78,1012.6,13.65,67.95
374,2019-11-19 07:00:00,24.2,20.07,23.68,43.37,0.41,12.68,18.15,16.58,1.66,227.05,1012.79,13.89,68.92
375,2019-11-19 08:00:00,23.99,23.07,21.07,39.64,0.4,12.19,20.0,18.15,1.87,225.91,1012.75,14.49,67.04
376,2019-11-19 09:00:00,26.49,29.66,20.5,37.33,0.39,11.33,20.91,18.41,2.41,222.81,1012.52,15.42,65.92
377,2019-11-19 10:00:00,27.39,38.09,,,0.36,,19.66,17.6,2.32,222.39,1012.34,17.01,61.61
378,2019-11-19 11:00:00,30.23,41.37,19.84,33.67,0.39,8.99,22.42,20.12,1.96,223.16,1011.61,18.5,55.94
379,2019-11-19 12:00:00,27.49,,24.91,39.78,0.4,9.74,20.76,18.72,1.52,226.2,1011.2,19.03,53.98
380,2019-11-19 13:00:00,32.15,37.17,27.11,41.67,0.38,8.77,21.56,18.84,0.96,229.28,1010.73,19.98,50.66
381,2019-11-19 14:00:00,31.95,43.1,24.13,34.55,0.39,6.77,21.67,18.63,1.05,232.5,1010.34,19.83,49.3
382,2019-11-19 15:00:00,40.56,39.58,29.88,42.26,0.39,8.03,24.93,21.32,1.48,225.4,1010.18,19.03,50.95
383,2019-11-19 16:00:00,34.92,30.08,29.93,40.68,0.4,7.1,24.4,21.64,0.84,238.52,1010.24,18.24,54.46
384,2019-11-19 17:00:00,31.28,29.15,23.02,34.47,0.45,7.5,24.34,22.15,1.73,226.35,1010.21,16.4,61.05
385,2019-11-19 18:00:00,29.91,30.7,19.35,29.05,0.41,6.3,24.28,22.5,1.28,236.46,1010.33,15.51,64.77
386,2019-11-19 19:00:00,33.5,32.03,19.79,28.78,0.47,5.85,24.97,22.98,0.97,245.08,1010.31,15.44,63.56
387,2019-11-19 20:00:00,28.77,35.53,17.47,25.05,0.43,4.97,23.37,21.49,0.22,254.44,1010.18,15.43,63.01
388,2019-11-19 21:00:00,24.55,41.83,12.91,19.36,0.36,4.17,21.02,19.24,0.59,261.79,1009.85,15.4,62.2
389,2019-11-19 22:00:00,22.99,43.92,11.63,18.18,0.37,4.28,19.95,18.33,1.65,233.56,1009.46,14.96,64.64
390,2019-11-19 23:00:00,17.62,44.78,7.83,12.78,0.32,3.25,14.23,13.17,1.02,236.73,1008.98,14.7,65.37
391,2019-11-20 00:00:00,10.88,45.06,5.15,9.82,0.29,3.06,8.7,7.69,1.81,232.79,1008.46,14.41,66.03
392,2019-11-20 01:00:00,8.96,44.27,3.59,7.25,0.27,2.37,7.14,6.32,1.22,246.57,1008.08,14.5,66.04
393,2019-11-20 02:00:00,8.14,43.76,3.16,7.13,0.27,2.59,6.64,5.94,0.88,250.23,1007.54,14.66,66.09
394,2019-11-20 03:00:00,13.14,46.89,2.69,6.49,0.27,2.5,11.21,9.92,1.63,233.83,1006.75,14.63,67.51
395,2019-11-20 04:00:00,20.48,42.23,4.3,7.99,0.38,2.39,16.32,14.35,0.93,234.04,1006.11,15.03,67.02
396,2019-11-20 05:00:00,23.24,36.85,4.85,8.89,0.31,2.62,18.22,16.33,1.56,243.11,1005.37,14.87,69.82
397,2019-11-20 06:00:00,25.72,39.06,7.55,12.45,0.32,3.22,19.5,17.55,2.06,227.84,1004.94,14.91,69.29
398,2019-11-20 07:00:00,24.32,34.84,11.24,18.59,0.35,4.73,18.18,16.02,2.3,227.61,1004.72,15.05,69.22
399,2019-11-20 08:00:00,32.11,34.63,13.84,22.01,0.37,5.34,22.05,19.72,2.12,227.53,1004.86,15.43,67.9
400,2019-11-20 09:00:00,25.56,31.21,16.44,26.09,0.39,6.31,18.68,16.79,2.22,224.48,1005.0,15.63,67.62
401,2019-11-20 10:00:00,17.8,20.95,14.82,26.47,0.38,7.62,15.29,14.33,2.1,231.98,1004.97,14.89,73.88
402,2019-11-20 11:00:00,11.2,18.87,13.38,25.48,0.35,7.9,10.0,9.42,1.96,228.28,1004.47,14.53,78.38
403,2019-11-20 12:00:00,15.44,23.26,14.72,28.02,0.45,8.7,12.9,11.87,1.8,224.53,1003.97,15.23,75.83
404,2019-11-20 13:00:00,18.04,36.14,16.1,28.76,0.39,8.26,13.87,12.54,2.52,221.7,1003.5,16.6,68.03
405,2019-11-20 14:00:00,23.13,35.68,21.13,32.78,0.4,7.56,18.4,16.94,1.72,226.92,1003.72,17.61,62.28
406,2019-11-20 15:00:00,23.47,40.77,26.04,39.15,0.38,9.1,18.78,17.19,2.21,225.11,1003.63,17.43,59.89
407,2019-11-20 16:00:00,23.96,21.3,32.4,47.96,0.47,10.15,19.92,18.35,1.84,222.61,1003.6,16.96,61.47
408,2019-11-20 17:00:00,22.54,30.48,23.37,33.31,0.44,6.57,19.88,18.45,1.78,220.13,1003.7,16.48,63.19
409,2019-11-20 18:00:00,19.53,30.61,26.32,38.45,0.39,7.87,16.85,15.67,1.9,221.7,1003.97,16.48,62.31
410,2019-11-20 19:00:00,20.26,27.55,29.87,44.38,0.43,9.45,17.02,15.87,1.65,220.64,1004.14,16.26,62.2
411,2019-11-20 20:00:00,22.57,26.33,31.09,49.58,0.43,12.22,19.3,17.68,1.46,231.24,1004.37,15.88,62.44
412,2019-11-20 21:00:00,22.03,32.3,24.52,37.28,0.42,7.93,19.25,17.43,1.49,221.83,1004.64,15.61,61.89
413,2019-11-20 22:00:00,20.37,37.84,21.07,31.78,0.41,6.92,16.47,14.4,1.42,225.01,1004.99,15.49,60.26
414,2019-11-20 23:00:00,17.88,40.77,18.66,27.22,0.37,5.64,14.49,12.0,1.46,223.13,1005.34,15.49,58.12
415,2019-11-21 00:00:00,17.79,42.05,15.76,24.21,0.34,5.31,14.19,11.81,1.48,224.23,1005.52,15.36,58.43
416,2019-11-21 01:00:00,17.81,49.4,11.91,20.42,0.29,5.0,12.72,10.32,1.95,220.56,1005.72,15.32,57.1
417,2019-11-21 02:00:00,16.71,52.01,9.37,14.55,0.29,3.38,12.77,9.94,1.51,225.75,1005.73,15.52,55.36
418,2019-11-21 03:00:00,15.69,54.34,7.45,11.77,0.27,2.82,10.6,8.13,1.48,222.07,1005.56,15.46,53.7
419,2019-11-21 04:00:00,15.89,53.66,7.51,11.95,0.27,2.87,10.56,7.63,1.66,220.8,1005.59,14.97,55.22
420,2019-11-21 05:00:00,16.03,47.96,9.2,14.08,0.27,3.19,11.75,9.1,2.02,224.24,1005.86,14.4,58.98
421,2019-11-21 06:00:00,18.3,32.21,13.8,21.18,0.34,4.75,15.95,14.1,2.16,221.69,1006.02,13.97,67.32
422,2019-11-21 07:00:00,20.53,21.75,21.33,38.78,0.41,11.39,17.89,16.53,2.29,223.7,1006.48,13.86,70.11
423,2019-11-21 08:00:00,23.55,26.24,20.77,36.5,0.39,10.26,19.38,17.69,1.65,229.15,1006.92,14.82,68.12
424,2019-11-21 09:00:00,23.12,30.45,20.97,39.22,0.41,12.17,18.78,17.24,1.94,222.75,1006.84,15.87,65.4
425,2019-11-21 10:00:00,20.79,38.1,18.27,32.16,0.38,9.03,16.99,15.33,1.92,224.78,1006.82,17.38,60.27
426,2019-11-21 11:00:00,24.08,42.69,17.65,29.7,0.34,7.84,16.48,14.86,1.62,225.74,1006.44,18.52,55.42
427,2019-11-21 12:00:00,24.01,46.04,16.97,28.91,0.34,7.81,17.11,15.13,1.61,228.47,1006.13,19.31,52.34
428,2019-11-21 13:00:00,23.74,38.28,18.78,29.96,0.35,7.33,15.17,13.29,0.82,249.34,1005.67,19.16,53.07
429,2019-11-21 14:00:00,16.51,30.52,16.15,25.41,0.34,6.03,10.83,9.63,0.91,246.6,1005.64,17.78,58.28
430,2019-11-21 15:00:00,14.22,25.83,16.48,26.39,,6.45,9.82,8.85,1.4,224.88,1005.72,16.59,61.39
431,2019-11-21 16:00:00,13.32,22.3,15.82,25.33,0.35,6.22,9.48,8.41,1.54,234.51,1005.99,15.45,65.09
432,2019-11-21 17:00:00,11.64,20.05,13.26,22.35,0.35,5.89,10.16,9.38,1.66,235.86,1006.1,14.28,69.33
433,2019-11-21 18:00:00,11.49,18.29,13.08,23.13,0.33,6.55,10.27,9.52,1.68,233.85,1006.2,13.48,71.08
434,2019-11-21 19:00:00,9.47,17.34,12.9,21.81,0.33,5.81,8.86,8.47,1.42,235.92,1006.17,13.19,70.95
435,2019-11-21 20:00:00,15.88,15.04,15.66,26.67,0.68,7.17,12.51,11.17,1.69,231.55,1006.29,13.07,70.97
436,2019-11-21 21:00:00,14.88,16.57,13.97,24.44,0.54,6.84,11.23,9.44,1.79,226.71,1006.54,12.94,70.52
437,2019-11-21 22:00:00,9.88,18.99,11.86,20.29,0.41,5.54,7.25,6.36,1.81,227.98,1006.58,12.75,70.45
438,2019-11-21 23:00:00,6.41,22.57,9.31,15.91,0.39,4.35,5.05,4.04,2.28,224.13,1006.79,12.49,69.53
439,2019-11-22 00:00:00,3.14,25.15,6.64,12.63,0.32,3.88,2.66,2.31,2.09,228.65,1006.91,12.17,69.22
440,2019-11-22 01:00:00,5.89,24.65,5.68,10.52,0.38,3.16,3.55,2.5,1.24,247.86,1007.0,11.96,67.8
441,2019-11-22 02:00:00,8.18,26.13,5.41,9.79,0.39,2.86,3.39,2.34,1.79,230.1,1006.92,11.67,66.25
442,2019-11-22 03:00:00,4.03,30.51,3.45,7.08,0.29,2.38,1.82,1.32,1.95,226.5,1006.94,11.14,65.49
443,2019-11-22 04:00:00,2.56,29.77,4.76,8.94,0.33,2.73,1.62,1.11,2.25,225.51,1007.15,10.63,65.84
444,2019-11-22 05:00:00,2.32,29.67,5.7,10.29,0.3,2.97,1.46,1.01,2.07,224.73,1007.43,10.36,65.14
445,2019-11-22 06:00:00,2.99,26.15,9.5,15.64,0.29,3.97,1.57,1.27,2.43,222.0,1007.71,9.97,65.54
446,2019-11-22 07:00:00,3.99,23.25,12.89,27.5,0.32,8.98,2.52,1.95,2.67,224.51,1008.24,9.83,64.98
447,2019-11-22 08:00:00,7.39,24.33,14.48,28.47,0.32,9.14,3.35,2.62,2.5,220.8,1008.77,10.08,63.75
448,2019-11-22 09:00:00,10.45,26.87,12.28,25.71,0.33,8.77,4.83,3.87,2.49,225.39,1009.01,10.54,61.78
449,2019-11-22 10:00:00,13.18,28.02,12.85,25.95,0.33,8.6,6.95,4.92,1.22,246.39,1009.3,11.65,57.8
450,2019-11-22 11:00:00,10.33,28.57,,,0.32,,5.46,4.61,0.87,237.96,1009.54,12.66,53.49
451,2019-11-22 12:00:00,10.68,28.6,12.96,26.26,0.34,8.67,5.81,4.93,0.78,267.41,1009.16,12.71,52.11
452,2019-11-22 13:00:00,11.9,,13.88,26.81,0.33,8.43,6.53,5.43,1.41,234.15,1008.85,11.93,53.33
453,2019-11-22 14:00:00,10.35,28.13,13.43,24.52,0.33,7.25,6.22,5.34,1.2,235.43,1008.72,11.34,54.32
454,2019-11-22 15:00:00,14.96,24.67,15.87,27.7,0.33,7.71,7.39,6.05,1.62,233.15,1008.65,10.48,55.7
455,2019-11-22 16:00:00,11.38,21.8,17.23,29.72,0.37,8.03,8.55,7.74,1.64,231.84,1008.82,9.43,57.74
456,2019-11-22 17:00:00,10.95,22.85,16.44,26.65,0.37,6.65,8.22,7.74,1.57,233.98,1008.99,8.86,58.74
457,2019-11-22 18:00:00,9.33,24.21,14.47,24.44,0.36,6.43,7.09,6.8,1.66,234.74,1009.18,8.07,60.81
458,2019-11-22 19:00:00,10.77,22.61,14.76,25.51,0.38,6.8,8.39,8.1,1.79,226.72,1009.4,7.79,62.43
459,2019-11-22 20:00:00,10.39,22.08,13.58,24.71,0.38,6.82,8.14,7.69,0.89,231.58,1009.77,7.68,62.29
460,2019-11-22 21:00:00,9.98,22.16,13.52,23.02,0.37,6.16,8.28,7.63,0.95,257.62,1009.79,7.49,60.56
461,2019-11-22 22:00:00,8.95,24.59,10.74,19.51,0.35,5.73,5.92,5.48,2.18,231.37,1009.47,6.96,60.97
462,2019-11-22 23:00:00,5.87,25.4,9.3,17.42,0.33,5.3,4.38,4.05,2.34,226.35,1009.24,6.68,61.08
463,2019-11-23 00:00:00,5.08,26.47,7.11,12.89,0.32,3.8,3.65,3.1,2.31,228.37,1009.12,6.52,61.41
464,2019-11-23 01:00:00,3.23,25.83,6.51,12.89,0.31,4.16,2.98,2.6,2.0,233.53,1009.25,6.3,61.68
465,2019-11-23 02:00:00,3.34,25.9,5.64,10.19,0.3,2.98,2.7,2.24,2.23,232.25,1008.99,5.91,62.75
466,2019-11-23 03:00:00,3.1,24.08,6.31,11.89,0.3,3.63,2.24,2.0,3.0,223.44,1008.85,5.61,64.25
467,2019-11-23 04:00:00,2.94,23.43,6.0,10.7,0.29,3.06,2.35,2.17,2.95,221.97,1008.92,5.46,65.02
468,2019-11-23 05:00:00,3.05,21.79,7.13,12.31,0.29,3.36,2.82,2.55,3.02,223.71,1008.89,5.4,65.47
469,2019-11-23 06:00:00,4.24,19.41,9.2,16.08,0.3,4.44,3.33,3.21,3.22,221.9,1008.9,5.46,65.95
470,2019-11-23 07:00:00,6.16,19.04,9.95,18.24,0.32,5.42,5.14,4.44,2.99,222.0,1009.12,5.67,66.12
471,2019-11-23 08:00:00,8.36,21.58,9.51,20.51,0.33,7.18,6.67,6.08,3.23,223.61,1009.25,6.29,65.18
472,2019-11-23 09:00:00,11.14,22.37,10.71,25.42,0.39,9.55,9.04,8.35,2.42,227.62,1009.5,7.69,62.4
473,2019-11-23 10:00:00,14.23,26.05,10.72,29.76,0.4,11.77,11.82,9.86,2.31,227.92,1009.38,9.5,57.85
474,2019-11-23 11:00:00,14.6,27.61,11.3,25.84,0.38,9.35,10.84,9.96,2.27,229.2,1008.76,10.83,55.15
475,2019-11-23 12:00:00,16.8,28.23,13.45,27.62,0.38,9.23,11.92,10.82,1.91,227.48,1008.05,12.03,52.24
476,2019-11-23 13:00:00,18.09,28.38,14.39,26.93,0.39,8.16,13.06,11.61,1.39,240.82,1007.44,12.62,50.46
477,2019-11-23 14:00:00,21.77,25.14,17.25,31.69,0.42,9.36,14.71,13.52,0.85,244.9,1007.26,12.24,50.96
478,2019-11-23 15:00:00,23.86,20.57,18.26,31.26,0.44,8.49,16.16,14.71,0.8,266.09,1007.18,10.31,54.26
479,2019-11-23 16:00:00,22.2,18.8,18.24,31.94,0.46,8.96,16.17,14.74,1.46,232.68,1007.0,8.93,58.5
480,2019-11-23 17:00:00,21.82,21.32,14.51,26.23,0.48,7.63,16.47,15.21,2.45,222.53,1006.98,7.46,63.35
481,2019-11-23 18:00:00,16.09,22.83,12.93,24.22,0.44,7.35,14.04,12.79,3.04,220.06,1007.1,6.74,66.78
482,2019-11-23 19:00:00,13.54,24.04,13.02,24.98,0.38,7.83,12.88,12.21,2.85,222.32,1007.4,6.6,68.13
483,2019-11-23 20:00:00,13.6,25.35,12.76,24.17,0.39,7.45,11.85,11.27,3.23,221.47,1007.54,6.72,67.91
484,2019-11-23 21:00:00,12.64,26.9,11.78,22.69,0.39,7.16,11.72,11.32,3.22,223.42,1007.59,6.7,68.17
485,2019-11-23 22:00:00,10.12,28.11,10.15,19.72,0.37,6.24,9.48,9.07,2.9,226.82,1007.48,6.72,68.22
486,2019-11-23 23:00:00,8.98,28.03,8.68,16.48,0.35,5.06,8.35,8.11,2.72,224.78,1007.48,6.89,67.65
487,2019-11-24 00:00:00,8.69,26.58,8.44,16.75,0.34,5.28,8.17,7.68,2.65,229.11,1007.37,6.81,67.52
488,2019-11-24 01:00:00,7.98,27.02,7.05,13.06,0.33,4.01,7.69,7.24,2.39,224.28,1007.26,6.8,67.88
489,2019-11-24 02:00:00,7.15,27.07,5.6,11.11,0.32,3.61,7.02,6.65,2.76,226.35,1006.83,6.53,68.54
490,2019-11-24 03:00:00,6.68,26.52,5.42,12.33,0.34,4.36,6.5,6.13,3.0,218.93,1006.55,6.35,69.63
491,2019-11-24 04:00:00,6.95,26.44,5.63,10.4,0.31,3.12,6.57,6.13,3.12,220.96,1006.58,6.59,69.84
492,2019-11-24 05:00:00,7.29,24.72,7.35,12.08,0.31,3.09,7.22,6.55,2.73,222.58,1006.46,6.98,69.16
493,2019-11-24 06:00:00,8.5,23.76,8.6,13.79,0.31,3.38,7.62,7.06,3.01,222.02,1006.5,7.23,68.79
494,2019-11-24 07:00:00,8.37,25.48,8.07,13.96,0.31,3.85,7.79,7.33,2.36,222.49,1006.79,7.44,68.27
495,2019-11-24 08:00:00,10.26,27.3,9.12,18.19,0.35,5.97,9.27,8.7,2.41,229.56,1007.07,8.2,66.56
496,2019-11-24 09:00:00,13.67,32.09,8.31,16.88,0.35,5.59,11.51,10.8,2.1,229.2,1007.18,9.74,63.1
497,2019-11-24 10:00:00,15.57,35.83,9.57,18.43,0.38,5.76,12.28,10.9,1.37,255.84,1007.11,11.57,58.25
498,2019-11-24 11:00:00,17.87,38.01,10.81,20.67,0.38,6.46,15.11,12.91,0.99,249.4,1006.62,13.37,54.2
499,2019-11-24 12:00:00,16.64,37.97,11.98,21.28,0.36,6.07,12.62,11.19,0.61,25.99,1006.32,15.51,48.23
500,2019-11-24 13:00:00,24.78,37.25,13.51,22.95,0.4,6.13,17.35,15.82,0.33,347.05,1005.71,15.16,47.26
501,2019-11-24 14:00:00,27.04,30.69,15.17,24.71,0.46,6.23,19.5,18.25,0.26,263.5,1005.37,13.1,50.63
502,2019-11-24 15:00:00,29.93,20.53,16.91,27.08,0.49,6.61,22.81,21.23,0.69,240.11,1005.13,11.14,56.12
503,2019-11-24 16:00:00,27.65,16.32,15.8,25.62,,6.42,21.38,20.3,1.25,240.54,1005.1,9.44,62.35
504,2019-11-24 17:00:00,25.96,15.4,15.7,26.28,0.61,6.89,20.36,19.17,1.04,246.93,1005.34,8.69,65.34
505,2019-11-24 18:00:00,20.34,17.54,14.52,23.69,0.5,5.97,17.79,16.59,0.81,266.31,1005.45,8.44,66.63
506,2019-11-24 19:00:00,16.43,21.3,14.37,23.54,0.45,5.97,15.14,14.97,0.87,256.93,1005.34,8.55,65.87
507,2019-11-24 20:00:00,14.91,21.47,13.85,23.84,0.44,6.3,13.97,13.7,1.31,245.44,1005.17,8.39,66.18
508,2019-11-24 21:00:00,15.02,20.57,12.77,21.15,0.47,5.48,14.4,13.89,0.85,247.98,1005.0,8.58,65.93
509,2019-11-24 22:00:00,12.16,20.78,11.73,19.19,0.44,4.89,11.8,11.7,0.7,253.31,1004.85,8.6,65.85
510,2019-11-24 23:00:00,8.66,22.88,8.46,14.39,0.42,3.88,7.84,7.55,0.99,244.81,1004.74,8.47,66.08
511,2019-11-25 00:00:00,7.06,24.81,6.25,11.29,0.36,3.3,6.79,6.7,1.9,228.67,1004.35,8.24,68.06
512,2019-11-25 01:00:00,6.22,25.99,5.55,10.86,0.35,3.48,6.04,5.79,1.66,230.34,1004.29,8.37,68.79
513,2019-11-25 02:00:00,5.88,26.15,4.27,8.59,0.34,2.81,5.61,5.34,1.17,239.13,1003.92,8.37,68.71
514,2019-11-25 03:00:00,5.73,23.23,4.85,9.16,0.33,2.83,5.55,5.38,1.01,250.34,1003.68,8.21,68.47
515,2019-11-25 04:00:00,5.36,22.26,4.93,9.05,0.33,2.67,5.07,4.83,0.64,239.81,1003.78,8.41,68.8
516,2019-11-25 05:00:00,4.94,20.08,6.49,10.84,0.35,2.83,4.8,4.57,0.36,259.14,1003.82,9.0,67.27
517,2019-11-25 06:00:00,6.33,13.25,11.81,19.3,0.38,4.85,5.81,5.38,0.71,245.38,1003.98,8.9,67.6
518,2019-11-25 07:00:00,11.54,9.76,17.3,36.44,0.49,12.43,10.51,9.32,1.71,228.43,1004.05,8.74,69.69
519,2019-11-25 08:00:00,16.15,12.96,19.2,42.8,0.49,15.79,13.61,12.8,1.61,225.85,1004.3,9.7,68.93
520,2019-11-25 09:00:00,17.84,20.48,17.24,36.21,0.45,12.39,14.04,12.49,1.23,240.2,1004.49,11.21,64.85
521,2019-11-25 10:00:00,16.66,29.63,16.0,32.14,0.43,10.49,12.91,12.09,1.47,226.43,1004.29,13.42,58.76
522,2019-11-25 11:00:00,15.46,34.89,14.0,25.73,0.43,7.65,11.56,10.52,1.54,230.29,1003.6,14.88,54.85
523,2019-11-25 12:00:00,18.55,37.94,,,0.41,,11.85,10.31,1.52,227.11,1003.04,15.57,53.38
524,2019-11-25 13:00:00,18.77,36.2,14.97,25.44,0.41,6.8,11.83,9.94,0.99,240.31,1002.53,16.09,51.74
525,2019-11-25 14:00:00,15.32,,15.25,25.85,0.41,6.92,11.11,10.23,1.11,239.65,1002.54,15.12,54.9
526,2019-11-25 15:00:00,18.18,24.06,18.23,28.83,0.38,6.89,9.69,8.34,0.47,249.02,1002.84,14.09,58.96
527,2019-11-25 16:00:00,18.83,16.53,22.47,34.36,0.4,7.76,15.66,14.92,0.36,267.79,1003.11,13.01,63.14
528,2019-11-25 17:00:00,13.43,15.42,21.86,34.1,0.41,7.95,12.48,11.88,0.24,349.65,1003.14,12.65,66.27
529,2019-11-25 18:00:00,13.55,15.5,20.05,32.39,0.41,8.12,12.27,11.95,0.54,270.31,1003.12,12.43,67.39
530,2019-11-25 19:00:00,11.37,20.67,13.65,22.81,0.39,5.97,10.93,11.12,1.18,247.41,1003.15,12.02,69.8
531,2019-11-25 20:00:00,11.37,17.17,14.64,25.33,0.41,6.98,11.21,10.43,1.43,236.47,1003.3,11.9,71.53
532,2019-11-25 21:00:00,11.76,16.3,12.26,21.74,0.43,6.19,10.94,11.38,0.95,244.94,1003.41,12.14,71.86
533,2019-11-25 22:00:00,14.06,11.34,16.06,27.3,0.47,7.26,13.65,13.03,0.09,31.51,1003.58,13.2,67.87
534,2019-11-25 23:00:00,13.65,10.54,15.92,26.53,0.42,6.99,12.42,11.24,0.13,269.79,1003.84,13.19,65.58
535,2019-11-26 00:00:00,13.63,16.8,9.63,16.48,0.38,4.51,12.84,12.01,0.42,266.51,1003.72,12.72,68.63
536,2019-11-26 01:00:00,15.84,22.56,5.32,10.42,0.34,3.35,15.35,14.24,0.12,329.99,1003.73,13.13,68.6
537,2019-11-26 02:00:00,14.43,21.08,7.67,13.82,0.33,4.02,13.68,12.93,0.17,336.79,1003.65,13.32,67.26
538,2019-11-26 03:00:00,14.37,32.93,4.27,8.64,0.3,2.87,13.58,12.66,0.59,244.37,1003.54,12.98,66.74
539,2019-11-26 04:00:00,13.44,39.63,3.38,7.62,0.3,2.76,12.37,11.36,0.78,233.83,1003.44,12.88,66.95
540,2019-11-26 05:00:00,17.76,29.83,9.46,14.95,0.29,3.46,15.47,13.94,0.25,38.63,1003.56,13.77,64.57
541,2019-11-26 06:00:00,52.2,7.66,21.2,50.22,0.59,19.81,47.28,44.79,0.61,242.47,1003.85,12.18,64.71
542,2019-11-26 07:00:00,79.63,2.22,17.03,88.03,0.9,46.12,71.53,66.2,0.82,251.82,1004.3,9.88,70.1
543,2019-11-26 08:00:00,88.96,2.92,18.78,103.25,0.94,55.07,70.73,66.8,0.43,338.12,1004.54,10.27,70.98
544,2019-11-26 09:00:00,76.77,3.36,21.83,96.83,0.86,48.93,63.52,60.16,0.37,347.52,1004.73,11.11,68.71
545,2019-11-26 10:00:00,78.12,4.22,28.96,105.64,0.87,50.15,62.32,58.09,0.5,48.07,1004.67,13.01,64.45
546,2019-11-26 11:00:00,27.76,25.23,28.53,58.49,0.49,19.66,19.67,17.34,0.37,255.52,1004.22,14.72,58.7
547,2019-11-26 12:00:00,17.09,37.36,21.03,36.8,0.42,10.25,10.6,9.78,0.67,243.25,1003.81,15.77,54.27
548,2019-11-26 13:00:00,18.38,37.09,22.92,38.16,0.42,9.94,10.31,8.95,0.58,229.69,1003.42,15.82,52.95
549,2019-11-26 14:00:00,17.57,32.46,27.23,45.88,0.41,12.15,12.42,11.43,0.44,264.21,1003.46,15.52,53.68
550,2019-11-26 15:00:00,19.83,26.67,30.47,46.6,0.4,10.51,13.89,12.32,0.25,286.86,1003.7,14.61,55.97
551,2019-11-26 16:00:00,26.74,22.13,32.52,46.3,0.49,9.0,20.61,19.44,0.9,239.1,1003.94,13.4,59.62
552,2019-11-26 17:00:00,29.6,18.79,31.67,48.18,0.53,10.55,26.0,24.69,1.15,226.05,1004.08,12.79,61.94
553,2019-11-26 18:00:00,37.69,10.23,38.22,57.18,0.66,12.41,33.16,31.62,0.19,265.43,1004.05,12.76,62.38
554,2019-11-26 19:00:00,34.39,11.36,33.49,51.22,0.67,11.61,27.82,25.85,0.39,247.69,1004.11,12.31,63.21
555,2019-11-26 20:00:00,29.12,8.2,34.21,52.78,0.61,12.09,26.08,24.37,0.09,289.68,1003.84,11.87,64.79
556,2019-11-26 21:00:00,33.27,9.2,29.16,48.89,0.63,12.69,30.67,28.82,0.31,236.6,1003.82,11.22,66.57
557,2019-11-26 22:00:00,30.88,4.19,30.1,55.7,0.6,16.61,26.75,25.12,0.31,62.14,1003.85,11.36,66.03
558,2019-11-26 23:00:00,41.57,2.59,30.87,77.93,0.75,30.78,36.75,34.68,0.17,44.39,1003.59,11.03,65.83
559,2019-11-27 00:00:00,48.25,4.32,23.38,41.57,0.64,11.91,44.59,43.54,0.23,36.72,1003.16,10.5,66.87
560,2019-11-27 01:00:00,33.69,6.44,17.51,30.24,0.58,8.32,31.34,30.37,0.19,51.03,1002.99,10.15,68.33
561,2019-11-27 02:00:00,26.51,10.38,11.36,19.69,0.5,5.47,25.48,24.88,0.1,24.98,1002.47,9.78,69.2
562,2019-11-27 03:00:00,22.45,11.75,10.08,20.75,0.45,6.95,21.53,21.07,0.59,233.43,1002.06,9.39,70.47
563,2019-11-27 04:00:00,19.11,12.84,9.22,16.75,0.42,4.91,18.71,17.9,0.4,241.72,1002.02,9.18,72.16
564,2019-11-27 05:00:00,19.54,8.42,14.32,24.34,0.42,6.45,18.82,18.44,0.45,245.24,1002.09,9.32,71.62
565,2019-11-27 06:00:00,27.11,2.15,22.79,65.8,0.49,28.0,24.28,23.4,0.5,240.13,1002.07,8.72,71.3
566,2019-11-27 07:00:00,52.36,196.39,14.07,166.07,3.56,102.61,35.05,32.55,1.06,249.57,1002.76,5.36,76.66
567,2019-11-27 08:00:00,49.5,,,,,,37.89,34.41,1.19,241.96,1003.14,5.39,82.87
568,2019-11-27 09:00:00,52.01,3.73,,,,,38.79,36.52,0.8,232.33,1002.62,7.43,84.35
569,2019-11-27 10:00:00,68.15,3.88,38.06,175.22,0.76,88.76,46.81,43.28,0.34,14.56,1001.94,10.49,75.55
570,2019-11-27 11:00:00,85.27,5.16,50.0,172.85,0.79,79.9,52.57,47.45,0.38,25.97,1001.43,13.53,62.49
571,2019-11-27 12:00:00,82.78,7.05,52.56,150.75,0.73,63.07,49.6,45.9,0.38,17.85,1000.6,16.02,54.63
572,2019-11-27 13:00:00,47.67,15.76,45.32,96.73,0.57,35.73,30.91,28.22,0.29,236.68,999.61,18.23,48.01
573,2019-11-27 14:00:00,45.35,9.69,52.89,114.42,0.69,40.11,31.87,29.54,0.49,232.45,999.34,17.71,48.62
574,2019-11-27 15:00:00,51.57,11.08,51.57,83.67,0.6,21.88,36.67,32.82,0.56,243.13,999.07,16.97,51.0
575,2019-11-27 16:00:00,44.13,15.55,43.21,66.02,0.61,14.96,37.83,35.44,0.51,258.11,999.05,16.25,52.95
576,2019-11-27 17:00:00,49.74,16.4,42.44,67.91,0.67,16.68,43.72,42.25,1.47,221.82,999.14,15.78,54.7
577,2019-11-27 18:00:00,52.7,13.62,40.93,61.24,0.62,13.25,46.83,44.4,0.36,252.0,999.02,15.74,54.73
578,2019-11-27 19:00:00,60.67,8.94,39.58,65.65,0.68,17.1,47.5,45.1,0.4,42.03,998.84,15.58,54.69
579,2019-11-27 20:00:00,57.36,12.53,34.97,54.45,0.66,12.73,48.98,46.68,0.71,246.0,998.64,14.86,56.37
580,2019-11-27 21:00:00,52.48,12.08,35.6,59.87,0.68,16.88,46.35,44.92,1.27,234.78,998.27,14.44,58.74
581,2019-11-27 22:00:00,45.76,13.47,30.35,48.46,0.6,11.72,40.37,38.95,0.85,237.61,998.1,14.76,58.67
582,2019-11-27 23:00:00,43.1,9.72,32.02,47.29,0.59,10.01,38.55,36.12,0.16,255.62,998.26,15.45,57.52
583,2019-11-28 00:00:00,40.98,10.32,26.54,40.28,0.56,9.0,36.87,35.34,0.19,324.77,997.83,15.3,60.17
584,2019-11-28 01:00:00,29.41,18.18,18.91,28.98,0.44,6.6,27.42,26.53,0.51,243.21,997.78,15.13,62.79
585,2019-11-28 02:00:00,22.94,24.56,12.72,21.26,0.36,5.6,21.91,20.78,0.45,246.64,997.63,15.12,67.05
586,2019-11-28 03:00:00,27.01,17.94,11.71,21.43,0.37,6.3,25.63,24.57,0.16,34.26,997.83,15.06,66.87
587,2019-11-28 04:00:00,25.06,19.61,10.95,18.85,0.36,5.19,23.31,22.35,0.38,253.4,997.41,14.87,67.75
588,2019-11-28 05:00:00,23.23,18.96,12.83,25.48,0.35,7.86,22.31,21.26,1.16,238.92,997.19,14.06,70.75
589,2019-11-28 06:00:00,23.24,12.64,21.45,33.23,0.39,7.63,21.29,20.11,0.46,267.59,997.27,14.33,69.96
590,2019-11-28 07:00:00,26.38,4.61,33.84,71.12,0.47,24.2,23.61,21.51,0.43,228.95,997.43,14.75,67.84
591,2019-11-28 08:00:00,34.23,3.89,43.74,108.96,0.57,42.57,27.58,25.99,0.18,262.99,997.42,16.09,64.07
592,2019-11-28 09:00:00,33.63,7.58,45.17,87.91,0.53,27.88,26.12,23.61,0.29,251.36,997.33,17.6,58.23
593,2019-11-28 10:00:00,26.43,5.76,53.34,118.47,0.58,42.53,20.29,18.2,0.74,237.96,997.02,17.65,60.79
594,2019-11-28 11:00:00,31.22,4.12,54.94,132.91,0.66,50.19,23.86,21.83,0.23,317.54,996.52,18.43,59.27
595,2019-11-28 12:00:00,44.05,3.74,46.99,98.5,0.68,34.05,34.38,31.76,0.3,339.53,997.01,17.28,64.67
596,2019-11-28 13:00:00,34.03,1.86,,,0.8,,29.91,26.69,0.47,231.84,996.67,16.49,72.94
597,2019-11-28 14:00:00,20.0,3.15,50.73,126.94,0.54,49.93,16.17,14.65,1.22,222.12,996.99,15.21,74.5
598,2019-11-28 15:00:00,15.9,,48.32,100.8,0.47,33.89,14.48,13.07,1.15,219.41,997.08,14.49,79.34
599,2019-11-28 16:00:00,17.51,3.74,48.75,94.89,0.51,30.17,16.59,14.75,0.71,221.5,997.08,14.46,79.77
600,2019-11-28 17:00:00,25.91,1.98,55.66,138.62,0.69,53.94,23.77,22.82,0.62,245.09,996.9,14.54,79.38
601,2019-11-28 18:00:00,24.71,1.51,55.37,153.7,0.73,63.64,23.29,21.63,0.09,306.48,997.26,14.78,79.67
602,2019-11-28 19:00:00,27.54,1.6,54.78,145.97,0.71,58.96,26.4,25.34,0.78,219.03,997.48,14.36,80.96
603,2019-11-28 20:00:00,13.52,6.43,38.96,77.05,0.47,24.84,12.39,11.96,1.12,215.23,996.78,13.51,84.18
604,2019-11-28 21:00:00,15.23,7.26,38.16,68.35,0.46,19.81,14.89,14.2,0.7,231.7,996.58,13.44,82.72
605,2019-11-28 22:00:00,11.91,9.27,30.74,54.14,0.41,15.28,11.65,11.13,1.02,224.73,996.67,13.4,80.41
606,2019-11-28 23:00:00,7.23,14.58,20.2,37.4,0.34,11.29,6.79,6.26,1.02,224.95,996.46,13.32,79.82
607,2019-11-29 00:00:00,8.48,14.36,19.73,35.65,0.32,10.38,8.36,6.89,0.54,223.65,996.62,13.63,78.55
608,2019-11-29 01:00:00,9.45,14.35,19.96,34.25,0.32,9.34,8.15,7.2,0.72,223.27,996.89,13.78,76.88
609,2019-11-29 02:00:00,8.69,17.77,15.94,28.07,0.3,7.97,8.09,7.04,1.15,225.64,996.94,13.45,77.32
610,2019-11-29 03:00:00,7.07,20.71,11.26,20.54,0.28,6.05,6.63,5.76,0.96,228.43,997.01,13.43,78.2
611,2019-11-29 04:00:00,7.46,18.76,13.15,22.63,0.28,6.12,6.47,5.84,0.74,226.76,997.51,13.51,76.81
612,2019-11-29 05:00:00,7.56,12.43,25.4,39.93,0.29,9.36,7.15,6.08,0.78,233.51,997.76,13.42,74.68
613,2019-11-29 06:00:00,11.29,6.11,35.68,58.96,0.32,15.15,9.37,8.16,0.46,229.85,998.07,13.32,73.77
614,2019-11-29 07:00:00,16.44,2.07,46.52,119.69,0.45,46.37,13.53,11.58,0.65,241.67,998.47,13.21,74.6
615,2019-11-29 08:00:00,11.71,7.32,37.81,75.64,0.39,24.89,10.97,9.17,0.86,228.41,999.26,12.95,76.3
616,2019-11-29 09:00:00,17.46,6.01,38.33,82.72,0.41,29.32,17.17,13.78,1.01,224.25,999.56,12.72,81.26
617,2019-11-29 10:00:00,15.99,8.28,43.87,100.64,0.51,37.11,12.99,11.98,1.03,224.81,999.59,13.55,81.13
618,2019-11-29 11:00:00,13.31,20.95,35.1,62.75,0.36,18.31,11.97,10.75,1.04,245.04,999.66,14.56,77.08
619,2019-11-29 12:00:00,12.14,28.62,31.79,56.86,0.34,15.41,9.37,8.26,0.78,243.61,999.7,16.18,70.05
620,2019-11-29 13:00:00,17.64,23.16,37.36,67.01,0.38,18.99,13.09,11.14,0.91,242.71,999.42,16.56,65.52
621,2019-11-29 14:00:00,22.01,18.8,37.67,64.24,0.41,16.82,15.57,13.66,0.6,231.89,999.56,17.07,64.69
622,2019-11-29 15:00:00,26.43,8.07,49.72,87.83,0.51,24.75,16.32,14.64,0.27,246.8,1000.05,17.0,63.0
623,2019-11-29 16:00:00,30.09,2.09,59.3,138.6,0.68,50.74,23.56,19.41,0.06,267.78,1000.56,16.7,62.63
624,2019-11-29 17:00:00,56.65,3.02,63.47,272.74,1.23,134.88,41.16,37.64,0.02,160.03,1000.85,16.27,62.61
625,2019-11-29 18:00:00,76.22,3.99,64.99,328.72,1.5,171.88,60.65,57.76,0.17,237.53,1000.63,15.77,65.19
626,2019-11-29 19:00:00,64.53,3.4,62.13,225.24,1.23,104.84,53.93,50.26,0.3,234.28,1000.75,15.77,62.52
627,2019-11-29 20:00:00,63.55,3.06,59.22,205.21,1.1,96.01,52.42,48.8,0.2,247.4,1001.05,15.43,63.42
628,2019-11-29 21:00:00,45.64,2.93,57.17,137.28,0.84,51.55,40.58,37.78,0.4,238.27,1000.93,15.63,61.38
629,2019-11-29 22:00:00,43.07,4.01,51.04,146.6,0.88,61.95,37.15,33.8,0.28,245.79,1000.77,15.93,59.16
630,2019-11-29 23:00:00,71.11,3.28,48.68,188.47,1.28,91.63,62.75,60.56,0.12,312.02,1000.71,15.35,60.75
631,2019-11-30 00:00:00,74.14,2.4,40.45,134.19,1.27,61.32,68.73,66.64,0.39,338.53,1000.92,14.04,66.75
632,2019-11-30 01:00:00,49.73,2.48,30.81,65.42,0.76,22.9,47.83,46.59,0.61,43.0,1001.61,13.1,72.31
633,2019-11-30 02:00:00,25.96,11.17,14.5,30.5,0.46,10.51,25.55,24.82,0.59,4.74,1002.07,12.41,76.02
634,2019-11-30 03:00:00,7.59,17.61,9.65,44.07,0.3,21.43,7.52,6.91,1.23,36.17,1002.68,12.02,79.98
635,2019-11-30 04:00:00,8.7,19.12,5.56,15.63,0.3,6.58,8.67,7.59,1.92,53.32,1003.61,11.26,82.51
636,2019-11-30 05:00:00,12.17,16.51,6.2,15.39,0.31,6.02,11.26,10.64,2.01,37.12,1005.09,9.55,84.03
637,2019-11-30 06:00:00,5.84,23.65,6.99,14.93,0.25,5.18,5.84,4.63,1.38,25.89,1006.86,7.91,82.6
638,2019-11-30 07:00:00,6.17,32.77,7.92,14.48,0.24,4.28,5.31,4.31,1.32,15.0,1008.47,8.03,75.6
639,2019-11-30 08:00:00,7.82,38.11,10.5,17.76,0.25,4.71,6.8,5.3,0.76,20.1,1009.93,8.23,69.38
640,2019-11-30 09:00:00,7.46,43.39,10.14,17.92,0.24,5.08,6.12,4.91,1.27,13.04,1010.91,8.0,66.04
641,2019-11-30 10:00:00,9.36,46.97,11.1,19.44,0.23,5.45,8.26,6.61,1.38,8.13,1011.82,8.8,61.13
642,2019-11-30 11:00:00,8.53,54.32,10.35,18.37,0.21,5.26,6.18,5.06,1.54,19.47,1011.84,9.3,52.34
643,2019-11-30 12:00:00,7.31,58.45,10.94,18.78,0.2,5.17,5.25,4.32,1.76,13.03,1012.1,9.84,44.56
644,2019-11-30 13:00:00,7.89,57.23,11.48,19.97,0.2,5.43,5.99,5.1,1.42,4.49,1012.22,9.65,45.03
645,2019-11-30 14:00:00,7.67,52.72,17.45,29.42,0.22,7.9,6.19,5.31,0.81,7.82,1012.43,10.04,44.84
646,2019-11-30 15:00:00,7.85,54.9,16.27,24.95,0.21,5.7,5.49,4.65,1.23,11.73,1013.1,9.55,41.47
647,2019-11-30 16:00:00,8.13,49.08,17.72,24.78,0.23,4.66,5.98,4.9,1.66,12.0,1013.79,8.18,45.02
648,2019-11-30 17:00:00,7.37,48.0,15.08,22.51,0.22,4.82,6.06,5.25,1.21,9.71,1014.49,6.93,49.46
649,2019-11-30 18:00:00,8.09,51.19,12.11,17.88,0.21,3.81,6.76,5.96,1.65,6.71,1015.11,6.28,51.07
650,2019-11-30 19:00:00,10.31,46.54,13.47,20.59,0.24,4.57,8.96,7.98,0.99,0.56,1015.64,6.11,52.15
651,2019-11-30 20:00:00,19.83,30.86,27.96,41.76,0.37,9.41,18.0,16.63,0.47,321.15,1016.02,5.8,52.61
652,2019-11-30 21:00:00,25.31,25.06,33.95,54.22,0.41,14.43,22.08,20.99,0.43,306.5,1016.39,5.65,50.94
653,2019-11-30 22:00:00,20.75,23.7,34.17,47.82,0.4,8.18,19.43,18.04,0.33,280.43,1016.92,5.32,50.6
654,2019-11-30 23:00:00,27.04,20.79,31.66,44.69,0.46,8.42,24.19,22.5,0.45,264.43,1017.25,4.95,52.98
655,2019-12-01 00:00:00,32.34,10.24,37.01,54.14,0.51,11.14,28.22,27.09,0.89,244.91,1017.39,4.15,58.25
656,2019-12-01 01:00:00,27.7,14.52,33.18,46.31,0.44,8.72,23.76,22.72,1.01,244.78,1017.7,3.81,60.31
657,2019-12-01 02:00:00,21.82,21.77,27.42,36.21,0.38,5.77,20.1,18.79,0.52,244.56,1017.72,4.26,57.95
658,2019-12-01 03:00:00,23.34,18.06,28.99,38.18,0.4,5.97,22.6,19.9,0.45,248.74,1017.71,4.35,56.66
659,2019-12-01 04:00:00,27.17,14.9,28.22,37.75,0.46,6.28,25.98,23.98,0.66,238.31,1017.96,3.62,59.35
660,2019-12-01 05:00:00,30.2,16.34,25.38,35.03,0.43,6.3,27.35,26.02,0.79,246.14,1018.49,3.15,61.4
661,2019-12-01 06:00:00,31.18,6.63,36.35,61.0,0.48,16.02,28.16,26.82,0.56,225.55,1018.67,3.14,62.02
662,2019-12-01 07:00:00,37.75,7.26,38.92,69.5,0.49,19.92,32.76,30.14,0.16,228.13,1018.8,3.75,60.5
663,2019-12-01 08:00:00,32.44,12.62,37.53,67.81,0.49,19.74,28.41,26.19,0.1,32.05,1018.82,5.1,56.23
664,2019-12-01 09:00:00,38.44,14.53,41.77,80.2,0.54,25.14,34.49,31.36,0.47,53.07,1019.02,6.36,53.14
665,2019-12-01 10:00:00,23.17,41.03,24.88,38.69,0.37,9.15,20.68,19.53,0.49,240.68,1019.17,7.69,46.07
666,2019-12-01 11:00:00,14.13,49.86,18.93,30.96,0.3,8.72,12.4,11.34,0.32,238.63,1018.62,8.9,39.27
667,2019-12-01 12:00:00,25.48,47.2,22.46,35.54,0.38,8.95,22.52,20.47,0.57,237.28,1018.02,9.85,39.39
668,2019-12-01 13:00:00,25.44,43.14,25.3,39.35,0.4,8.71,20.71,18.78,0.11,249.42,1017.29,9.84,41.13
669,2019-12-01 14:00:00,23.76,44.03,,,0.4,,21.22,20.0,0.54,235.85,1017.07,8.86,42.06
670,2019-12-01 15:00:00,23.55,42.61,25.71,34.92,0.39,6.04,20.36,19.11,0.61,248.61,1016.87,7.97,44.5
671,2019-12-01 16:00:00,30.24,,30.88,40.04,0.45,6.44,26.34,24.4,0.93,232.56,1016.69,7.15,47.61
672,2019-12-01 17:00:00,33.16,32.12,32.56,45.2,0.5,8.23,30.32,28.75,1.26,232.99,1016.55,6.53,49.66
673,2019-12-01 18:00:00,34.3,32.73,32.33,45.84,0.53,8.79,31.68,29.35,1.17,235.37,1016.19,6.18,48.6
674,2019-12-01 19:00:00,26.26,33.96,34.16,48.37,0.48,9.31,26.86,24.24,1.87,224.3,1015.68,6.04,46.08
675,2019-12-01 20:00:00,25.26,41.71,26.45,38.97,0.44,8.48,24.0,22.95,1.85,224.23,1015.19,6.0,44.5
676,2019-12-01 21:00:00,26.36,43.06,23.2,32.98,0.45,6.33,25.85,24.12,2.06,223.34,1014.9,5.86,45.24
677,2019-12-01 22:00:00,24.3,45.48,20.11,27.57,0.44,5.09,24.25,22.46,2.12,223.74,1014.35,5.85,46.37
678,2019-12-01 23:00:00,22.88,47.7,15.03,21.51,0.38,4.25,22.83,21.11,2.4,220.02,1014.0,5.61,47.49
679,2019-12-02 00:00:00,18.87,52.02,11.68,17.42,0.34,3.75,17.77,16.76,2.15,221.27,1012.87,5.72,46.75
680,2019-12-02 01:00:00,15.74,55.24,8.1,12.48,0.32,2.89,14.82,14.18,2.58,221.35,1012.04,5.87,46.53
681,2019-12-02 02:00:00,13.53,55.55,7.21,11.46,0.28,2.78,13.05,12.04,1.86,232.16,1011.6,6.2,45.79
682,2019-12-02 03:00:00,14.01,53.08,8.38,12.48,0.28,2.66,13.35,12.03,0.5,245.93,1011.39,7.14,43.32
683,2019-12-02 04:00:00,15.26,48.82,10.45,14.69,0.28,2.78,13.52,12.67,0.92,237.59,1011.1,7.04,43.98
684,2019-12-02 05:00:00,14.62,42.89,14.07,19.04,0.27,3.21,13.62,12.43,0.95,246.51,1010.34,6.82,46.3
685,2019-12-02 06:00:00,14.76,37.12,19.17,25.89,0.34,4.33,14.06,13.04,1.71,232.83,1009.94,6.32,47.55
686,2019-12-02 07:00:00,17.52,34.36,23.52,34.71,0.35,7.29,15.77,14.42,2.12,228.81,1009.21,6.32,47.75
687,2019-12-02 08:00:00,20.82,32.45,26.52,41.32,0.41,9.62,18.21,17.13,2.42,225.71,1008.9,6.61,47.41
688,2019-12-02 09:00:00,23.46,27.71,31.79,52.58,0.42,13.91,19.19,17.42,1.17,242.17,1008.52,7.73,46.01
689,2019-12-02 10:00:00,26.4,24.37,37.94,86.09,0.44,28.75,21.02,19.18,0.35,310.63,1008.12,9.28,43.67
690,2019-12-02 11:00:00,29.82,23.33,40.95,73.91,0.46,22.3,23.14,19.24,0.56,248.54,1007.01,10.09,43.23
691,2019-12-02 12:00:00,31.77,19.73,45.92,79.21,0.46,22.63,22.56,19.43,0.64,256.87,1006.4,10.85,43.49
692,2019-12-02 13:00:00,36.6,12.25,51.21,97.57,0.6,31.93,27.07,24.15,0.68,239.03,1006.37,11.49,45.75
693,2019-12-02 14:00:00,37.33,9.27,44.78,73.19,0.59,18.32,32.15,29.59,0.91,350.43,1007.35,10.81,53.17
694,2019-12-02 15:00:00,28.63,12.07,28.72,62.36,0.43,21.88,26.16,24.75,1.37,26.48,1009.21,8.19,72.22
695,2019-12-02 16:00:00,23.92,12.0,21.14,38.22,0.4,11.26,25.32,22.75,1.38,7.15,1010.62,7.38,76.93
696,2019-12-02 17:00:00,19.18,10.96,15.65,29.78,0.39,9.19,19.13,18.5,0.43,344.79,1011.95,6.22,80.81
697,2019-12-02 18:00:00,14.97,11.6,15.16,29.36,0.38,9.24,14.99,14.73,0.5,10.58,1013.12,5.41,81.88
698,2019-12-02 19:00:00,19.39,10.66,15.49,32.16,0.42,10.8,19.81,19.04,0.63,320.63,1014.12,4.77,82.08
699,2019-12-02 20:00:00,24.87,8.51,18.86,35.86,0.51,11.16,24.8,24.34,0.47,299.01,1014.8,4.78,82.21
700,2019-12-02 21:00:00,22.3,9.89,14.47,31.69,0.42,9.08,22.82,21.89,0.69,304.76,1015.39,4.37,82.44
701,2019-12-02 22:00:00,20.46,11.64,12.04,21.21,0.4,6.04,21.47,20.99,0.62,302.4,1015.96,4.26,83.39
702,2019-12-02 23:00:00,21.92,12.4,10.17,18.38,0.37,5.41,22.96,21.76,0.61,288.04,1016.3,4.32,83.78
703,2019-12-03 00:00:00,22.87,13.35,9.12,16.07,0.36,4.56,23.99,22.7,0.88,284.4,1016.27,4.06,83.8
704,2019-12-03 01:00:00,24.38,14.76,7.12,13.04,0.35,3.9,24.14,23.71,0.7,296.98,1016.39,4.01,84.38
705,2019-12-03 02:00:00,21.69,17.37,6.58,12.32,0.3,3.75,21.75,21.0,0.47,278.9,1016.57,4.1,83.71
706,2019-12-03 03:00:00,19.82,20.59,5.65,10.8,0.27,3.36,19.83,19.09,0.65,282.02,1016.52,3.82,83.33
707,2019-12-03 04:00:00,19.93,22.07,5.43,10.2,0.26,3.13,19.84,19.38,0.52,300.9,1016.72,3.94,83.29
708,2019-12-03 05:00:00,19.8,21.78,6.91,12.49,0.25,3.61,20.1,19.64,0.73,286.87,1016.92,3.78,82.98
709,2019-12-03 06:00:00,20.08,20.95,9.17,15.9,0.25,4.35,19.92,19.58,0.58,265.99,1017.32,3.82,83.01
710,2019-12-03 07:00:00,21.0,16.2,17.07,31.33,0.29,8.47,21.37,20.25,0.15,249.53,1017.91,4.07,82.18
711,2019-12-03 08:00:00,22.25,13.5,22.76,38.45,0.33,10.27,22.65,21.64,0.46,268.28,1018.51,4.25,81.07
712,2019-12-03 09:00:00,27.03,14.05,28.08,62.82,0.37,22.36,28.16,25.29,0.52,264.98,1019.0,4.38,80.11
713,2019-12-03 10:00:00,29.08,18.46,22.22,43.97,0.36,13.87,28.0,27.03,0.46,266.46,1018.94,5.3,78.71
714,2019-12-03 11:00:00,25.74,25.87,25.04,47.17,0.34,14.71,26.06,24.16,0.39,292.59,1018.37,6.12,74.0
715,2019-12-03 12:00:00,25.19,32.62,21.85,40.14,0.31,11.53,23.43,21.28,0.5,315.42,1017.91,6.66,66.74
716,2019-12-03 13:00:00,26.82,29.2,25.12,41.05,0.34,10.12,23.28,21.76,0.44,302.27,1017.49,6.93,64.47
717,2019-12-03 14:00:00,40.75,29.82,25.61,46.34,0.34,13.44,23.43,22.3,0.52,5.29,1017.5,7.4,62.72
718,2019-12-03 15:00:00,26.87,26.44,23.84,38.43,0.37,9.6,24.64,23.37,0.39,310.77,1017.74,7.03,64.22
719,2019-12-03 16:00:00,28.49,12.92,36.58,54.16,0.41,10.44,26.69,24.5,0.34,321.04,1017.95,7.17,64.78
720,2019-12-03 17:00:00,,,,,,,,,,,,,
