,Vreme,SO2 [ug.m-3],PM10 [ug.m-3],NO2 [ug.m-3],NOX [ug.m-3],NO [ug.m-3],PM2.5 [ug.m-3],V [m/s],dd [°],P [mb],t [°C]
0,2019-11-03 18:00:00,4.73,25.24,22.16,53.34,20.17,23.27,0.68,145.81,983.69,17.58
1,2019-11-03 19:00:00,4.85,26.18,28.8,70.44,27.33,21.94,0.47,152.41,983.2,17.18
2,2019-11-03 20:00:00,4.96,35.16,36.76,87.21,33.04,31.45,0.16,295.21,983.1,15.91
3,2019-11-03 21:00:00,5.87,67.41,39.82,120.28,52.63,63.42,0.07,88.2,983.08,14.6
4,2019-11-03 22:00:00,6.69,90.22,38.08,144.83,69.61,87.36,0.22,84.6,982.7,13.42
5,2019-11-03 23:00:00,4.77,73.47,29.95,104.85,48.96,71.02,0.23,119.62,982.1,13.04
6,2019-11-04 00:00:00,3.35,25.26,14.56,55.79,27.11,25.19,0.63,140.5,981.68,15.5
7,2019-11-04 01:00:00,3.68,11.34,8.96,41.18,21.07,11.63,1.67,126.14,981.13,17.86
8,2019-11-04 02:00:00,4.24,9.32,7.56,35.0,17.9,8.38,1.39,121.22,980.69,18.29
9,2019-11-04 03:00:00,4.54,8.76,7.94,31.5,15.37,8.18,1.32,117.52,980.47,18.42
10,2019-11-04 04:00:00,,9.71,8.51,29.83,13.91,7.58,1.43,129.12,980.11,18.53
11,2019-11-04 05:00:00,4.0,9.32,,,,7.46,1.44,126.19,979.54,18.94
12,2019-11-04 06:00:00,6.96,26.16,36.16,110.84,49.05,21.89,0.35,128.37,979.41,18.43
13,2019-11-04 07:00:00,10.46,36.53,52.26,201.35,97.04,28.07,0.19,309.72,979.45,18.67
14,2019-11-04 08:00:00,6.94,18.8,26.71,105.68,52.1,10.49,0.51,157.23,979.17,21.34
15,2019-11-04 09:00:00,4.07,23.43,16.39,64.69,31.53,8.42,1.09,165.81,979.15,22.22
16,2019-11-04 10:00:00,4.57,14.77,21.75,57.4,23.27,9.29,0.68,152.23,978.7,21.31
17,2019-11-04 11:00:00,4.16,60.4,15.44,43.94,18.65,14.82,1.23,153.01,978.16,21.41
18,2019-11-04 12:00:00,4.76,19.9,16.99,43.95,17.57,9.56,0.42,206.62,977.86,19.87
19,2019-11-04 13:00:00,5.08,14.04,17.52,44.57,17.64,8.66,0.81,148.94,977.73,20.11
20,2019-11-04 14:00:00,5.21,11.65,18.9,44.74,16.85,8.53,0.93,155.15,978.24,20.58
21,2019-11-04 15:00:00,4.49,37.48,14.79,35.95,13.82,9.53,0.76,174.19,978.7,20.26
22,2019-11-04 16:00:00,4.0,9.16,19.84,45.19,16.23,6.85,0.53,166.99,979.58,19.53
23,2019-11-04 17:00:00,3.96,7.41,17.4,40.17,14.94,5.33,0.65,168.28,980.41,18.55
24,2019-11-04 18:00:00,4.14,14.93,17.82,38.46,13.48,7.12,0.5,163.66,981.35,18.29
25,2019-11-04 19:00:00,5.07,11.5,19.34,41.55,14.51,7.83,0.27,160.7,982.3,17.43
26,2019-11-04 20:00:00,6.17,11.51,19.84,41.04,13.76,8.84,0.15,208.83,983.1,16.82
27,2019-11-04 21:00:00,5.84,26.12,36.46,81.08,29.07,20.44,0.34,277.0,983.76,15.79
28,2019-11-04 22:00:00,5.42,32.62,37.29,91.45,35.27,26.15,0.19,273.58,984.18,14.65
29,2019-11-04 23:00:00,5.97,51.22,38.34,119.67,52.98,45.84,0.15,115.65,984.52,12.49
30,2019-11-05 00:00:00,4.24,39.29,32.51,87.4,35.97,36.58,0.11,108.5,984.8,11.3
31,2019-11-05 01:00:00,3.13,26.63,22.13,57.03,22.91,25.48,0.27,113.16,985.16,10.28
32,2019-11-05 02:00:00,2.84,18.77,15.06,43.81,18.75,18.19,0.24,104.65,985.28,9.39
33,2019-11-05 03:00:00,2.65,15.68,11.28,38.68,17.86,14.95,0.13,107.15,985.43,8.76
34,2019-11-05 04:00:00,3.03,15.77,15.13,50.39,23.18,14.49,0.17,107.57,985.82,8.43
35,2019-11-05 05:00:00,3.87,17.24,18.43,72.24,35.02,15.36,0.25,111.77,986.04,8.01
36,2019-11-05 06:00:00,4.54,25.66,19.41,104.15,55.55,23.48,0.12,111.04,986.35,7.79
37,2019-11-05 07:00:00,5.02,36.71,23.01,117.16,61.25,32.18,0.09,131.84,986.87,10.23
38,2019-11-05 08:00:00,9.12,45.03,32.85,137.09,67.54,30.17,0.2,105.68,986.9,15.1
39,2019-11-05 09:00:00,4.7,20.95,18.23,90.48,47.24,11.88,0.64,132.09,986.6,19.58
40,2019-11-05 10:00:00,3.76,13.32,13.75,68.97,36.08,3.6,1.34,145.94,986.17,21.53
41,2019-11-05 11:00:00,3.82,10.88,14.62,63.19,31.68,4.8,1.27,148.41,985.19,22.51
42,2019-11-05 12:00:00,3.66,101.29,15.44,53.7,24.97,6.37,1.67,157.93,984.53,22.94
43,2019-11-05 13:00:00,3.21,17.5,15.94,42.25,17.23,6.38,0.89,173.43,984.04,22.62
44,2019-11-05 14:00:00,2.92,7.75,18.04,42.45,16.22,5.32,1.31,139.57,983.54,22.28
45,2019-11-05 15:00:00,3.07,8.48,16.8,39.05,14.52,6.25,1.22,136.9,983.18,22.11
46,2019-11-05 16:00:00,3.43,12.17,19.88,43.65,15.91,9.11,0.92,143.82,983.29,21.46
47,2019-11-05 17:00:00,5.55,13.68,24.4,57.92,21.74,11.83,0.65,128.14,983.46,20.76
48,2019-11-05 18:00:00,4.11,14.93,30.13,61.6,20.71,12.3,0.59,133.02,983.43,20.23
49,2019-11-05 19:00:00,5.58,18.37,34.69,81.59,31.63,14.05,0.31,128.59,983.64,19.78
50,2019-11-05 20:00:00,5.82,20.57,36.65,83.29,30.13,17.84,0.25,120.4,983.76,18.97
51,2019-11-05 21:00:00,7.49,27.44,46.51,131.68,55.61,21.59,0.14,77.17,983.4,18.23
52,2019-11-05 22:00:00,6.81,27.55,43.99,129.05,56.12,22.8,0.18,47.07,982.9,17.76
53,2019-11-05 23:00:00,5.35,17.42,33.38,84.24,33.65,13.1,0.2,195.68,982.7,18.83
54,2019-11-06 00:00:00,4.21,7.37,17.8,47.99,19.8,5.61,0.62,163.46,982.72,19.5
55,2019-11-06 01:00:00,3.83,5.37,10.73,36.14,16.58,4.34,1.04,160.62,982.53,19.55
56,2019-11-06 02:00:00,3.94,7.25,13.32,37.48,15.76,5.92,0.08,355.28,982.48,18.44
57,2019-11-06 03:00:00,3.94,6.32,13.36,35.76,14.58,5.16,0.06,18.94,982.33,17.88
58,2019-11-06 04:00:00,4.33,8.29,23.45,55.43,20.79,6.45,0.15,32.94,982.41,16.69
59,2019-11-06 05:00:00,5.98,17.57,36.63,123.66,57.77,13.69,0.12,100.6,982.63,15.78
60,2019-11-06 06:00:00,5.55,14.35,38.3,107.98,46.11,12.08,0.44,127.14,983.04,16.5
61,2019-11-06 07:00:00,4.37,10.5,17.03,46.19,19.04,8.48,1.02,141.39,983.34,18.6
62,2019-11-06 08:00:00,4.8,12.35,24.31,59.4,22.95,7.34,0.52,153.84,983.48,19.84
63,2019-11-06 09:00:00,4.61,10.34,18.93,47.87,19.02,6.7,0.81,154.71,983.34,20.79
64,2019-11-06 10:00:00,5.29,15.25,26.8,64.75,24.86,9.45,0.74,127.48,982.96,21.51
65,2019-11-06 11:00:00,7.83,21.63,41.16,107.45,43.6,13.21,0.23,269.67,982.17,22.0
66,2019-11-06 12:00:00,7.56,28.86,29.21,72.42,28.12,15.11,0.96,266.83,982.42,20.32
67,2019-11-06 13:00:00,3.9,17.99,21.96,50.69,18.67,15.44,0.46,229.01,983.41,16.83
68,2019-11-06 14:00:00,4.21,19.82,29.65,72.9,27.66,13.3,0.25,185.21,983.95,16.62
69,2019-11-06 15:00:00,5.53,29.65,35.12,120.94,56.8,29.05,0.1,150.28,984.69,15.01
70,2019-11-06 16:00:00,5.42,39.66,24.45,114.04,57.95,38.77,0.09,112.62,984.67,14.66
71,2019-11-06 17:00:00,7.03,55.4,24.18,160.04,88.12,53.87,0.19,94.21,984.55,14.35
72,2019-11-06 18:00:00,4.58,35.29,20.02,103.46,55.09,35.43,0.62,259.44,985.19,14.42
73,2019-11-06 19:00:00,4.75,46.1,17.61,108.87,59.16,45.15,0.07,149.07,985.31,13.93
74,2019-11-06 20:00:00,5.65,48.64,16.3,123.99,70.19,47.42,0.28,95.45,984.84,13.73
75,2019-11-06 21:00:00,4.41,34.21,14.21,99.72,55.97,33.31,0.05,88.97,984.74,13.54
76,2019-11-06 22:00:00,3.86,35.38,12.04,84.21,47.07,35.07,0.25,256.09,985.31,13.46
77,2019-11-06 23:00:00,3.97,37.61,10.1,83.91,48.21,37.13,0.31,103.41,985.07,13.35
78,2019-11-07 00:00:00,3.22,27.07,7.44,65.79,38.12,25.55,0.38,91.48,984.28,13.27
79,2019-11-07 01:00:00,3.1,19.75,5.58,56.67,33.3,19.32,0.22,72.49,983.82,13.23
80,2019-11-07 02:00:00,2.99,16.06,4.64,52.57,31.34,15.39,0.07,157.7,983.67,13.13
81,2019-11-07 03:00:00,2.86,32.26,4.95,48.27,28.28,29.42,0.49,269.16,983.77,13.14
82,2019-11-07 04:00:00,2.84,26.36,4.03,46.44,27.62,25.53,0.15,209.24,983.67,12.89
83,2019-11-07 05:00:00,,23.09,5.71,75.91,45.76,22.68,0.15,96.39,983.36,12.58
84,2019-11-07 06:00:00,4.94,28.88,,,,27.83,0.24,87.12,983.41,12.54
85,2019-11-07 07:00:00,5.63,38.59,6.96,126.83,77.48,37.42,0.18,100.25,984.1,12.77
86,2019-11-07 08:00:00,8.16,46.77,8.84,184.01,115.27,44.32,0.17,301.81,984.88,13.2
87,2019-11-07 09:00:00,8.29,48.25,8.16,189.83,118.51,46.62,0.17,61.82,985.64,13.53
88,2019-11-07 10:00:00,7.73,55.95,10.07,184.37,113.86,53.29,0.31,67.15,985.4,13.99
89,2019-11-07 11:00:00,5.24,35.16,9.34,124.55,75.35,34.21,0.23,85.6,985.09,14.99
90,2019-11-07 12:00:00,5.2,29.82,9.11,128.82,78.23,29.18,0.06,257.87,985.09,15.71
91,2019-11-07 13:00:00,5.57,28.84,11.48,145.64,87.81,28.36,0.07,261.87,984.91,15.87
92,2019-11-07 14:00:00,7.55,41.29,13.49,189.71,115.07,40.98,0.02,45.57,985.13,15.5
93,2019-11-07 15:00:00,8.9,71.16,14.75,225.53,138.09,66.21,0.03,48.11,985.48,15.07
94,2019-11-07 16:00:00,7.33,98.7,14.81,203.47,122.32,97.17,0.05,96.26,985.92,14.83
95,2019-11-07 17:00:00,7.72,117.0,11.85,205.26,125.82,115.2,0.15,105.91,986.33,14.69
96,2019-11-07 18:00:00,8.2,100.44,11.43,220.53,136.74,95.98,0.06,54.12,986.89,14.56
97,2019-11-07 19:00:00,7.58,90.57,11.5,207.71,128.24,89.3,0.16,96.87,986.82,14.48
98,2019-11-07 20:00:00,5.98,71.15,9.3,172.0,106.02,70.05,0.16,84.22,986.49,14.23
99,2019-11-07 21:00:00,5.27,47.4,7.56,153.55,95.22,46.78,0.25,87.55,986.1,14.05
100,2019-11-07 22:00:00,3.76,28.39,7.42,128.71,79.08,27.92,0.19,107.84,985.89,13.77
101,2019-11-07 23:00:00,3.95,24.33,6.18,127.33,79.02,23.71,0.05,79.19,985.94,13.76
102,2019-11-08 00:00:00,3.53,14.37,5.4,107.08,66.39,13.84,0.25,68.73,985.17,13.7
103,2019-11-08 01:00:00,3.11,12.84,4.17,90.22,56.18,12.38,0.2,67.5,984.75,13.91
104,2019-11-08 02:00:00,3.13,28.49,4.05,86.99,54.07,27.84,0.17,116.51,984.78,13.68
105,2019-11-08 03:00:00,2.96,17.92,3.21,77.63,48.54,16.98,0.05,296.71,984.37,13.46
106,2019-11-08 04:00:00,3.31,17.25,4.26,85.33,52.85,16.05,0.1,121.1,984.49,13.07
107,2019-11-08 05:00:00,4.08,32.63,4.57,98.85,61.52,31.08,0.16,136.59,984.38,12.62
108,2019-11-08 06:00:00,6.16,22.22,8.24,151.36,92.92,20.87,0.23,95.52,984.95,12.13
109,2019-11-08 07:00:00,6.81,33.97,8.72,179.25,111.63,32.17,0.19,78.95,985.6,12.67
110,2019-11-08 08:00:00,6.52,33.32,9.15,172.97,107.07,29.31,0.37,89.07,985.27,14.21
111,2019-11-08 09:00:00,3.99,28.79,6.95,123.64,76.18,24.43,0.8,261.64,985.67,15.44
112,2019-11-08 10:00:00,4.33,31.37,12.07,135.38,80.57,27.07,0.16,231.83,985.81,16.08
113,2019-11-08 11:00:00,4.12,11.87,24.7,158.54,88.09,7.4,0.78,122.28,985.24,18.46
114,2019-11-08 12:00:00,3.87,8.28,16.22,94.84,51.45,4.56,0.74,145.8,984.89,19.25
115,2019-11-08 13:00:00,3.59,12.43,14.39,74.28,39.41,6.44,0.87,124.8,984.78,19.96
116,2019-11-08 14:00:00,3.53,11.17,13.89,67.14,34.75,5.9,1.07,130.0,984.82,19.75
117,2019-11-08 15:00:00,3.63,12.02,20.39,80.64,39.23,6.57,0.64,155.87,985.21,18.67
118,2019-11-08 16:00:00,3.51,24.8,20.69,78.61,37.2,13.43,0.52,131.01,985.73,18.09
119,2019-11-08 17:00:00,3.91,16.68,21.36,79.9,38.56,9.1,0.4,147.89,986.48,17.62
120,2019-11-08 18:00:00,3.43,12.0,16.07,62.8,30.43,8.06,0.17,180.66,987.32,17.23
121,2019-11-08 19:00:00,5.35,33.19,37.51,142.63,69.88,22.96,0.19,122.68,987.68,16.11
122,2019-11-08 20:00:00,5.01,43.88,35.67,133.53,64.24,36.24,0.17,124.8,987.99,15.23
123,2019-11-08 21:00:00,8.33,82.7,33.37,205.99,112.87,74.47,0.13,101.27,988.69,13.2
124,2019-11-08 22:00:00,6.85,100.48,21.85,162.94,92.17,93.15,0.16,128.55,989.33,11.97
125,2019-11-08 23:00:00,5.93,56.11,19.73,150.16,84.55,51.0,0.19,69.03,989.63,11.2
126,2019-11-09 00:00:00,4.24,39.65,14.2,110.12,62.68,36.44,0.17,82.0,989.94,10.7
127,2019-11-09 01:00:00,3.95,33.33,10.89,96.37,55.79,29.78,0.2,101.46,989.93,10.56
128,2019-11-09 02:00:00,3.23,31.19,9.51,82.21,47.58,29.54,0.16,97.93,989.83,11.17
129,2019-11-09 03:00:00,3.03,30.25,6.74,71.87,42.5,27.89,0.04,89.61,989.74,10.33
130,2019-11-09 04:00:00,3.14,30.1,6.09,71.76,42.83,28.95,0.03,217.46,989.87,9.92
131,2019-11-09 05:00:00,4.08,29.88,7.1,91.63,55.02,26.96,0.13,96.72,990.03,9.48
132,2019-11-09 06:00:00,4.58,28.49,6.75,100.31,60.96,25.55,0.08,156.76,990.29,9.1
133,2019-11-09 07:00:00,5.88,46.71,8.31,126.13,76.85,41.46,0.22,132.7,991.01,10.86
134,2019-11-09 08:00:00,3.85,26.85,15.34,112.39,63.02,22.56,0.45,106.06,990.86,14.96
135,2019-11-09 09:00:00,4.58,18.86,18.99,95.13,50.27,12.37,0.13,293.03,990.68,16.92
136,2019-11-09 10:00:00,5.51,23.49,25.2,97.43,46.74,14.2,0.49,287.79,990.44,18.08
137,2019-11-09 11:00:00,5.73,20.37,12.99,64.48,33.66,7.31,0.96,147.94,989.78,19.44
138,2019-11-09 12:00:00,4.76,11.12,8.97,64.38,36.17,7.76,0.81,136.08,989.17,20.03
139,2019-11-09 13:00:00,4.22,11.74,11.36,50.53,25.63,7.67,0.48,198.19,988.72,20.07
140,2019-11-09 14:00:00,3.95,10.17,12.7,48.34,22.86,7.99,0.34,181.89,988.58,19.34
141,2019-11-09 15:00:00,4.03,16.79,23.32,65.49,27.37,12.55,0.28,151.5,988.55,18.47
142,2019-11-09 16:00:00,5.37,43.62,34.4,111.67,50.54,39.41,0.34,115.7,988.51,17.82
143,2019-11-09 17:00:00,3.79,27.55,23.8,67.35,28.55,24.11,0.46,121.58,988.58,17.68
144,2019-11-09 18:00:00,4.49,43.91,29.6,97.25,44.41,39.15,0.09,188.52,988.57,16.26
145,2019-11-09 19:00:00,5.54,71.01,31.74,121.97,58.78,61.26,0.08,217.87,988.49,14.26
146,2019-11-09 20:00:00,6.04,97.69,26.26,129.44,67.27,90.75,0.14,112.01,988.39,12.75
147,2019-11-09 21:00:00,5.28,75.16,23.9,119.96,62.7,69.03,0.27,82.92,987.7,12.12
148,2019-11-09 22:00:00,5.55,89.47,20.75,123.9,67.38,83.29,0.15,52.78,987.0,11.76
149,2019-11-09 23:00:00,5.05,72.38,16.6,109.75,60.83,66.24,0.1,80.37,986.6,11.22
150,2019-11-10 00:00:00,3.83,55.21,13.93,84.19,45.88,51.5,0.09,129.82,986.44,11.68
151,2019-11-10 01:00:00,4.42,39.47,13.32,102.37,57.89,37.98,0.02,120.91,985.64,11.73
152,2019-11-10 02:00:00,4.65,54.77,9.15,97.15,57.5,53.81,0.05,236.27,984.72,11.66
153,2019-11-10 03:00:00,4.04,36.97,8.69,84.34,49.39,35.97,0.05,77.45,984.65,12.12
154,2019-11-10 04:00:00,4.01,34.4,8.63,83.35,48.73,33.93,0.06,113.35,984.97,12.19
155,2019-11-10 05:00:00,3.54,15.97,6.2,70.64,42.05,15.48,0.05,82.03,985.13,11.79
156,2019-11-10 06:00:00,,14.6,5.97,65.72,38.96,13.57,0.29,262.99,985.28,12.23
157,2019-11-10 07:00:00,3.07,17.83,,,,17.36,0.34,82.02,985.18,12.48
158,2019-11-10 08:00:00,3.71,18.68,9.88,80.64,46.36,18.36,0.37,90.54,985.46,13.97
159,2019-11-10 09:00:00,3.54,16.92,12.99,82.48,45.26,15.37,0.6,272.56,985.77,15.92
160,2019-11-10 10:00:00,3.88,13.5,16.47,76.01,38.95,11.74,0.12,191.72,985.84,16.75
161,2019-11-10 11:00:00,4.2,5.99,7.73,47.84,26.17,4.05,0.72,165.99,985.35,19.0
162,2019-11-10 12:00:00,3.84,9.14,10.18,42.09,20.82,7.71,0.81,133.59,985.1,18.74
163,2019-11-10 13:00:00,3.6,16.79,17.08,49.92,21.39,9.88,0.23,136.87,985.3,17.95
164,2019-11-10 14:00:00,3.89,22.8,24.7,80.34,36.24,21.63,0.27,113.24,986.89,12.47
165,2019-11-10 15:00:00,3.8,17.39,22.08,76.56,35.52,15.57,0.46,58.56,987.76,12.1
166,2019-11-10 16:00:00,4.09,26.55,25.99,93.89,43.87,25.67,0.23,57.93,988.03,11.94
167,2019-11-10 17:00:00,4.56,33.25,27.85,107.16,51.88,32.48,0.19,21.34,988.77,11.85
168,2019-11-10 18:00:00,3.97,27.89,24.08,95.64,47.02,25.87,0.04,76.47,989.88,11.07
169,2019-11-10 19:00:00,4.11,70.85,21.38,93.64,46.43,67.68,0.24,113.55,990.7,10.27
170,2019-11-10 20:00:00,4.67,52.41,23.11,110.02,56.83,48.01,0.2,75.21,991.23,10.75
171,2019-11-10 21:00:00,3.94,60.68,19.8,92.48,47.41,47.92,0.25,115.28,991.86,9.44
172,2019-11-10 22:00:00,3.66,64.54,15.21,79.94,42.26,61.78,0.18,137.64,992.25,8.36
173,2019-11-10 23:00:00,4.93,90.12,13.01,103.67,59.07,86.93,0.08,110.43,992.81,7.74
174,2019-11-11 00:00:00,4.29,78.62,9.94,91.49,53.33,77.39,0.14,113.18,993.36,7.15
175,2019-11-11 01:00:00,4.07,71.1,7.75,84.62,50.25,68.56,0.3,101.61,994.02,6.54
176,2019-11-11 02:00:00,2.66,38.87,5.71,55.53,32.58,37.3,0.39,107.75,994.26,5.98
177,2019-11-11 03:00:00,2.66,31.67,4.7,51.51,30.53,30.51,0.22,133.32,994.54,5.51
178,2019-11-11 04:00:00,3.12,38.62,4.73,59.95,36.0,36.6,0.08,102.69,995.01,5.27
179,2019-11-11 05:00:00,3.34,19.88,4.69,63.75,38.54,18.44,0.2,93.48,994.89,4.85
180,2019-11-11 06:00:00,4.26,31.36,5.68,83.39,50.54,27.27,0.24,111.4,995.15,4.51
181,2019-11-11 07:00:00,3.72,72.3,5.87,72.34,43.57,68.41,0.24,126.95,995.68,5.84
182,2019-11-11 08:00:00,3.6,42.34,7.86,78.51,45.98,40.19,0.67,282.5,995.65,7.65
183,2019-11-11 09:00:00,3.65,56.54,12.89,92.19,51.65,54.7,1.13,277.28,995.65,7.67
184,2019-11-11 10:00:00,4.34,54.96,17.05,91.98,48.95,51.16,1.12,284.27,995.09,9.37
185,2019-11-11 11:00:00,5.02,41.04,18.84,73.98,36.0,38.3,1.01,279.42,994.06,11.86
186,2019-11-11 12:00:00,4.96,34.22,15.62,55.03,25.73,30.49,0.73,257.91,993.39,13.78
187,2019-11-11 13:00:00,4.42,33.17,15.38,50.71,23.07,30.84,0.64,267.95,992.82,15.09
188,2019-11-11 14:00:00,4.52,31.87,24.36,75.42,33.45,26.95,0.1,78.32,992.07,16.03
189,2019-11-11 15:00:00,4.15,51.27,25.86,71.99,30.3,46.01,0.06,222.55,991.94,15.58
190,2019-11-11 16:00:00,8.28,116.34,38.72,193.21,100.72,105.28,0.14,109.95,992.08,13.29
191,2019-11-11 17:00:00,7.55,118.59,31.55,167.1,88.5,110.67,0.17,75.4,991.96,11.13
192,2019-11-11 18:00:00,6.79,114.33,26.36,151.2,81.48,108.13,0.25,84.65,991.75,9.77
193,2019-11-11 19:00:00,6.65,108.73,23.66,152.62,84.32,103.11,0.34,73.66,991.7,9.01
194,2019-11-11 20:00:00,5.26,106.32,17.4,120.86,67.56,102.73,0.25,107.91,991.54,8.31
195,2019-11-11 21:00:00,5.83,137.87,15.08,126.59,72.56,135.36,0.2,137.58,991.46,8.36
196,2019-11-11 22:00:00,5.72,122.24,15.72,132.18,76.27,119.85,0.15,143.95,991.2,8.34
197,2019-11-11 23:00:00,5.6,125.0,12.45,122.08,71.58,120.72,0.12,143.68,991.27,8.12
198,2019-11-12 00:00:00,5.43,114.94,9.33,114.75,68.76,113.07,0.09,233.8,990.84,7.63
199,2019-11-12 01:00:00,4.28,96.56,7.57,98.94,59.63,94.24,0.05,201.19,990.84,7.45
200,2019-11-12 02:00:00,3.84,96.06,5.75,83.12,50.47,94.76,0.07,136.96,990.5,6.94
201,2019-11-12 03:00:00,3.78,67.77,5.48,76.4,46.33,65.29,0.04,316.0,989.92,8.06
202,2019-11-12 04:00:00,3.06,24.13,5.28,62.88,37.56,25.15,0.7,80.38,989.8,11.89
203,2019-11-12 05:00:00,3.55,24.99,12.66,85.73,47.08,22.79,0.44,84.04,989.65,12.26
204,2019-11-12 06:00:00,5.08,35.46,17.63,109.68,59.98,25.68,0.8,73.52,989.65,12.71
205,2019-11-12 07:00:00,13.94,50.2,21.89,116.22,61.47,26.53,1.5,79.9,989.33,14.19
206,2019-11-12 08:00:00,16.24,33.95,23.72,118.44,62.11,28.33,1.29,74.15,988.91,15.21
207,2019-11-12 09:00:00,10.56,32.29,23.44,107.01,54.6,25.84,1.18,79.19,988.5,16.23
208,2019-11-12 10:00:00,9.59,30.15,23.08,99.53,49.91,23.13,1.18,65.9,987.87,17.24
209,2019-11-12 11:00:00,9.14,27.32,23.62,96.13,47.24,20.58,1.04,72.97,986.93,18.81
210,2019-11-12 12:00:00,9.79,29.55,23.14,85.91,41.1,21.29,0.3,82.73,986.28,19.23
211,2019-11-12 13:00:00,9.39,35.48,29.15,121.11,59.73,27.2,0.57,76.21,985.53,18.99
212,2019-11-12 14:00:00,9.05,38.32,33.25,135.47,66.64,25.8,0.82,80.45,985.46,19.89
213,2019-11-12 15:00:00,7.5,31.52,28.27,105.5,50.49,22.92,1.19,69.77,984.5,19.81
214,2019-11-12 16:00:00,6.43,36.01,24.86,91.37,43.4,25.32,1.26,69.58,984.29,19.13
215,2019-11-12 17:00:00,6.13,39.99,24.72,85.14,39.41,24.37,1.85,83.79,984.59,18.96
216,2019-11-12 18:00:00,5.78,34.59,22.87,76.82,35.3,24.77,1.96,85.02,984.81,18.61
217,2019-11-12 19:00:00,6.01,33.99,23.58,75.83,34.04,26.4,1.41,82.23,985.13,17.92
218,2019-11-12 20:00:00,5.92,34.2,24.55,79.76,36.19,28.91,1.11,80.76,984.95,17.44
219,2019-11-12 21:00:00,5.6,37.59,22.0,75.01,34.59,32.61,0.89,76.42,984.6,17.23
220,2019-11-12 22:00:00,5.31,37.65,20.38,69.18,31.81,32.2,0.63,79.75,984.21,16.75
221,2019-11-12 23:00:00,4.95,32.98,15.67,59.0,28.34,30.16,0.73,65.66,983.63,16.54
222,2019-11-13 00:00:00,4.74,29.67,10.0,47.64,24.58,27.28,1.06,61.3,982.66,16.66
223,2019-11-13 01:00:00,4.73,29.92,6.6,38.15,20.63,25.1,1.54,76.42,981.53,16.63
224,2019-11-13 02:00:00,4.8,25.88,5.89,33.69,18.12,23.3,1.47,75.47,980.94,16.62
225,2019-11-13 03:00:00,5.03,27.46,5.11,28.7,15.4,23.49,1.66,83.04,980.65,17.02
226,2019-11-13 04:00:00,4.41,11.76,5.2,25.64,13.32,10.17,1.22,266.92,982.5,15.37
227,2019-11-13 05:00:00,3.85,3.42,12.85,41.33,18.44,2.69,0.12,256.02,983.89,12.15
228,2019-11-13 06:00:00,3.85,5.5,15.74,55.66,25.94,5.59,0.88,81.73,984.06,11.64
229,2019-11-13 07:00:00,,6.67,15.09,67.55,34.23,6.62,0.58,70.14,982.77,11.8
230,2019-11-13 08:00:00,4.04,18.73,,,,17.56,0.29,234.16,982.89,13.02
231,2019-11-13 09:00:00,4.9,25.37,16.23,88.23,46.42,25.07,0.25,88.06,983.05,14.95
232,2019-11-13 10:00:00,5.75,32.1,20.42,96.62,50.36,26.71,0.88,83.88,982.52,16.98
233,2019-11-13 11:00:00,6.86,30.94,26.04,97.6,46.8,21.86,0.69,85.74,981.85,18.05
234,2019-11-13 12:00:00,6.01,25.44,25.61,71.41,30.12,21.68,0.5,255.54,981.6,18.81
235,2019-11-13 13:00:00,4.57,9.44,13.46,43.88,19.96,6.78,1.65,130.94,981.32,20.04
236,2019-11-13 14:00:00,3.69,15.49,15.64,35.3,12.8,10.28,1.02,136.36,981.33,19.73
237,2019-11-13 15:00:00,3.42,15.05,17.47,32.08,9.55,11.07,1.24,136.27,981.78,19.19
238,2019-11-13 16:00:00,4.24,21.02,16.79,31.48,9.59,14.05,0.76,142.82,982.85,18.2
239,2019-11-13 17:00:00,6.85,48.11,32.67,105.69,46.59,36.52,0.61,119.79,983.52,16.59
240,2019-11-13 18:00:00,6.69,80.66,44.45,133.06,57.73,71.0,0.35,104.75,984.02,15.27
241,2019-11-13 19:00:00,6.61,74.87,39.8,130.85,59.86,64.87,0.68,79.04,984.5,14.26
242,2019-11-13 20:00:00,6.22,54.12,36.27,121.73,55.96,43.26,0.18,52.59,984.98,13.25
243,2019-11-13 21:00:00,6.5,74.81,33.92,137.08,67.84,65.12,0.4,91.56,985.37,12.5
244,2019-11-13 22:00:00,4.5,34.26,28.6,96.61,44.28,28.34,0.34,74.45,985.39,12.54
245,2019-11-13 23:00:00,4.94,48.0,27.71,101.98,48.47,40.95,0.18,67.17,985.62,11.25
246,2019-11-14 00:00:00,4.17,68.02,20.49,79.74,38.74,61.74,0.22,119.71,985.43,10.21
247,2019-11-14 01:00:00,3.22,41.32,14.21,57.17,28.08,37.68,0.3,104.23,985.8,10.35
248,2019-11-14 02:00:00,2.95,34.97,8.85,46.24,24.4,31.78,0.35,108.63,985.8,9.98
249,2019-11-14 03:00:00,2.93,24.34,6.79,42.69,23.44,22.39,0.22,78.56,985.66,10.2
250,2019-11-14 04:00:00,2.97,19.17,8.19,45.69,24.46,15.95,0.38,89.55,985.68,10.46
251,2019-11-14 05:00:00,3.19,20.11,12.04,53.21,26.79,16.48,0.63,94.86,985.72,10.35
252,2019-11-14 06:00:00,4.16,19.22,18.81,82.0,41.09,14.8,0.34,107.02,986.14,11.2
253,2019-11-14 07:00:00,5.42,30.11,21.86,116.02,61.78,25.78,0.12,108.48,986.42,11.33
254,2019-11-14 08:00:00,5.29,48.03,26.5,120.12,60.81,38.75,0.41,99.16,986.39,12.57
255,2019-11-14 09:00:00,5.6,50.8,30.64,122.61,59.87,37.79,0.05,122.73,986.47,13.62
256,2019-11-14 10:00:00,4.9,39.49,23.36,86.39,41.3,31.95,0.23,221.3,986.59,14.16
257,2019-11-14 11:00:00,6.46,38.8,27.28,98.55,47.02,24.83,0.5,72.82,986.25,15.2
258,2019-11-14 12:00:00,6.07,30.31,26.43,96.03,45.38,20.13,0.89,82.72,985.87,15.33
259,2019-11-14 13:00:00,6.36,28.49,28.02,110.42,53.78,21.82,0.73,80.88,985.69,15.77
260,2019-11-14 14:00:00,7.32,34.68,33.75,136.45,67.39,22.38,0.4,62.86,985.61,15.99
261,2019-11-14 15:00:00,7.33,40.38,33.27,157.22,80.59,24.74,0.41,45.94,985.64,15.38
262,2019-11-14 16:00:00,5.38,29.89,28.8,127.91,64.73,23.44,0.55,60.66,985.81,14.49
263,2019-11-14 17:00:00,5.3,30.27,27.17,128.38,65.92,23.2,0.53,62.57,985.97,13.55
264,2019-11-14 18:00:00,5.47,61.26,25.46,129.01,67.47,56.34,0.54,89.78,986.3,12.64
265,2019-11-14 19:00:00,6.3,57.29,24.18,149.4,81.52,50.99,0.46,81.03,986.98,11.98
266,2019-11-14 20:00:00,7.25,65.0,23.17,174.02,98.29,58.04,0.44,81.47,987.56,11.48
267,2019-11-14 21:00:00,5.59,50.51,19.15,140.54,78.8,43.16,0.44,86.42,987.85,11.11
268,2019-11-14 22:00:00,4.48,35.99,14.5,107.91,60.96,31.59,0.65,76.19,988.07,10.73
269,2019-11-14 23:00:00,4.08,32.32,12.32,102.35,58.69,29.52,0.41,74.43,988.52,10.08
270,2019-11-15 00:00:00,3.18,23.94,7.43,73.79,43.38,22.11,0.8,84.99,988.81,9.38
271,2019-11-15 01:00:00,2.97,19.72,4.45,63.26,38.39,18.81,0.9,86.8,989.08,8.96
272,2019-11-15 02:00:00,2.72,18.22,3.01,54.86,33.87,17.8,0.55,108.71,989.23,8.44
273,2019-11-15 03:00:00,2.73,17.7,2.13,50.25,31.42,17.19,0.72,90.72,989.5,8.22
274,2019-11-15 04:00:00,2.81,19.04,3.55,54.0,32.91,18.13,0.47,86.5,989.69,7.76
275,2019-11-15 05:00:00,3.9,20.55,8.18,88.93,52.8,18.3,0.23,105.2,990.29,7.03
276,2019-11-15 06:00:00,4.72,27.9,8.03,104.28,62.78,24.11,0.38,100.81,990.97,6.52
277,2019-11-15 07:00:00,5.6,30.82,12.09,130.65,78.1,27.12,0.56,86.16,991.58,8.26
278,2019-11-15 08:00:00,5.05,22.5,12.14,115.8,67.64,18.63,1.0,80.92,992.08,10.09
279,2019-11-15 09:00:00,4.78,32.72,19.84,121.5,66.16,15.36,1.27,88.2,992.12,12.83
280,2019-11-15 10:00:00,5.12,21.1,13.58,82.88,45.24,13.46,0.51,78.7,991.89,15.61
281,2019-11-15 11:00:00,5.0,21.24,13.34,77.64,41.93,14.31,0.45,292.22,991.15,17.45
282,2019-11-15 12:00:00,6.03,26.15,24.19,90.97,44.11,17.27,0.2,314.94,990.46,18.78
283,2019-11-15 13:00:00,5.15,18.8,15.94,59.43,28.54,13.09,0.94,148.06,990.36,19.63
284,2019-11-15 14:00:00,5.03,18.71,14.89,53.66,25.16,14.58,0.9,128.4,990.48,19.28
285,2019-11-15 15:00:00,6.06,34.45,20.69,59.38,25.16,25.29,0.51,131.48,990.93,18.28
286,2019-11-15 16:00:00,7.01,82.77,34.8,96.79,40.61,72.14,0.54,124.8,991.28,16.5
287,2019-11-15 17:00:00,6.89,69.58,37.66,143.84,69.11,58.91,0.29,92.62,991.74,14.83
288,2019-11-15 18:00:00,7.88,77.52,36.75,171.49,87.75,65.05,0.33,59.56,992.2,13.47
289,2019-11-15 19:00:00,7.11,103.62,34.25,174.65,92.08,95.47,0.17,113.64,992.53,12.93
290,2019-11-15 20:00:00,9.65,150.46,35.23,230.04,126.93,133.12,0.11,104.7,993.11,12.49
291,2019-11-15 21:00:00,10.53,127.73,34.18,246.03,137.87,113.7,0.31,98.0,993.47,12.18
292,2019-11-15 22:00:00,5.98,81.92,25.6,152.59,82.72,78.24,0.26,107.53,993.85,11.94
293,2019-11-15 23:00:00,4.91,57.7,21.92,131.9,71.96,52.77,0.36,73.06,994.14,11.5
294,2019-11-16 00:00:00,3.9,35.8,18.21,106.05,56.56,32.49,0.48,54.41,994.48,11.92
295,2019-11-16 01:00:00,3.54,34.4,17.73,97.12,51.83,30.88,0.17,44.21,994.59,11.57
296,2019-11-16 02:00:00,3.58,28.1,17.83,94.82,50.31,24.28,0.26,316.99,994.85,11.79
297,2019-11-16 03:00:00,3.3,20.91,15.13,83.95,44.92,18.71,0.15,34.59,995.1,11.92
298,2019-11-16 04:00:00,3.0,15.13,9.55,69.47,39.16,12.59,0.74,58.99,995.23,12.92
299,2019-11-16 05:00:00,3.17,15.17,10.08,66.38,36.66,13.13,0.95,62.15,995.82,12.95
300,2019-11-16 06:00:00,3.48,18.3,14.53,73.7,38.53,13.4,0.79,70.94,996.27,12.44
301,2019-11-16 07:00:00,4.1,17.96,19.86,89.89,45.66,14.66,0.66,72.78,996.82,12.88
302,2019-11-16 08:00:00,,20.2,20.57,87.08,43.45,15.62,0.99,82.17,997.36,13.51
303,2019-11-16 09:00:00,4.53,19.13,,,,16.81,0.86,64.37,997.63,14.19
304,2019-11-16 10:00:00,6.48,26.12,21.76,93.01,46.45,18.62,0.77,75.07,997.4,15.07
305,2019-11-16 11:00:00,7.1,29.4,22.99,88.96,43.03,21.11,0.97,80.23,996.46,15.99
306,2019-11-16 12:00:00,8.55,29.62,26.37,106.56,52.36,21.88,0.66,63.57,995.72,17.0
307,2019-11-16 13:00:00,9.13,26.57,23.82,94.21,45.92,16.89,0.91,65.86,995.08,17.8
308,2019-11-16 14:00:00,8.76,31.2,28.88,105.28,49.36,21.14,0.93,73.62,995.13,17.04
309,2019-11-16 15:00:00,6.72,28.83,26.45,95.96,45.42,22.58,1.02,77.92,994.99,16.4
310,2019-11-16 16:00:00,5.25,28.01,23.33,87.65,41.99,24.43,1.07,74.33,994.87,15.66
311,2019-11-16 17:00:00,5.24,37.57,25.8,102.04,49.64,33.2,0.85,76.7,995.11,15.18
312,2019-11-16 18:00:00,4.38,29.8,21.94,85.09,41.16,24.92,0.97,75.78,995.18,15.14
313,2019-11-16 19:00:00,4.27,32.97,23.83,91.61,44.25,27.87,0.85,82.36,995.4,14.54
314,2019-11-16 20:00:00,4.26,28.63,20.92,80.94,39.13,25.28,1.03,79.96,995.35,14.46
315,2019-11-16 21:00:00,4.23,31.55,21.93,82.83,39.27,26.08,1.09,89.55,995.49,14.13
316,2019-11-16 22:00:00,4.14,30.89,22.27,86.0,41.66,27.18,0.74,79.16,995.48,13.19
317,2019-11-16 23:00:00,3.34,22.03,15.06,65.47,32.93,20.32,0.88,60.86,995.37,13.41
318,2019-11-17 00:00:00,2.96,21.13,10.71,54.43,28.51,19.65,1.31,55.82,995.23,13.28
319,2019-11-17 01:00:00,3.17,20.28,9.02,48.69,25.91,19.29,1.12,72.25,995.21,12.97
320,2019-11-17 02:00:00,2.98,21.98,7.74,44.37,23.89,19.93,1.53,59.02,995.04,12.53
321,2019-11-17 03:00:00,2.94,23.13,7.73,41.98,22.32,20.75,1.61,68.11,994.81,12.45
322,2019-11-17 04:00:00,3.13,20.99,6.95,38.22,20.42,19.64,1.39,77.99,994.77,12.2
323,2019-11-17 05:00:00,3.07,21.07,6.88,35.61,18.77,18.73,1.13,64.37,994.76,12.04
324,2019-11-17 06:00:00,3.2,19.65,8.45,39.34,20.11,18.43,1.1,73.36,995.03,11.96
325,2019-11-17 07:00:00,3.27,19.81,9.74,39.92,19.66,18.52,1.11,79.65,995.12,12.7
326,2019-11-17 08:00:00,6.38,20.79,10.75,40.65,19.74,19.56,1.63,87.07,994.99,14.3
327,2019-11-17 09:00:00,7.6,20.11,9.85,41.7,20.77,18.46,1.44,77.61,994.59,15.96
328,2019-11-17 10:00:00,5.89,18.47,8.88,44.57,23.29,16.86,1.3,67.49,993.94,17.4
329,2019-11-17 11:00:00,5.48,18.42,9.4,43.2,22.06,15.54,1.38,69.13,993.0,18.16
330,2019-11-17 12:00:00,5.62,20.67,10.93,42.12,20.38,15.81,1.33,78.96,992.1,19.15
331,2019-11-17 13:00:00,7.03,23.05,18.98,46.22,17.74,18.05,1.32,75.13,991.7,18.66
332,2019-11-17 14:00:00,6.13,20.56,19.73,52.62,21.42,16.57,1.06,57.33,991.87,16.97
333,2019-11-17 15:00:00,5.19,21.8,21.12,57.57,23.73,18.87,0.87,54.05,992.28,15.16
334,2019-11-17 16:00:00,4.42,28.72,22.06,57.04,22.76,22.69,0.94,53.48,992.64,14.43
335,2019-11-17 17:00:00,4.03,27.95,24.33,63.44,25.56,25.8,0.97,46.28,992.58,14.14
336,2019-11-17 18:00:00,3.69,29.12,20.21,53.65,21.81,27.71,1.55,78.9,992.27,14.38
337,2019-11-17 19:00:00,3.54,26.91,18.18,48.72,19.94,24.09,1.94,82.88,992.0,14.26
338,2019-11-17 20:00:00,3.56,25.8,16.22,42.97,17.47,23.4,1.8,79.07,991.73,14.18
339,2019-11-17 21:00:00,3.45,25.95,16.1,41.36,16.45,25.07,1.23,83.13,991.59,13.89
340,2019-11-17 22:00:00,3.5,27.64,17.41,43.89,17.31,24.99,1.24,87.46,991.31,13.85
341,2019-11-17 23:00:00,3.43,23.85,13.13,36.16,15.04,22.59,1.56,81.46,990.79,13.94
342,2019-11-18 00:00:00,3.35,20.92,9.0,28.41,12.66,20.42,1.81,84.37,990.25,14.16
343,2019-11-18 01:00:00,3.38,21.27,7.8,24.58,10.97,20.82,1.55,85.14,990.28,14.2
344,2019-11-18 02:00:00,3.33,22.5,7.55,23.04,10.09,22.26,0.8,70.98,990.38,13.93
345,2019-11-18 03:00:00,3.2,22.23,6.8,21.93,9.89,21.56,0.87,89.49,990.24,14.33
346,2019-11-18 04:00:00,3.47,22.03,6.43,21.19,9.56,21.39,1.23,89.03,990.15,14.67
347,2019-11-18 05:00:00,3.63,23.04,13.05,32.01,12.26,21.68,1.01,84.59,990.13,14.59
348,2019-11-18 06:00:00,4.25,25.81,23.51,60.35,23.94,24.35,0.8,84.39,990.42,14.3
349,2019-11-18 07:00:00,9.38,41.33,33.7,115.09,53.03,31.72,1.01,86.7,991.17,14.5
350,2019-11-18 08:00:00,16.71,41.6,35.57,132.24,63.13,36.84,0.7,87.37,991.73,15.48
351,2019-11-18 09:00:00,10.17,43.1,30.07,85.79,36.64,37.63,0.08,150.1,992.33,15.71
352,2019-11-18 10:00:00,11.62,55.31,33.96,129.98,63.13,48.08,0.61,69.77,992.47,16.32
353,2019-11-18 11:00:00,9.89,46.2,35.8,147.53,72.98,38.47,0.34,36.56,992.78,16.14
354,2019-11-18 12:00:00,7.52,31.19,18.11,90.69,47.61,26.85,1.03,90.82,992.65,17.77
355,2019-11-18 13:00:00,9.58,29.35,28.42,95.62,43.79,22.95,0.85,66.78,992.77,18.19
356,2019-11-18 14:00:00,7.66,31.25,31.46,107.43,49.12,26.51,0.87,81.28,993.21,17.38
357,2019-11-18 15:00:00,8.88,46.68,40.94,167.37,81.63,35.26,0.46,65.74,993.66,16.74
358,2019-11-18 16:00:00,7.46,41.06,37.83,145.95,70.86,36.34,0.65,65.45,994.3,15.32
359,2019-11-18 17:00:00,6.26,43.5,32.26,134.07,66.39,40.51,0.62,71.59,995.01,14.27
360,2019-11-18 18:00:00,6.19,63.8,31.53,142.93,72.82,60.63,0.65,81.53,995.58,13.07
361,2019-11-18 19:00:00,5.63,49.25,25.81,130.95,68.53,44.89,0.68,75.52,996.08,12.43
362,2019-11-18 20:00:00,5.16,41.55,21.19,125.67,68.19,39.71,0.77,75.92,996.66,11.82
363,2019-11-18 21:00:00,4.31,39.02,18.34,110.95,60.08,37.56,0.64,71.4,997.02,11.04
364,2019-11-18 22:00:00,3.76,42.47,15.07,89.99,48.86,40.91,0.58,82.31,997.48,10.38
365,2019-11-18 23:00:00,3.73,48.3,15.43,93.99,51.21,45.34,0.53,99.29,997.78,9.19
366,2019-11-19 00:00:00,3.24,35.49,12.57,79.44,43.73,34.18,0.52,94.43,997.94,8.39
367,2019-11-19 01:00:00,2.55,30.47,8.38,60.08,33.8,29.39,0.26,109.41,998.17,7.96
368,2019-11-19 02:00:00,2.75,35.29,7.25,56.6,32.24,35.01,0.17,137.13,998.22,8.05
369,2019-11-19 03:00:00,2.53,31.87,5.99,52.64,30.42,31.28,0.15,124.13,998.32,8.57
370,2019-11-19 04:00:00,2.84,31.4,6.54,57.54,33.23,30.3,0.3,271.89,998.24,9.05
371,2019-11-19 05:00:00,3.28,35.41,10.32,67.37,37.2,35.2,0.18,276.04,998.65,7.68
372,2019-11-19 06:00:00,4.11,45.3,12.62,95.86,54.35,43.67,0.16,275.15,998.96,6.85
373,2019-11-19 07:00:00,6.28,71.82,16.66,142.72,82.49,66.85,0.49,270.07,999.27,8.09
374,2019-11-19 08:00:00,8.79,80.55,29.04,172.99,94.21,73.47,1.06,282.16,999.31,10.82
375,2019-11-19 09:00:00,,32.93,20.96,96.81,49.26,30.66,0.77,262.42,999.22,12.61
376,2019-11-19 10:00:00,7.6,28.12,,,,26.2,0.84,256.28,998.84,14.22
377,2019-11-19 11:00:00,7.78,35.56,20.56,78.21,37.55,32.42,0.74,262.29,997.99,15.46
378,2019-11-19 12:00:00,7.89,46.33,32.6,110.39,51.26,39.59,0.42,295.4,997.24,16.4
379,2019-11-19 13:00:00,8.36,39.1,38.01,128.25,59.48,34.84,0.53,76.04,996.5,17.09
380,2019-11-19 14:00:00,8.21,39.24,38.31,135.32,63.6,26.25,0.87,69.74,996.13,16.61
381,2019-11-19 15:00:00,8.44,37.85,40.11,150.81,72.17,28.59,0.63,55.93,996.13,16.07
382,2019-11-19 16:00:00,7.35,40.08,40.74,156.63,75.94,31.05,0.58,76.55,996.15,15.26
383,2019-11-19 17:00:00,5.84,39.12,34.26,122.24,57.73,32.65,0.74,77.06,996.09,14.73
384,2019-11-19 18:00:00,5.39,29.99,31.61,115.38,54.59,26.16,0.82,68.33,996.07,14.59
385,2019-11-19 19:00:00,6.1,33.2,36.01,136.67,65.06,27.26,0.66,64.55,996.05,14.23
386,2019-11-19 20:00:00,4.75,27.83,26.26,94.19,44.43,22.69,1.34,75.33,995.86,14.49
387,2019-11-19 21:00:00,4.37,24.64,22.14,83.63,40.41,19.59,1.15,80.83,995.64,14.23
388,2019-11-19 22:00:00,3.96,21.49,16.45,66.85,32.92,18.05,1.28,64.97,995.22,13.67
389,2019-11-19 23:00:00,3.46,20.25,12.64,55.73,28.15,17.92,1.36,67.29,994.96,13.16
390,2019-11-20 00:00:00,3.4,19.89,10.34,48.44,24.9,17.15,1.3,77.0,994.44,13.0
391,2019-11-20 01:00:00,3.24,17.27,7.77,41.07,21.75,16.41,1.2,65.18,994.12,12.78
392,2019-11-20 02:00:00,3.25,15.48,5.5,35.4,19.52,14.9,1.57,78.73,993.55,12.95
393,2019-11-20 03:00:00,3.07,15.04,5.49,30.57,16.37,13.76,1.88,77.73,992.64,12.93
394,2019-11-20 04:00:00,3.17,13.61,6.39,28.48,14.39,12.86,1.56,76.99,992.1,13.17
395,2019-11-20 05:00:00,3.38,14.36,10.03,33.25,15.24,12.24,1.74,71.86,991.77,13.55
396,2019-11-20 06:00:00,3.87,16.32,14.45,41.5,17.64,12.93,1.53,58.61,991.44,13.91
397,2019-11-20 07:00:00,4.44,18.96,21.63,61.45,25.86,16.04,1.44,55.98,991.23,14.31
398,2019-11-20 08:00:00,4.92,29.08,25.21,79.25,35.23,27.11,0.27,302.62,991.9,13.35
399,2019-11-20 09:00:00,6.84,55.0,28.72,147.42,77.07,49.46,0.07,135.85,992.46,11.78
400,2019-11-20 10:00:00,6.63,51.15,22.84,145.64,78.95,49.1,0.27,80.7,992.03,12.34
401,2019-11-20 11:00:00,5.9,41.34,20.49,131.71,71.54,39.37,0.46,72.65,991.31,12.47
402,2019-11-20 12:00:00,6.03,56.74,20.43,137.79,76.99,58.36,0.97,86.28,991.1,12.45
403,2019-11-20 13:00:00,5.14,27.14,22.22,117.44,61.83,27.65,0.36,50.5,990.52,12.29
404,2019-11-20 14:00:00,6.26,26.17,28.57,153.12,81.57,25.92,0.19,50.02,990.98,13.23
405,2019-11-20 15:00:00,5.73,34.74,27.42,147.27,78.22,34.48,0.57,56.43,991.07,13.58
406,2019-11-20 16:00:00,6.39,47.17,29.05,166.49,89.75,46.24,0.54,68.7,991.45,13.25
407,2019-11-20 17:00:00,6.25,58.72,26.66,167.07,91.58,54.82,0.64,66.72,991.58,12.59
408,2019-11-20 18:00:00,5.45,54.05,22.13,139.08,76.63,51.5,0.57,72.64,992.01,12.18
409,2019-11-20 19:00:00,5.95,56.53,21.35,154.91,87.73,57.0,0.58,76.48,992.06,11.34
410,2019-11-20 20:00:00,5.65,57.31,18.54,144.47,82.15,56.45,0.29,44.34,992.33,10.71
411,2019-11-20 21:00:00,4.8,83.93,14.14,120.04,69.26,82.37,0.14,233.94,992.51,10.39
412,2019-11-20 22:00:00,4.43,86.96,12.43,113.14,65.17,87.72,0.18,134.34,992.45,10.15
413,2019-11-20 23:00:00,4.6,51.58,11.1,116.81,69.29,50.0,0.22,100.7,992.63,9.34
414,2019-11-21 00:00:00,4.05,37.4,9.45,98.98,58.43,37.42,0.28,100.01,992.75,8.83
415,2019-11-21 01:00:00,3.3,47.66,6.8,76.21,45.27,47.11,0.26,74.79,992.82,8.17
416,2019-11-21 02:00:00,2.97,52.14,5.76,69.4,41.49,51.74,0.16,294.44,992.49,7.93
417,2019-11-21 03:00:00,3.24,60.5,6.5,69.5,41.13,59.66,0.37,297.87,992.49,7.55
418,2019-11-21 04:00:00,3.32,50.26,4.99,65.47,39.44,49.84,0.06,98.19,992.53,6.91
419,2019-11-21 05:00:00,3.89,43.84,5.9,77.4,46.56,43.89,0.22,281.52,992.68,6.4
420,2019-11-21 06:00:00,5.39,40.2,7.81,120.39,73.64,40.1,0.35,315.64,992.89,5.59
421,2019-11-21 07:00:00,5.97,46.71,7.53,128.5,78.84,45.23,0.31,316.24,993.19,5.69
422,2019-11-21 08:00:00,5.16,75.8,7.88,115.89,70.43,73.88,0.52,274.45,993.27,6.22
423,2019-11-21 09:00:00,4.62,61.93,9.2,105.66,63.22,61.28,1.41,282.34,993.14,7.6
424,2019-11-21 10:00:00,4.27,58.97,11.68,100.52,57.96,56.72,1.61,281.32,992.73,8.61
425,2019-11-21 11:00:00,5.09,62.93,22.87,130.34,70.1,55.58,1.69,281.71,992.06,10.73
426,2019-11-21 12:00:00,6.52,53.42,28.49,122.49,61.5,48.66,1.41,284.88,991.33,12.92
427,2019-11-21 13:00:00,5.69,47.35,27.2,94.15,43.59,38.46,0.68,274.6,990.69,14.75
428,2019-11-21 14:00:00,6.11,67.62,38.38,131.77,60.7,53.12,0.37,290.13,990.34,15.19
429,2019-11-21 15:00:00,5.96,43.84,32.33,130.73,63.74,25.44,0.55,44.91,990.51,14.4
430,2019-11-21 16:00:00,4.67,37.08,29.5,126.14,63.26,27.58,0.71,53.63,990.8,13.09
431,2019-11-21 17:00:00,5.07,50.21,28.22,126.99,63.93,42.87,0.54,82.06,991.03,11.99
432,2019-11-21 18:00:00,4.92,51.16,24.04,116.57,60.14,43.01,0.7,90.63,990.91,11.71
433,2019-11-21 19:00:00,5.15,63.56,24.34,123.03,64.42,56.98,0.83,96.33,991.18,11.26
434,2019-11-21 20:00:00,3.66,34.51,17.16,87.37,45.96,31.68,0.74,91.16,991.45,11.33
435,2019-11-21 21:00:00,3.74,47.61,16.23,85.35,45.08,45.16,0.53,95.18,991.56,10.53
436,2019-11-21 22:00:00,3.68,51.05,14.07,79.97,42.63,47.64,0.33,93.37,991.98,10.33
437,2019-11-21 23:00:00,4.17,61.76,12.27,87.67,49.14,57.56,0.5,99.93,992.09,9.66
438,2019-11-22 00:00:00,3.34,15.72,9.63,69.51,39.16,13.44,0.45,104.65,991.98,9.75
439,2019-11-22 01:00:00,2.87,12.4,6.09,56.02,32.59,11.23,0.67,81.95,992.14,9.75
440,2019-11-22 02:00:00,2.84,3.95,3.63,47.68,28.76,3.79,0.69,102.84,992.17,9.29
441,2019-11-22 03:00:00,2.75,1.58,2.73,42.83,26.15,1.32,0.88,88.68,992.18,8.81
442,2019-11-22 04:00:00,2.27,1.59,4.06,43.58,25.8,1.37,0.76,72.71,992.35,8.51
443,2019-11-22 05:00:00,2.78,1.97,5.19,45.17,26.05,1.36,0.72,70.29,992.61,7.9
444,2019-11-22 06:00:00,3.24,4.5,8.97,55.5,30.35,2.44,0.61,66.27,992.98,7.26
445,2019-11-22 07:00:00,3.79,9.32,14.03,76.38,40.57,5.07,0.94,59.39,993.49,7.24
446,2019-11-22 08:00:00,3.79,8.4,14.86,77.22,40.79,4.66,0.87,67.86,993.98,7.15
447,2019-11-22 09:00:00,3.57,12.4,14.0,69.22,36.05,6.35,1.06,61.54,994.24,7.04
448,2019-11-22 10:00:00,,15.73,15.82,74.44,38.2,6.35,0.87,51.94,994.39,7.41
449,2019-11-22 11:00:00,3.65,14.22,,,,7.6,0.69,63.9,994.3,7.55
450,2019-11-22 12:00:00,4.28,16.9,17.65,83.57,43.02,8.06,0.52,59.34,994.11,7.47
451,2019-11-22 13:00:00,4.27,14.19,16.79,82.29,42.67,7.98,0.92,69.82,994.06,7.05
452,2019-11-22 14:00:00,4.18,14.76,17.47,84.91,44.01,7.36,0.99,65.04,994.2,6.55
453,2019-11-22 15:00:00,4.41,16.79,18.58,90.63,47.01,8.5,0.79,61.78,994.32,6.13
454,2019-11-22 16:00:00,3.71,12.14,15.14,77.2,40.49,7.78,0.88,66.25,994.49,5.55
455,2019-11-22 17:00:00,3.53,17.21,15.77,77.68,40.39,10.54,0.69,54.32,994.8,5.28
456,2019-11-22 18:00:00,3.28,12.56,14.72,73.73,38.5,9.59,0.64,65.9,995.06,5.05
457,2019-11-22 19:00:00,3.4,12.13,13.88,69.28,36.21,8.65,0.52,76.82,995.36,5.07
458,2019-11-22 20:00:00,3.27,9.44,12.5,65.38,34.62,7.48,0.64,77.34,995.68,4.9
459,2019-11-22 21:00:00,3.09,9.89,11.26,59.65,31.55,8.63,0.77,79.77,996.01,4.84
460,2019-11-22 22:00:00,3.06,10.71,9.76,55.7,30.03,7.88,1.06,85.37,996.06,4.55
461,2019-11-22 23:00:00,2.72,10.36,7.99,46.59,25.18,9.74,1.17,98.07,996.15,4.25
462,2019-11-23 00:00:00,2.66,9.62,6.75,42.75,23.48,9.21,1.23,95.1,996.21,4.08
463,2019-11-23 01:00:00,2.63,6.44,6.26,39.34,21.6,5.95,1.03,91.98,996.27,3.93
464,2019-11-23 02:00:00,2.54,6.24,5.05,35.38,19.78,5.75,0.88,91.79,996.06,3.98
465,2019-11-23 03:00:00,2.5,6.18,4.78,32.99,18.41,6.08,0.82,90.33,996.02,3.78
466,2019-11-23 04:00:00,2.61,4.98,3.89,31.59,18.1,4.74,0.88,91.13,996.07,3.72
467,2019-11-23 05:00:00,2.79,5.0,7.13,41.76,22.55,3.98,0.5,73.74,996.21,4.06
468,2019-11-23 06:00:00,3.06,6.08,8.0,44.56,23.84,5.31,0.61,69.9,996.27,4.38
469,2019-11-23 07:00:00,3.71,11.0,11.34,56.72,29.56,9.95,0.72,80.53,996.48,4.59
470,2019-11-23 08:00:00,4.65,17.37,9.63,46.36,24.0,15.01,0.77,112.52,996.56,5.21
471,2019-11-23 09:00:00,5.17,23.47,11.94,58.29,30.21,21.0,0.76,98.15,996.53,6.32
472,2019-11-23 10:00:00,5.35,19.4,12.38,59.33,30.64,15.92,0.84,91.17,996.14,7.7
473,2019-11-23 11:00:00,6.02,19.47,12.47,58.62,30.08,11.93,0.91,76.27,995.44,9.79
474,2019-11-23 12:00:00,5.27,16.49,14.46,67.57,34.36,12.38,0.71,48.93,994.59,10.35
475,2019-11-23 13:00:00,5.72,18.51,15.68,69.56,35.13,13.79,0.92,61.8,994.0,9.93
476,2019-11-23 14:00:00,5.69,22.04,15.96,76.36,39.47,16.7,1.09,77.93,993.79,8.64
477,2019-11-23 15:00:00,4.7,26.9,15.49,72.66,37.29,22.53,1.13,83.41,993.79,6.77
478,2019-11-23 16:00:00,4.28,31.21,14.73,71.85,37.27,27.84,1.1,85.88,993.86,5.53
479,2019-11-23 17:00:00,3.84,32.68,15.04,70.67,36.27,30.42,1.01,93.0,994.3,5.54
480,2019-11-23 18:00:00,4.14,38.94,17.02,77.84,39.66,35.33,1.03,94.54,994.44,5.54
481,2019-11-23 19:00:00,3.72,43.51,15.54,68.48,34.53,40.52,0.8,105.78,994.5,5.49
482,2019-11-23 20:00:00,3.45,48.76,14.6,62.17,30.98,46.54,0.33,120.69,994.84,5.2
483,2019-11-23 21:00:00,4.42,59.58,17.12,85.95,44.96,58.26,0.56,105.79,994.86,5.35
484,2019-11-23 22:00:00,4.32,51.09,14.7,84.0,45.2,47.89,0.4,92.89,994.9,5.03
485,2019-11-23 23:00:00,4.13,38.77,13.65,82.91,44.71,36.3,0.44,73.26,994.84,5.28
486,2019-11-24 00:00:00,4.12,36.7,12.4,80.42,43.73,34.63,0.22,53.89,994.66,5.08
487,2019-11-24 01:00:00,3.49,49.19,8.9,60.66,33.89,48.06,0.38,263.52,994.53,3.21
488,2019-11-24 02:00:00,3.81,64.37,7.48,63.29,36.39,61.78,0.3,262.63,994.14,2.8
489,2019-11-24 03:00:00,3.96,74.62,5.93,62.04,36.61,71.87,0.18,204.19,994.04,2.43
490,2019-11-24 04:00:00,4.26,56.8,5.85,70.16,41.95,55.13,0.04,98.31,994.14,2.16
491,2019-11-24 05:00:00,3.41,48.18,4.94,59.27,35.46,46.4,0.14,92.18,993.95,1.93
492,2019-11-24 06:00:00,4.27,54.36,5.54,69.83,41.97,51.54,0.48,294.4,994.17,1.72
493,2019-11-24 07:00:00,4.42,53.58,6.06,78.81,47.47,51.05,0.22,309.38,994.3,2.09
494,2019-11-24 08:00:00,4.99,74.16,10.58,88.25,50.64,71.0,1.0,285.68,994.12,4.0
495,2019-11-24 09:00:00,5.48,59.15,14.78,85.43,46.06,56.17,1.46,284.8,994.15,5.66
496,2019-11-24 10:00:00,6.65,53.79,16.1,67.38,33.46,51.7,1.35,282.67,993.81,8.25
497,2019-11-24 11:00:00,6.74,58.18,18.31,67.09,31.81,53.76,1.38,279.39,992.87,10.36
498,2019-11-24 12:00:00,6.11,65.91,22.24,66.58,28.88,66.18,0.99,273.32,992.05,10.21
499,2019-11-24 13:00:00,6.67,31.22,19.77,65.0,29.54,27.57,0.34,43.64,991.44,12.66
500,2019-11-24 14:00:00,6.3,28.73,18.65,67.35,31.72,23.46,0.95,85.43,991.33,11.43
501,2019-11-24 15:00:00,4.88,29.67,17.03,68.86,33.23,26.53,1.17,89.6,990.93,8.75
502,2019-11-24 16:00:00,4.11,31.94,16.39,68.18,33.81,28.22,1.09,90.81,991.0,7.37
503,2019-11-24 17:00:00,3.81,26.77,14.73,63.59,31.85,23.9,1.04,83.91,991.15,7.02
504,2019-11-24 18:00:00,3.3,24.64,13.8,61.67,31.24,24.16,1.01,84.53,991.14,6.88
505,2019-11-24 19:00:00,3.84,21.09,14.89,66.88,33.87,18.87,0.98,61.89,990.88,7.54
506,2019-11-24 20:00:00,3.54,17.41,13.18,61.01,31.27,15.98,0.96,63.12,990.49,8.23
507,2019-11-24 21:00:00,3.53,18.17,12.9,55.36,27.68,16.98,1.04,64.83,990.11,9.29
508,2019-11-24 22:00:00,3.58,17.91,12.36,53.39,26.77,15.54,0.9,61.27,990.05,9.67
509,2019-11-24 23:00:00,3.37,15.84,11.17,46.01,22.72,13.88,0.97,67.68,989.7,10.65
510,2019-11-25 00:00:00,3.43,15.72,9.88,45.13,23.04,14.74,0.43,52.84,989.41,10.16
511,2019-11-25 01:00:00,3.14,12.86,7.1,35.1,18.27,11.96,0.6,54.19,989.24,9.28
512,2019-11-25 02:00:00,3.27,10.85,4.16,29.35,16.45,10.63,0.83,64.26,988.58,8.68
513,2019-11-25 03:00:00,2.99,10.45,3.48,26.33,14.92,10.22,0.78,77.06,988.15,8.4
514,2019-11-25 04:00:00,3.03,11.75,5.38,28.97,15.37,11.04,0.98,85.29,987.92,8.19
515,2019-11-25 05:00:00,3.4,11.93,9.02,39.11,19.61,11.33,0.62,92.29,987.78,7.53
516,2019-11-25 06:00:00,6.49,19.91,20.9,88.27,43.76,14.35,0.77,75.63,988.11,6.91
517,2019-11-25 07:00:00,12.66,21.68,21.51,100.19,51.51,17.97,0.08,89.81,988.55,7.38
518,2019-11-25 08:00:00,12.88,26.62,22.32,98.43,49.23,18.42,0.47,41.08,988.43,9.86
519,2019-11-25 09:00:00,9.36,25.51,17.55,70.54,34.9,20.92,0.12,44.2,987.89,11.21
520,2019-11-25 10:00:00,18.71,21.64,14.12,64.86,33.44,16.0,0.33,79.8,986.88,12.3
521,2019-11-25 11:00:00,,23.79,14.71,65.49,33.11,16.03,0.78,49.63,985.71,12.2
522,2019-11-25 12:00:00,8.01,26.27,,,,17.03,0.57,67.93,985.42,11.98
523,2019-11-25 13:00:00,7.71,23.05,18.38,71.22,34.22,17.55,0.87,75.73,985.2,11.74
524,2019-11-25 14:00:00,8.56,20.03,20.29,85.2,42.51,16.7,1.02,89.99,985.48,9.96
525,2019-11-25 15:00:00,6.37,21.99,15.85,65.27,32.13,20.09,0.9,107.88,985.76,8.64
526,2019-11-25 16:00:00,6.52,26.21,20.49,89.65,45.18,22.73,1.09,82.85,985.69,8.52
527,2019-11-25 17:00:00,6.09,28.25,20.68,89.21,44.7,24.67,0.87,76.93,985.78,8.37
528,2019-11-25 18:00:00,5.39,18.29,17.41,74.47,37.28,15.23,1.2,78.69,985.89,8.26
529,2019-11-25 19:00:00,5.18,18.59,18.32,80.72,39.93,15.17,0.43,62.38,986.13,8.41
530,2019-11-25 20:00:00,4.91,19.39,17.2,75.75,38.63,16.64,0.93,77.0,986.17,8.96
531,2019-11-25 21:00:00,4.15,16.39,13.2,58.31,29.43,13.7,0.26,113.27,985.96,9.22
532,2019-11-25 22:00:00,4.35,10.84,12.67,57.9,29.49,9.0,0.12,357.94,985.91,9.69
533,2019-11-25 23:00:00,4.29,7.14,10.52,53.65,28.19,6.29,0.68,42.75,986.0,9.92
534,2019-11-26 00:00:00,3.99,4.9,8.26,45.02,24.03,4.5,0.53,52.08,985.75,9.78
535,2019-11-26 01:00:00,3.7,3.65,5.0,36.49,20.57,3.5,0.43,22.6,985.87,9.56
536,2019-11-26 02:00:00,3.58,3.59,4.75,34.3,19.27,3.36,0.69,48.69,985.68,9.32
537,2019-11-26 03:00:00,3.52,2.55,4.1,31.92,18.18,2.53,0.73,52.54,985.54,9.02
538,2019-11-26 04:00:00,3.64,1.55,5.76,36.94,20.38,1.48,0.61,56.46,985.71,8.92
539,2019-11-26 05:00:00,3.21,1.88,7.9,40.36,21.11,1.71,0.49,53.4,986.04,8.63
540,2019-11-26 06:00:00,3.76,3.02,11.53,53.55,27.13,3.02,0.47,53.33,986.3,8.38
541,2019-11-26 07:00:00,4.56,5.55,15.32,72.57,37.34,5.57,0.83,56.73,986.68,8.55
542,2019-11-26 08:00:00,4.63,12.72,16.69,77.26,39.45,8.56,0.85,58.06,987.18,8.95
543,2019-11-26 09:00:00,5.26,17.56,18.02,80.03,40.64,9.85,0.65,56.81,987.65,9.56
544,2019-11-26 10:00:00,6.25,16.2,18.3,77.79,38.75,8.12,0.79,71.52,987.59,10.44
545,2019-11-26 11:00:00,6.6,13.94,19.71,79.09,38.73,10.67,0.56,66.97,987.33,10.96
546,2019-11-26 12:00:00,6.47,19.96,19.26,76.11,36.9,11.94,0.69,70.95,987.14,11.56
547,2019-11-26 13:00:00,6.6,15.3,22.32,91.41,44.96,10.26,0.78,70.4,987.0,11.62
548,2019-11-26 14:00:00,6.77,25.97,24.85,104.45,51.9,13.51,0.82,63.51,987.21,10.58
549,2019-11-26 15:00:00,6.34,26.69,26.34,110.9,55.27,19.48,0.54,74.67,987.61,9.83
550,2019-11-26 16:00:00,4.67,28.53,24.82,99.58,48.29,25.48,0.51,90.85,988.0,9.01
551,2019-11-26 17:00:00,3.86,41.73,22.64,87.09,42.06,39.67,0.49,99.01,988.18,8.19
552,2019-11-26 18:00:00,4.25,36.02,20.43,89.06,44.32,33.39,0.4,97.69,988.5,7.64
553,2019-11-26 19:00:00,,83.81,35.9,118.86,54.48,65.32,0.11,143.74,988.99,6.83
554,2019-11-26 20:00:00,9.72,101.83,24.4,104.49,52.34,99.36,0.13,126.38,989.25,6.15
555,2019-11-26 21:00:00,10.13,73.44,16.48,86.48,45.72,71.07,0.3,91.02,989.21,5.52
556,2019-11-26 22:00:00,9.84,109.53,11.98,88.3,49.83,105.66,0.36,88.01,989.13,4.47
557,2019-11-26 23:00:00,8.68,89.31,7.19,61.48,35.34,86.79,0.13,115.21,988.94,4.32
558,2019-11-27 00:00:00,8.38,81.75,7.08,66.36,38.75,79.56,0.15,328.05,988.9,5.22
559,2019-11-27 01:00:00,7.64,59.59,5.86,49.87,28.79,58.23,0.33,90.86,988.82,5.6
560,2019-11-27 02:00:00,7.21,32.33,3.26,36.82,21.89,31.12,0.41,83.28,988.51,6.06
561,2019-11-27 03:00:00,7.01,14.56,2.25,33.41,20.34,13.88,0.84,83.2,988.28,6.91
562,2019-11-27 04:00:00,7.2,11.54,2.82,34.38,20.55,10.61,0.92,79.76,988.12,6.84
563,2019-11-27 05:00:00,7.23,14.52,4.8,42.03,24.24,13.99,1.04,78.58,988.18,6.36
564,2019-11-27 06:00:00,9.24,24.28,13.67,91.43,50.48,20.74,0.6,76.85,988.29,5.88
565,2019-11-27 07:00:00,11.08,47.31,13.14,103.04,59.48,43.95,0.61,115.27,988.54,5.85
566,2019-11-27 08:00:00,13.77,40.01,18.27,107.58,57.92,33.53,0.92,95.66,988.81,7.87
567,2019-11-27 09:00:00,13.82,29.06,16.87,89.36,47.4,24.72,1.24,84.16,989.11,9.15
568,2019-11-27 10:00:00,16.27,24.8,13.32,69.02,36.42,20.16,1.2,84.77,988.45,10.31
569,2019-11-27 11:00:00,11.79,27.9,11.03,67.41,36.71,20.77,1.17,86.36,987.59,11.75
570,2019-11-27 12:00:00,11.18,25.35,13.54,74.62,39.82,17.36,0.91,77.77,986.57,14.25
571,2019-11-27 13:00:00,13.09,37.31,32.57,115.52,53.17,25.61,0.5,56.02,985.88,15.41
572,2019-11-27 14:00:00,14.68,43.92,37.7,129.42,60.3,33.47,0.32,104.84,985.56,15.52
573,2019-11-27 15:00:00,13.24,53.8,21.46,66.4,29.47,50.93,0.42,131.62,985.7,14.93
574,2019-11-27 16:00:00,12.31,98.87,28.44,78.79,32.73,92.33,0.51,125.92,985.85,13.36
575,2019-11-27 17:00:00,17.6,135.06,45.58,239.19,124.96,113.43,0.17,91.49,986.11,11.87
576,2019-11-27 18:00:00,16.27,180.18,39.39,237.0,128.1,164.55,0.2,74.68,986.49,10.88
577,2019-11-27 19:00:00,15.22,164.01,37.64,215.69,115.6,150.22,0.17,87.98,986.48,10.6
578,2019-11-27 20:00:00,18.17,151.21,36.41,261.83,148.83,142.26,0.1,59.25,986.52,10.65
579,2019-11-27 21:00:00,22.94,184.52,32.66,243.04,136.92,173.66,0.05,139.13,986.61,10.58
580,2019-11-27 22:00:00,14.72,169.19,31.24,243.11,139.16,159.09,0.29,86.9,986.77,10.56
581,2019-11-27 23:00:00,9.07,54.56,19.01,114.45,62.27,51.05,0.27,56.5,986.55,10.2
582,2019-11-28 00:00:00,9.23,72.02,18.76,106.22,57.1,69.75,0.1,56.36,986.07,10.34
583,2019-11-28 01:00:00,8.61,60.26,15.5,97.6,53.55,59.25,0.09,73.67,986.15,9.9
584,2019-11-28 02:00:00,7.47,35.64,8.38,76.18,44.34,33.69,0.58,75.36,986.1,9.13
585,2019-11-28 03:00:00,7.46,25.99,6.86,70.59,41.59,24.47,0.53,76.88,985.66,9.07
586,2019-11-28 04:00:00,7.48,25.71,6.59,68.32,40.24,24.14,0.6,79.62,985.65,9.27
587,2019-11-28 05:00:00,8.06,27.95,10.57,89.44,51.54,25.13,0.49,80.28,985.71,9.52
588,2019-11-28 06:00:00,9.36,31.12,14.12,124.51,72.35,28.62,0.21,106.03,985.85,9.63
589,2019-11-28 07:00:00,11.77,37.18,17.8,184.81,108.88,35.17,0.28,61.87,985.95,10.23
590,2019-11-28 08:00:00,12.26,44.4,21.93,179.38,103.06,42.69,0.42,79.07,985.94,11.64
591,2019-11-28 09:00:00,13.14,62.31,27.92,160.91,86.8,55.85,0.23,78.99,985.96,13.82
592,2019-11-28 10:00:00,15.0,34.86,21.76,103.06,52.71,27.46,0.54,138.17,985.41,16.05
593,2019-11-28 11:00:00,13.95,21.41,16.08,76.14,39.33,16.83,0.67,152.25,984.91,16.55
594,2019-11-28 12:00:00,,21.2,19.94,84.41,42.02,17.53,0.83,130.1,984.14,17.24
595,2019-11-28 13:00:00,12.49,27.45,,,,20.07,0.73,117.54,983.25,17.11
596,2019-11-28 14:00:00,12.42,27.18,22.14,76.69,35.97,22.9,0.77,120.35,982.85,17.26
597,2019-11-28 15:00:00,11.44,31.64,17.76,65.5,31.16,27.54,0.78,122.38,982.78,16.81
598,2019-11-28 16:00:00,11.17,37.76,16.18,60.21,28.74,34.38,0.5,147.95,982.41,16.47
599,2019-11-28 17:00:00,11.1,30.03,17.9,63.17,29.53,26.62,0.84,153.65,982.22,16.47
600,2019-11-28 18:00:00,10.71,24.86,19.94,63.87,28.59,21.44,0.79,165.29,982.11,16.17
601,2019-11-28 19:00:00,9.35,27.23,16.23,58.07,27.22,24.4,0.65,136.67,981.86,15.23
602,2019-11-28 20:00:00,9.17,24.3,25.65,87.2,40.53,22.48,0.3,162.9,981.74,14.26
603,2019-11-28 21:00:00,8.96,23.45,24.21,86.78,41.19,21.12,0.19,143.84,981.59,14.03
604,2019-11-28 22:00:00,10.71,48.5,26.24,138.25,72.49,46.84,0.04,97.89,981.69,12.99
605,2019-11-28 23:00:00,8.08,21.69,11.11,63.59,34.77,20.72,0.39,235.74,981.88,12.43
606,2019-11-29 00:00:00,7.32,11.78,5.97,44.74,25.3,11.34,1.46,276.7,982.63,10.88
607,2019-11-29 01:00:00,7.12,5.92,4.09,37.95,22.12,5.7,0.63,253.31,982.8,8.83
608,2019-11-29 02:00:00,6.91,6.33,2.82,33.27,19.88,6.33,0.18,171.85,983.1,8.65
609,2019-11-29 03:00:00,6.83,8.04,4.5,35.33,20.11,7.84,0.19,105.46,983.51,8.6
610,2019-11-29 04:00:00,7.14,10.02,4.65,38.07,21.75,9.61,0.16,62.33,983.65,8.59
611,2019-11-29 05:00:00,7.61,11.08,9.37,59.33,32.77,10.89,0.17,30.22,983.87,8.61
612,2019-11-29 06:00:00,7.38,29.19,8.77,52.4,28.41,28.38,0.12,116.48,984.32,8.62
613,2019-11-29 07:00:00,10.42,62.1,14.14,135.62,78.94,61.46,0.27,91.93,984.94,8.71
614,2019-11-29 08:00:00,10.19,42.43,15.5,132.53,77.37,40.52,0.29,58.96,984.95,8.94
615,2019-11-29 09:00:00,7.75,43.99,14.24,76.29,40.46,40.87,0.14,92.99,985.58,9.37
616,2019-11-29 10:00:00,8.85,37.02,20.54,94.07,47.95,33.08,0.37,297.48,985.41,11.44
617,2019-11-29 11:00:00,11.51,54.91,32.43,113.59,53.17,37.5,0.34,340.12,985.0,14.32
618,2019-11-29 12:00:00,12.33,45.37,41.23,144.47,66.48,30.0,0.25,32.63,984.78,14.22
619,2019-11-29 13:00:00,11.28,42.49,37.03,116.52,52.18,26.17,0.52,73.88,984.6,15.54
620,2019-11-29 14:00:00,10.38,22.65,38.54,128.66,57.7,20.46,0.2,295.94,984.8,14.88
621,2019-11-29 15:00:00,11.85,58.63,45.67,176.37,86.25,51.43,0.35,74.37,985.21,14.21
622,2019-11-29 16:00:00,10.78,86.28,36.83,158.42,79.23,74.72,0.42,80.94,985.85,11.99
623,2019-11-29 17:00:00,10.67,94.16,29.37,164.02,87.94,84.49,0.58,71.41,986.45,11.12
624,2019-11-29 18:00:00,11.8,120.47,27.93,200.24,113.0,105.32,0.36,90.6,986.77,10.88
625,2019-11-29 19:00:00,13.0,140.53,26.48,222.53,127.46,131.26,0.3,61.83,987.05,10.41
626,2019-11-29 20:00:00,11.76,118.02,23.77,195.75,112.64,106.39,0.28,96.52,987.25,9.96
627,2019-11-29 21:00:00,13.29,148.0,26.65,233.86,134.58,135.63,0.34,111.0,987.41,9.16
628,2019-11-29 22:00:00,11.04,137.95,21.85,189.67,109.69,125.9,0.37,115.83,987.32,8.19
629,2019-11-29 23:00:00,9.66,88.85,18.17,151.75,86.71,79.19,0.46,92.41,986.99,7.59
630,2019-11-30 00:00:00,8.19,88.69,13.51,113.29,65.16,78.33,0.52,75.59,986.52,7.11
631,2019-11-30 01:00:00,7.46,81.31,10.52,91.69,52.96,76.26,0.32,121.37,986.54,7.44
632,2019-11-30 02:00:00,7.61,66.53,9.17,91.53,53.65,64.3,0.23,108.4,986.28,7.71
633,2019-11-30 03:00:00,7.59,49.86,7.63,88.51,52.79,47.67,0.11,53.5,986.86,7.99
634,2019-11-30 04:00:00,7.04,37.89,6.02,73.26,43.94,36.25,0.64,88.61,987.1,7.85
635,2019-11-30 05:00:00,7.15,7.52,7.8,73.6,42.92,7.15,0.36,59.21,986.43,7.98
636,2019-11-30 06:00:00,6.93,11.71,9.04,68.46,38.79,11.15,0.56,259.56,987.5,8.06
637,2019-11-30 07:00:00,6.96,14.76,7.3,66.72,38.77,14.26,0.84,270.53,988.71,8.06
638,2019-11-30 08:00:00,6.77,14.13,7.61,61.47,35.12,13.72,2.23,277.37,990.0,7.54
639,2019-11-30 09:00:00,6.71,8.82,6.68,56.15,32.31,8.62,2.38,274.8,991.82,5.88
640,2019-11-30 10:00:00,6.66,10.94,8.39,50.88,27.71,10.35,2.96,269.84,993.33,4.83
641,2019-11-30 11:00:00,6.82,16.19,13.33,55.66,27.62,15.67,1.34,273.29,994.12,5.86
642,2019-11-30 12:00:00,7.29,23.83,19.61,66.83,30.81,21.86,1.54,276.04,994.65,6.72
643,2019-11-30 13:00:00,7.79,21.33,22.58,73.15,32.97,18.6,1.82,272.83,994.95,7.35
644,2019-11-30 14:00:00,9.68,25.48,28.48,80.77,34.14,19.28,1.31,281.48,995.53,7.5
645,2019-11-30 15:00:00,9.4,23.2,30.37,80.19,32.59,19.34,0.46,274.61,996.18,6.97
646,2019-11-30 16:00:00,7.76,25.62,19.85,50.35,19.95,25.17,0.36,205.67,996.78,5.93
647,2019-11-30 17:00:00,7.72,50.42,30.1,66.38,23.57,45.16,0.47,244.26,997.28,5.43
648,2019-11-30 18:00:00,8.67,96.01,31.67,98.49,43.63,91.25,0.2,67.69,997.84,4.21
649,2019-11-30 19:00:00,8.82,63.22,31.09,101.01,44.92,58.77,0.12,263.01,998.28,4.02
650,2019-11-30 20:00:00,8.83,79.86,28.99,102.11,47.68,74.66,0.53,272.76,999.02,4.07
651,2019-11-30 21:00:00,7.2,30.27,20.45,56.35,23.4,29.11,1.08,268.57,999.47,3.74
652,2019-11-30 22:00:00,6.86,26.83,14.78,46.69,20.95,22.38,1.13,267.63,999.93,3.33
653,2019-11-30 23:00:00,7.15,21.74,13.21,40.84,18.0,20.54,0.4,260.42,1000.53,2.44
654,2019-12-01 00:00:00,7.03,21.03,17.67,52.82,22.8,19.52,0.03,258.91,1000.57,1.85
655,2019-12-01 01:00:00,6.96,42.14,23.21,61.57,25.07,36.57,0.34,88.95,1000.9,0.65
656,2019-12-01 02:00:00,6.54,56.53,15.78,46.29,19.95,53.75,0.54,102.67,1001.04,-0.7
657,2019-12-01 03:00:00,6.62,47.36,12.34,41.04,18.73,46.17,0.57,91.43,1001.13,-1.46
658,2019-12-01 04:00:00,6.19,31.75,9.73,35.12,16.59,30.48,0.62,103.28,1001.47,-1.94
659,2019-12-01 05:00:00,6.12,27.28,10.53,37.11,17.38,26.06,0.41,96.6,1001.85,-2.51
660,2019-12-01 06:00:00,6.46,30.11,12.08,40.95,19.2,28.73,0.37,100.94,1002.4,-2.76
661,2019-12-01 07:00:00,6.7,40.29,12.77,48.59,23.35,38.1,0.31,98.96,1002.85,-2.25
662,2019-12-01 08:00:00,14.75,60.5,14.2,48.58,22.37,57.41,0.62,113.38,1003.26,-0.55
663,2019-12-01 09:00:00,45.42,52.87,16.8,46.07,19.12,48.53,0.03,155.17,1003.59,2.34
664,2019-12-01 10:00:00,17.84,50.76,20.44,52.53,21.0,48.41,0.56,286.4,1003.26,3.63
665,2019-12-01 11:00:00,21.48,22.87,11.47,34.39,14.95,21.95,0.66,268.37,1002.85,4.37
666,2019-12-01 12:00:00,24.83,14.53,11.24,32.07,13.63,13.91,0.45,232.06,1002.34,5.31
667,2019-12-01 13:00:00,,18.38,15.81,39.21,15.09,16.69,0.4,98.73,1001.63,5.16
668,2019-12-01 14:00:00,16.51,17.83,,,,16.19,0.02,324.6,1001.48,4.9
669,2019-12-01 15:00:00,18.33,52.93,37.08,78.57,26.97,46.03,0.24,73.25,1001.45,4.47
670,2019-12-01 16:00:00,18.43,136.56,41.67,104.23,40.94,128.53,0.53,104.9,1001.35,2.56
671,2019-12-01 17:00:00,9.31,144.0,32.85,84.23,33.47,139.84,0.67,104.63,1001.45,0.46
672,2019-12-01 18:00:00,9.12,140.99,33.98,111.1,50.37,137.0,0.55,99.88,1001.53,-0.3
673,2019-12-01 19:00:00,9.6,155.88,33.86,132.62,65.01,144.93,0.52,88.48,1001.77,-0.79
674,2019-12-01 20:00:00,8.89,148.42,27.29,107.52,52.36,144.95,0.54,103.41,1001.55,-1.17
675,2019-12-01 21:00:00,8.64,151.07,26.25,104.42,51.02,147.43,0.37,106.4,1001.69,-1.7
676,2019-12-01 22:00:00,8.15,95.58,25.08,98.91,48.29,91.69,0.35,96.32,1001.47,-1.71
677,2019-12-01 23:00:00,7.09,143.61,18.97,66.8,31.19,142.02,0.19,125.37,1001.32,-1.97
678,2019-12-02 00:00:00,7.53,137.92,18.87,77.58,38.4,136.25,0.28,104.95,1001.27,-2.07
679,2019-12-02 01:00:00,6.78,77.67,15.29,57.62,27.61,76.49,0.39,88.86,1000.96,-2.27
680,2019-12-02 02:00:00,6.69,103.06,13.41,47.41,22.21,102.25,0.14,143.83,1000.57,-1.91
681,2019-12-02 03:00:00,6.96,110.34,14.6,53.33,25.29,108.13,0.06,185.19,1000.22,-1.58
682,2019-12-02 04:00:00,6.8,80.24,11.81,47.83,23.5,79.18,0.25,114.49,999.59,-1.59
683,2019-12-02 05:00:00,6.81,51.72,13.19,46.23,21.55,50.92,0.16,188.32,999.04,-0.65
684,2019-12-02 06:00:00,8.58,79.92,19.52,91.18,46.75,78.75,0.31,135.4,998.98,0.16
685,2019-12-02 07:00:00,10.5,71.22,29.87,126.84,63.36,65.47,0.4,107.54,998.48,1.33
686,2019-12-02 08:00:00,13.41,87.99,32.75,145.04,72.57,81.19,0.31,255.41,998.33,2.81
687,2019-12-02 09:00:00,51.44,41.02,31.28,112.63,52.91,35.18,0.85,75.61,997.88,5.77
688,2019-12-02 10:00:00,54.82,44.37,32.9,111.1,51.02,34.54,0.83,78.76,997.2,6.39
689,2019-12-02 11:00:00,27.75,54.47,39.44,157.16,76.06,50.16,0.23,75.02,996.52,6.51
690,2019-12-02 12:00:00,14.46,54.47,41.59,171.33,84.67,52.94,0.34,61.44,996.05,6.39
691,2019-12-02 13:00:00,14.42,51.46,41.85,165.73,80.47,50.38,0.21,33.48,995.17,7.16
692,2019-12-02 14:00:00,16.23,81.74,49.62,238.48,123.34,64.78,0.2,35.57,994.29,8.4
693,2019-12-02 15:00:00,15.13,39.81,51.85,209.52,103.82,38.15,0.29,89.58,993.67,9.38
694,2019-12-02 16:00:00,14.76,115.66,49.25,257.73,136.02,112.68,0.18,58.56,993.87,7.39
695,2019-12-02 17:00:00,16.24,204.66,38.02,308.5,175.81,202.48,0.17,120.79,994.19,6.49
696,2019-12-02 18:00:00,16.49,231.59,30.74,304.67,180.52,228.04,0.15,130.05,994.07,6.37
697,2019-12-02 19:00:00,12.33,117.12,26.01,216.35,124.13,116.66,0.6,289.3,994.54,6.18
698,2019-12-02 20:00:00,7.55,33.95,16.35,105.92,58.6,33.8,1.55,265.43,995.6,7.06
699,2019-12-02 21:00:00,7.36,34.7,15.67,96.41,52.71,34.08,1.54,272.59,996.5,6.21
700,2019-12-02 22:00:00,6.94,15.97,12.31,82.6,45.9,15.76,1.37,258.66,997.21,5.16
701,2019-12-02 23:00:00,6.75,11.01,9.38,70.01,39.6,10.96,1.8,269.79,997.6,4.17
702,2019-12-03 00:00:00,6.8,12.32,8.28,62.89,35.65,11.83,1.62,274.2,997.98,3.18
703,2019-12-03 01:00:00,6.63,13.04,7.13,55.56,31.66,12.94,1.13,276.76,998.44,2.51
704,2019-12-03 02:00:00,6.46,13.18,6.31,49.74,28.37,13.31,1.04,273.07,998.62,2.37
705,2019-12-03 03:00:00,6.6,17.66,5.44,45.8,26.35,17.25,1.42,278.52,998.95,2.17
706,2019-12-03 04:00:00,6.59,17.17,5.52,42.12,23.86,16.48,0.48,244.35,999.39,1.91
707,2019-12-03 05:00:00,6.71,18.52,7.5,46.19,25.24,18.51,0.97,272.64,999.75,1.43
708,2019-12-03 06:00:00,7.14,24.09,12.06,60.28,31.43,24.12,0.46,282.64,1000.05,1.22
709,2019-12-03 07:00:00,7.56,28.33,16.27,78.13,40.26,28.76,1.04,273.51,1000.52,1.25
710,2019-12-03 08:00:00,7.55,38.03,17.28,84.42,43.52,38.96,1.03,274.51,1001.25,1.12
711,2019-12-03 09:00:00,7.6,34.05,18.48,82.61,42.21,34.27,1.04,274.17,1001.76,0.72
712,2019-12-03 10:00:00,7.38,37.22,16.07,82.64,42.96,36.61,0.37,234.45,1001.78,0.34
713,2019-12-03 11:00:00,8.39,37.34,19.97,100.91,52.76,36.58,0.83,280.67,1001.31,0.49
714,2019-12-03 12:00:00,7.68,33.55,16.69,79.64,41.08,32.85,0.8,253.24,1000.94,0.57
715,2019-12-03 13:00:00,6.96,31.04,13.09,59.62,30.38,30.81,0.86,250.35,1000.76,0.55
716,2019-12-03 14:00:00,7.42,32.86,15.85,68.7,34.27,32.55,0.67,258.68,1000.81,0.59
717,2019-12-03 15:00:00,7.43,40.63,16.87,76.19,37.63,40.94,0.85,264.7,1000.98,0.59
718,2019-12-03 16:00:00,7.61,54.9,20.89,84.71,42.15,55.23,1.21,278.96,1001.2,1.07
