,Vreme,SO2 [ug.m-3],O3 [ug.m-3],NO2 [ug.m-3],NOX [ug.m-3],CO [mg.m-3],NO [ug.m-3],V [m/s],dd [°],P [mb],t [°C]
0,2019-10-12 17:00:00,20.78,48.59,21.68,28.16,0.34,4.16,0.42,115.59,1015.67,22.81
1,2019-10-12 18:00:00,14.82,35.95,23.31,29.73,0.36,4.22,0.91,131.52,1015.93,19.13
2,2019-10-12 19:00:00,12.47,40.89,18.9,25.31,0.33,4.15,0.95,131.06,1016.32,17.23
3,2019-10-12 20:00:00,12.04,44.82,14.8,22.19,0.28,4.78,0.99,137.33,1016.57,16.24
4,2019-10-12 21:00:00,12.45,55.13,11.64,17.97,0.25,4.14,0.86,136.7,1016.87,15.72
5,2019-10-12 22:00:00,12.3,58.09,11.05,16.55,0.23,3.64,0.76,142.26,1016.92,15.55
6,2019-10-12 23:00:00,12.19,60.57,7.45,13.14,0.18,3.7,0.8,142.58,1016.77,14.94
7,2019-10-13 00:00:00,11.75,66.02,5.8,8.88,0.12,1.99,0.98,137.23,1016.74,14.75
8,2019-10-13 01:00:00,11.57,44.45,17.94,23.96,0.17,3.87,0.3,123.62,1016.75,14.74
9,2019-10-13 02:00:00,11.55,31.23,22.76,29.2,0.19,4.25,0.31,124.94,1016.64,14.43
10,2019-10-13 03:00:00,11.43,51.31,7.22,13.08,0.11,3.83,0.29,131.41,1016.56,13.32
11,2019-10-13 04:00:00,10.74,12.33,17.86,25.16,0.24,4.81,0.51,139.38,1016.66,12.36
12,2019-10-13 05:00:00,10.53,40.96,8.96,14.06,0.11,3.38,0.46,125.3,1016.68,11.96
13,2019-10-13 06:00:00,10.71,41.12,5.84,11.21,0.11,3.46,0.47,116.28,1016.74,12.29
14,2019-10-13 07:00:00,10.74,23.62,17.61,38.98,0.21,14.37,0.15,112.86,1017.11,12.69
15,2019-10-13 08:00:00,12.27,20.18,19.86,32.81,0.25,8.37,0.27,92.91,1017.7,15.27
16,2019-10-13 09:00:00,13.48,34.4,20.2,34.94,0.32,9.72,0.32,54.25,1017.84,18.9
17,2019-10-13 10:00:00,17.28,63.13,14.74,23.78,0.32,5.86,0.39,39.02,1017.85,21.73
18,2019-10-13 11:00:00,20.38,70.34,17.61,26.4,0.34,5.7,0.24,358.71,1017.73,23.14
19,2019-10-13 12:00:00,24.24,88.21,17.09,23.34,0.32,4.08,0.57,115.41,1017.33,23.97
20,2019-10-13 13:00:00,23.37,99.12,15.35,22.02,0.31,4.32,0.67,156.11,1016.82,25.1
21,2019-10-13 14:00:00,20.43,106.11,13.3,20.1,0.29,4.43,0.65,150.75,1016.09,25.11
22,2019-10-13 15:00:00,18.11,107.57,11.68,18.05,0.31,4.14,0.31,112.74,1015.66,25.52
23,2019-10-13 16:00:00,15.5,83.81,15.04,20.93,0.44,3.77,0.03,117.48,1015.33,24.86
24,2019-10-13 17:00:00,15.66,62.62,27.59,34.3,0.61,4.4,0.66,129.54,1015.28,22.63
25,2019-10-13 18:00:00,13.24,57.74,21.43,28.63,0.42,4.68,0.8,127.27,1015.69,19.97
26,2019-10-13 19:00:00,11.94,58.18,18.86,24.29,0.41,3.63,0.76,125.25,1016.11,18.2
27,2019-10-13 20:00:00,11.21,64.04,13.31,20.56,0.32,4.72,1.04,131.08,1016.23,17.09
28,2019-10-13 21:00:00,11.64,68.89,13.75,18.45,0.29,3.05,0.87,138.57,1016.29,17.12
29,2019-10-13 22:00:00,11.95,69.35,,,0.28,,0.71,132.87,1016.4,16.9
30,2019-10-13 23:00:00,11.87,56.81,12.06,17.96,,3.78,0.5,125.71,1016.41,16.4
31,2019-10-14 00:00:00,10.85,11.85,29.26,39.35,0.37,6.67,0.59,128.45,1016.31,14.8
32,2019-10-14 01:00:00,10.72,41.3,10.97,16.43,0.29,3.56,0.57,129.43,1016.09,14.48
33,2019-10-14 02:00:00,,,10.45,17.19,0.28,4.38,0.49,117.29,1015.86,14.23
34,2019-10-14 03:00:00,10.43,51.49,4.18,9.29,0.24,3.37,0.6,124.51,1015.47,14.73
35,2019-10-14 04:00:00,11.18,48.46,5.28,10.43,0.22,3.33,0.44,127.93,1015.5,15.18
36,2019-10-14 05:00:00,11.12,35.13,8.78,15.57,0.21,4.42,0.37,130.04,1015.67,14.53
37,2019-10-14 06:00:00,10.98,18.58,15.65,23.17,0.24,4.84,0.41,120.84,1015.57,13.68
38,2019-10-14 07:00:00,11.3,7.73,26.03,45.24,0.41,12.45,0.09,128.27,1015.83,14.3
39,2019-10-14 08:00:00,13.05,9.58,29.49,61.2,0.4,20.74,0.28,126.23,1016.4,16.24
40,2019-10-14 09:00:00,16.37,10.66,35.53,82.85,0.56,30.79,0.48,115.89,1016.58,19.51
41,2019-10-14 10:00:00,16.79,14.24,35.98,83.72,0.5,31.2,0.73,116.24,1016.51,20.9
42,2019-10-14 11:00:00,22.61,54.06,29.04,43.07,0.43,9.3,0.35,25.93,1016.13,23.9
43,2019-10-14 12:00:00,22.12,96.57,11.84,18.26,0.37,4.23,0.38,99.13,1015.48,25.14
44,2019-10-14 13:00:00,,,,,,,0.86,93.78,1014.4,26.17
45,2019-10-14 14:00:00,16.81,112.51,8.61,14.68,0.33,3.9,0.69,75.69,1013.89,26.67
46,2019-10-14 15:00:00,18.27,114.79,13.73,18.39,0.38,2.95,0.46,71.37,1013.36,26.49
47,2019-10-14 16:00:00,16.98,93.45,23.74,30.94,0.46,4.64,0.2,23.93,1013.04,26.14
48,2019-10-14 17:00:00,15.64,58.16,36.26,44.87,0.56,5.64,0.34,121.95,1012.82,24.49
49,2019-10-14 18:00:00,13.56,53.6,27.85,33.58,0.44,3.79,0.95,145.87,1012.95,21.37
50,2019-10-14 19:00:00,13.14,62.1,20.15,25.9,0.37,3.8,0.85,137.42,1012.99,19.44
51,2019-10-14 20:00:00,12.64,61.86,18.68,24.66,0.37,3.91,0.92,133.09,1012.89,18.47
52,2019-10-14 21:00:00,12.11,44.19,22.51,30.84,0.38,5.39,0.31,118.65,1012.93,18.09
53,2019-10-14 22:00:00,11.95,45.74,18.71,25.07,0.32,4.24,0.54,133.47,1012.71,17.44
54,2019-10-14 23:00:00,11.7,27.11,19.48,28.87,0.34,6.14,0.22,121.09,1012.49,16.53
55,2019-10-15 00:00:00,10.72,31.4,13.53,20.01,0.28,4.22,0.28,125.87,1012.21,16.28
56,2019-10-15 01:00:00,11.27,30.6,10.68,16.6,0.28,3.85,0.42,123.41,1012.03,15.92
57,2019-10-15 02:00:00,11.29,19.11,15.06,21.98,0.25,4.49,0.34,114.19,1011.64,15.11
58,2019-10-15 03:00:00,11.13,22.75,9.61,18.21,0.25,5.62,0.29,114.45,1011.48,14.79
59,2019-10-15 04:00:00,11.52,21.09,7.27,13.91,0.25,4.27,0.29,128.09,1011.63,14.47
60,2019-10-15 05:00:00,11.38,18.3,13.77,22.63,0.25,5.7,0.36,118.44,1011.38,14.41
61,2019-10-15 06:00:00,11.43,13.44,17.43,26.23,0.33,5.64,0.23,114.97,1011.26,14.33
62,2019-10-15 07:00:00,11.77,2.96,20.81,46.82,0.61,16.96,0.41,179.67,1011.63,13.86
63,2019-10-15 08:00:00,12.49,12.83,16.35,36.75,0.49,13.36,0.37,161.38,1012.3,15.16
64,2019-10-15 09:00:00,20.81,34.7,28.1,47.89,0.51,12.98,0.32,306.94,1012.34,18.76
65,2019-10-15 10:00:00,21.27,46.26,19.48,29.93,0.41,6.41,0.45,312.44,1012.31,21.47
66,2019-10-15 11:00:00,23.63,73.85,14.17,22.97,0.36,5.42,0.23,322.59,1012.13,23.17
67,2019-10-15 12:00:00,26.67,92.43,12.76,18.55,0.35,3.74,0.35,142.71,1011.51,24.53
68,2019-10-15 13:00:00,27.31,104.45,12.81,18.41,0.35,3.65,0.46,149.45,1010.78,25.45
69,2019-10-15 14:00:00,26.71,109.26,15.61,23.07,0.37,4.77,0.39,44.03,1010.15,26.62
70,2019-10-15 15:00:00,25.53,120.99,13.9,19.19,0.44,3.45,0.33,89.51,1009.55,26.57
71,2019-10-15 16:00:00,23.1,112.68,19.1,26.1,0.44,4.48,0.21,93.15,1008.96,25.5
72,2019-10-15 17:00:00,18.2,73.79,30.11,36.57,0.53,4.15,0.22,129.06,1008.79,24.37
73,2019-10-15 18:00:00,13.97,58.61,25.31,32.76,0.41,4.91,0.93,134.75,1008.81,20.55
74,2019-10-15 19:00:00,14.0,66.81,16.65,23.86,0.34,4.73,0.92,135.68,1009.03,18.95
75,2019-10-15 20:00:00,13.18,68.06,16.36,22.46,0.39,3.96,0.71,137.65,1009.01,18.06
76,2019-10-15 21:00:00,12.85,46.87,24.14,30.6,0.48,4.16,0.39,119.25,1008.9,17.58
77,2019-10-15 22:00:00,13.39,45.43,25.7,34.14,0.53,5.49,0.33,1.29,1008.72,18.5
78,2019-10-15 23:00:00,13.48,39.24,21.04,28.62,0.49,4.99,0.18,147.9,1008.61,17.33
79,2019-10-16 00:00:00,11.89,16.49,18.38,25.65,0.49,4.77,0.28,168.86,1008.83,15.14
80,2019-10-16 01:00:00,11.6,12.23,16.55,24.74,0.47,5.34,0.39,139.06,1009.05,14.53
81,2019-10-16 02:00:00,11.9,19.17,14.68,22.71,0.39,5.19,0.45,117.68,1008.92,14.45
82,2019-10-16 03:00:00,11.97,22.24,16.07,23.22,0.32,4.65,0.59,121.3,1008.85,14.92
83,2019-10-16 04:00:00,12.35,18.3,16.24,21.82,0.33,3.71,0.42,123.67,1008.96,14.57
84,2019-10-16 05:00:00,11.79,9.5,17.82,24.61,0.33,4.46,0.5,115.88,1008.88,13.7
85,2019-10-16 06:00:00,12.04,7.17,22.76,41.03,0.41,11.94,0.12,54.84,1008.93,14.07
86,2019-10-16 07:00:00,11.86,5.21,23.34,47.13,0.53,15.46,0.35,126.7,1009.64,13.83
87,2019-10-16 08:00:00,13.8,4.77,28.71,82.15,0.61,34.34,0.15,84.19,1010.52,17.02
88,2019-10-16 09:00:00,14.3,6.65,40.72,131.45,0.76,59.57,0.43,98.96,1010.99,20.78
89,2019-10-16 10:00:00,14.29,38.28,29.88,47.67,0.36,11.68,0.56,40.18,1011.04,23.89
90,2019-10-16 11:00:00,10.13,62.59,16.57,25.64,0.27,6.08,0.52,41.05,1011.06,25.46
91,2019-10-16 12:00:00,6.13,83.54,8.07,15.44,0.19,4.83,0.48,59.02,1010.91,26.77
92,2019-10-16 13:00:00,2.19,87.43,7.05,12.58,0.16,3.61,0.62,96.31,1010.48,27.26
93,2019-10-16 14:00:00,1.18,83.25,11.64,18.37,0.18,4.47,0.41,132.47,1010.34,27.57
94,2019-10-16 15:00:00,1.7,80.73,15.05,21.93,0.23,4.38,0.28,152.19,1010.15,27.4
95,2019-10-16 16:00:00,1.29,45.81,29.42,38.82,0.36,6.03,0.13,354.19,1009.94,26.12
96,2019-10-16 17:00:00,0.63,31.7,37.56,48.97,0.37,7.5,0.05,246.04,1010.16,24.45
97,2019-10-16 18:00:00,1.1,20.64,34.18,41.35,0.4,4.65,0.67,124.32,1010.47,21.19
98,2019-10-16 19:00:00,,26.2,23.14,30.48,0.37,4.83,0.62,134.79,1011.05,19.25
99,2019-10-16 20:00:00,,20.77,20.65,27.6,0.38,4.56,0.5,162.42,1011.6,18.17
100,2019-10-16 21:00:00,,14.15,19.67,28.91,0.41,6.09,0.35,157.48,1012.22,18.11
101,2019-10-16 22:00:00,,13.34,15.99,23.27,0.34,4.77,0.29,165.3,1012.91,17.32
102,2019-10-16 23:00:00,,7.26,,,0.33,,0.58,156.99,1013.21,15.93
103,2019-10-17 00:00:00,,11.41,13.86,21.14,,4.83,0.52,123.31,1013.33,15.17
104,2019-10-17 01:00:00,,14.64,9.01,16.73,0.23,5.1,0.5,124.82,1013.46,14.83
105,2019-10-17 02:00:00,,16.49,6.63,11.94,0.19,3.46,0.57,129.5,1013.44,14.57
106,2019-10-17 03:00:00,,,4.04,10.29,0.16,4.15,0.49,148.79,1013.38,14.34
107,2019-10-17 04:00:00,,6.2,8.5,15.75,0.24,4.72,0.34,160.68,1013.53,13.62
108,2019-10-17 05:00:00,,6.72,7.45,13.86,0.2,4.17,0.46,150.49,1013.58,13.12
109,2019-10-17 06:00:00,,3.97,11.04,20.43,0.19,6.02,0.48,129.17,1013.44,12.66
110,2019-10-17 07:00:00,,2.44,11.4,28.36,0.26,11.04,0.45,168.31,1013.75,12.75
111,2019-10-17 08:00:00,,0.98,19.05,84.13,0.57,42.35,0.24,198.15,1014.56,14.08
112,2019-10-17 09:00:00,0.76,9.11,16.35,43.79,0.34,18.27,0.38,184.27,1014.66,16.15
113,2019-10-17 10:00:00,0.73,11.29,16.88,40.14,0.33,15.23,0.17,80.83,1014.54,17.93
114,2019-10-17 11:00:00,,19.99,16.5,34.84,0.3,11.97,0.41,150.24,1014.56,19.56
115,2019-10-17 12:00:00,,28.82,23.77,43.16,0.36,12.6,0.43,104.96,1014.08,22.04
116,2019-10-17 13:00:00,0.95,59.99,23.49,36.6,0.33,8.47,0.59,105.84,1013.4,23.47
117,2019-10-17 14:00:00,0.67,79.1,16.4,22.46,0.36,3.96,0.15,65.53,1012.89,24.74
118,2019-10-17 15:00:00,0.99,75.15,21.17,28.59,0.36,4.84,0.14,221.76,1012.46,25.01
119,2019-10-17 16:00:00,0.71,62.63,23.49,29.9,0.36,4.05,0.21,130.41,1012.11,23.83
120,2019-10-17 17:00:00,,21.85,44.89,57.93,0.55,8.53,0.22,122.47,1012.03,22.57
121,2019-10-17 18:00:00,,14.86,40.92,50.7,0.47,6.38,0.73,139.62,1012.15,20.19
122,2019-10-17 19:00:00,,31.49,24.84,30.97,0.39,4.04,0.74,131.76,1012.3,18.83
123,2019-10-17 20:00:00,,39.78,19.0,25.56,0.34,4.33,0.75,130.48,1012.45,17.94
124,2019-10-17 21:00:00,,41.42,19.96,25.07,0.35,3.38,0.69,136.07,1012.68,17.3
125,2019-10-17 22:00:00,,40.61,18.27,26.75,0.4,5.51,0.35,145.34,1012.76,17.2
126,2019-10-17 23:00:00,,16.27,25.44,34.89,0.45,6.15,0.45,130.7,1012.61,16.55
127,2019-10-18 00:00:00,,26.82,15.7,22.61,0.36,4.54,0.5,122.22,1012.48,15.93
128,2019-10-18 01:00:00,,32.07,10.03,16.34,0.33,4.16,0.67,117.92,1012.34,15.49
129,2019-10-18 02:00:00,,25.82,11.66,16.26,0.32,3.07,0.35,120.67,1012.07,15.14
130,2019-10-18 03:00:00,,35.45,9.56,15.29,0.3,3.72,0.29,128.86,1011.73,15.33
131,2019-10-18 04:00:00,,20.06,12.85,19.13,0.32,4.13,0.31,144.28,1011.86,14.95
132,2019-10-18 05:00:00,,13.51,10.1,17.53,0.35,4.89,0.18,118.45,1011.79,14.65
133,2019-10-18 06:00:00,,4.79,18.1,48.65,0.45,19.51,0.14,169.11,1011.83,14.66
134,2019-10-18 07:00:00,,2.72,18.66,45.5,0.5,17.42,0.51,148.57,1012.33,13.84
135,2019-10-18 08:00:00,,7.71,18.03,35.83,0.42,11.52,0.35,138.09,1012.84,14.95
136,2019-10-18 09:00:00,,28.02,21.43,34.39,0.44,8.47,0.18,169.68,1013.13,17.96
137,2019-10-18 10:00:00,10.82,57.42,13.4,20.91,0.29,5.02,0.38,308.08,1013.12,20.91
138,2019-10-18 11:00:00,16.45,61.54,13.18,20.45,0.27,4.71,0.38,300.2,1012.97,22.4
139,2019-10-18 12:00:00,,72.23,11.31,19.04,0.27,5.01,0.51,301.18,1012.5,23.65
140,2019-10-18 13:00:00,9.91,76.76,7.87,15.05,0.24,4.71,0.27,179.14,1011.76,24.46
141,2019-10-18 14:00:00,7.74,75.41,10.05,17.36,0.2,4.8,0.14,223.27,1011.12,25.28
142,2019-10-18 15:00:00,7.09,73.09,14.7,20.36,0.2,4.25,0.63,325.7,1010.79,25.29
143,2019-10-18 16:00:00,6.33,70.94,16.04,22.36,0.22,4.08,0.14,276.54,1010.66,24.1
144,2019-10-18 17:00:00,6.58,49.46,21.76,28.07,0.29,4.08,0.34,139.53,1010.78,22.48
145,2019-10-18 18:00:00,6.28,30.15,29.14,33.21,0.27,2.6,0.83,134.97,1011.06,19.45
146,2019-10-18 19:00:00,6.09,32.19,24.55,31.72,0.25,4.83,0.9,132.96,1011.21,17.58
147,2019-10-18 20:00:00,6.16,41.84,19.29,24.26,0.19,3.24,0.93,138.92,1011.43,16.89
148,2019-10-18 21:00:00,6.06,38.14,20.56,27.15,0.17,4.28,0.86,131.73,1011.69,16.41
149,2019-10-18 22:00:00,6.1,46.25,14.12,20.29,0.15,4.0,0.89,130.12,1011.52,16.47
150,2019-10-18 23:00:00,5.43,56.05,8.29,13.58,0.13,3.51,1.03,135.26,1011.53,16.59
151,2019-10-19 00:00:00,5.59,56.12,7.16,11.97,0.12,3.05,0.92,133.22,1011.46,16.22
152,2019-10-19 01:00:00,5.47,50.09,5.86,11.54,0.12,3.69,0.79,129.67,1011.63,15.81
153,2019-10-19 02:00:00,5.23,43.02,10.01,15.93,0.12,4.02,0.55,132.59,1011.74,15.67
154,2019-10-19 03:00:00,5.26,46.26,6.92,13.08,0.11,4.05,0.67,135.21,1011.62,15.16
155,2019-10-19 04:00:00,5.35,39.97,6.89,14.82,0.11,5.45,0.44,145.25,1011.72,14.74
156,2019-10-19 05:00:00,5.0,10.73,18.57,29.77,0.16,7.28,0.49,135.51,1011.79,13.61
157,2019-10-19 06:00:00,5.31,5.23,21.44,34.37,0.2,8.38,0.43,146.21,1011.92,13.28
158,2019-10-19 07:00:00,5.11,7.42,21.38,35.55,0.18,8.97,0.53,127.46,1012.08,13.04
159,2019-10-19 08:00:00,6.16,12.45,27.49,46.33,0.24,12.31,0.36,129.21,1012.63,15.08
160,2019-10-19 09:00:00,7.6,12.31,31.2,74.53,0.45,28.01,0.36,123.75,1012.75,18.85
161,2019-10-19 10:00:00,7.64,11.44,35.16,78.91,0.48,28.49,0.52,124.7,1012.71,20.04
162,2019-10-19 11:00:00,9.76,16.39,51.15,101.94,0.55,33.12,0.63,122.63,1012.42,21.87
163,2019-10-19 12:00:00,18.53,52.8,43.04,61.85,0.41,12.48,0.24,13.6,1011.86,25.1
164,2019-10-19 13:00:00,20.15,84.34,15.31,23.22,0.27,5.43,0.21,193.54,1011.39,25.76
165,2019-10-19 14:00:00,16.26,93.25,10.81,17.22,0.24,4.11,0.16,264.38,1011.13,26.36
166,2019-10-19 15:00:00,14.4,101.07,7.72,12.71,0.23,3.21,0.33,132.7,1010.92,25.99
167,2019-10-19 16:00:00,13.75,90.69,12.3,18.69,0.26,4.16,0.42,153.85,1010.94,24.64
168,2019-10-19 17:00:00,9.97,59.84,22.08,28.69,0.32,4.23,0.38,121.9,1011.22,22.78
169,2019-10-19 18:00:00,8.18,60.49,24.68,29.0,0.4,2.96,1.01,135.2,1011.53,19.55
170,2019-10-19 19:00:00,7.65,71.97,17.4,22.07,0.33,3.1,0.92,141.93,1011.74,18.25
171,2019-10-19 20:00:00,7.52,74.94,13.17,16.3,0.27,2.07,0.92,137.02,1011.97,17.68
172,2019-10-19 21:00:00,7.49,73.99,11.07,14.51,0.27,2.27,1.01,132.55,1012.17,17.2
173,2019-10-19 22:00:00,7.34,71.78,8.47,12.85,0.23,2.86,0.95,135.65,1012.35,17.08
174,2019-10-19 23:00:00,6.8,70.55,8.42,12.57,0.22,2.71,0.81,129.24,1012.4,16.58
175,2019-10-20 00:00:00,7.08,69.83,,,0.19,,0.7,118.64,1012.49,16.65
176,2019-10-20 01:00:00,7.42,70.76,6.01,10.89,,3.13,0.42,125.99,1012.39,16.77
177,2019-10-20 02:00:00,6.74,55.48,10.1,15.57,0.24,3.59,0.18,135.29,1012.39,16.61
178,2019-10-20 03:00:00,6.33,40.09,11.21,16.35,0.24,3.34,0.46,146.5,1012.38,15.12
179,2019-10-20 04:00:00,,,16.95,25.06,0.23,5.32,0.38,161.33,1012.61,14.33
180,2019-10-20 05:00:00,4.94,22.79,11.58,18.18,0.24,4.32,0.29,151.75,1012.84,13.85
181,2019-10-20 06:00:00,5.41,21.26,7.18,12.39,0.26,3.4,0.25,139.53,1013.05,13.54
182,2019-10-20 07:00:00,4.96,27.9,6.61,12.3,0.25,3.72,0.4,125.97,1013.37,13.61
183,2019-10-20 08:00:00,7.51,37.23,9.5,16.58,0.3,4.58,0.29,129.64,1014.02,15.82
184,2019-10-20 09:00:00,13.69,51.55,12.91,21.35,0.41,5.48,0.15,87.64,1014.38,19.9
185,2019-10-20 10:00:00,8.99,63.54,13.59,23.18,0.3,6.33,0.08,57.04,1014.73,23.47
186,2019-10-20 11:00:00,6.28,73.02,9.03,14.46,0.2,3.59,0.34,7.47,1014.76,24.76
187,2019-10-20 12:00:00,5.55,80.65,6.77,11.02,0.16,2.74,0.28,11.76,1014.41,25.94
188,2019-10-20 13:00:00,6.63,87.34,6.15,12.03,0.17,3.83,0.16,212.15,1013.97,26.8
189,2019-10-20 14:00:00,8.18,97.52,8.64,13.31,0.22,3.79,0.19,188.43,1013.71,27.04
190,2019-10-20 15:00:00,8.8,104.2,7.22,12.0,0.22,3.08,0.62,116.14,1013.39,26.36
191,2019-10-20 16:00:00,12.18,104.11,12.08,19.28,0.35,4.78,0.26,37.9,1013.16,25.61
192,2019-10-20 17:00:00,11.02,79.15,19.42,25.19,0.43,3.69,0.37,133.96,1013.19,23.79
193,2019-10-20 18:00:00,8.66,63.19,19.95,25.14,0.41,3.45,0.76,136.1,1013.48,20.37
194,2019-10-20 19:00:00,8.83,63.5,15.55,22.21,0.3,4.36,0.97,133.26,1013.76,18.95
195,2019-10-20 20:00:00,9.12,72.24,13.0,18.77,0.32,3.78,0.77,129.45,1013.8,18.74
196,2019-10-20 21:00:00,8.16,64.84,15.22,21.67,0.37,4.2,0.7,127.21,1014.17,18.07
197,2019-10-20 22:00:00,7.87,54.47,17.04,22.95,0.39,3.84,0.46,129.07,1014.27,17.42
198,2019-10-20 23:00:00,7.04,24.32,30.45,39.43,0.47,5.78,0.25,110.72,1014.27,17.01
199,2019-10-21 00:00:00,6.7,3.38,44.74,69.43,0.54,16.1,0.21,69.75,1014.44,16.66
200,2019-10-21 01:00:00,6.33,16.95,29.73,38.95,0.4,6.26,0.09,73.33,1014.36,16.65
201,2019-10-21 02:00:00,6.94,36.86,9.28,12.33,0.24,2.04,0.33,114.25,1014.35,16.06
202,2019-10-21 03:00:00,6.93,25.7,10.37,15.66,0.26,3.39,0.29,200.1,1014.61,15.82
203,2019-10-21 04:00:00,5.26,16.56,10.67,14.33,0.36,2.41,0.46,171.42,1015.29,13.98
204,2019-10-21 05:00:00,5.31,21.19,7.86,12.52,0.28,3.01,0.36,127.32,1015.6,13.75
205,2019-10-21 06:00:00,5.88,16.22,10.14,17.06,0.27,4.55,0.46,134.53,1015.66,13.53
206,2019-10-21 07:00:00,6.36,12.05,25.0,37.58,0.29,7.96,0.52,123.23,1015.78,13.89
207,2019-10-21 08:00:00,14.52,12.42,29.85,52.85,0.42,14.81,0.2,93.06,1016.39,16.85
208,2019-10-21 09:00:00,28.09,7.66,47.67,120.17,0.67,47.22,0.29,64.66,1016.9,20.84
209,2019-10-21 10:00:00,23.75,19.22,47.1,93.51,0.6,30.39,0.14,108.03,1017.15,23.49
210,2019-10-21 11:00:00,9.76,55.1,18.74,28.59,0.25,6.52,0.18,281.15,1017.31,25.51
211,2019-10-21 12:00:00,8.08,70.32,9.48,16.92,0.19,4.87,0.53,324.74,1017.27,26.95
212,2019-10-21 13:00:00,8.7,72.54,10.51,16.0,0.2,4.14,0.19,298.14,1016.96,27.49
213,2019-10-21 14:00:00,7.67,78.29,6.92,11.65,0.17,3.05,0.35,179.46,1016.55,28.09
214,2019-10-21 15:00:00,12.52,77.78,8.24,12.68,0.17,2.94,0.42,156.91,1016.04,28.07
215,2019-10-21 16:00:00,10.93,76.73,7.67,10.8,0.18,1.95,0.63,130.0,1015.71,26.21
216,2019-10-21 17:00:00,11.14,38.7,26.76,33.97,0.32,4.61,0.62,135.93,1015.6,24.06
217,2019-10-21 18:00:00,12.19,29.9,32.65,41.4,0.34,5.65,0.91,129.16,1015.97,21.0
218,2019-10-21 19:00:00,11.67,34.37,33.02,37.25,0.34,2.84,0.6,133.21,1016.3,19.53
219,2019-10-21 20:00:00,10.9,36.61,27.81,35.02,0.33,4.73,0.52,129.0,1016.44,18.94
220,2019-10-21 21:00:00,11.85,45.53,21.51,28.85,0.3,4.79,0.7,135.86,1016.55,18.23
221,2019-10-21 22:00:00,14.04,50.07,16.81,21.79,0.35,3.3,0.91,143.68,1016.61,17.82
222,2019-10-21 23:00:00,18.92,63.4,13.93,17.67,0.36,2.41,0.72,143.76,1016.7,18.12
223,2019-10-22 00:00:00,20.5,67.88,10.78,16.19,0.36,3.38,0.73,135.02,1016.82,18.33
224,2019-10-22 01:00:00,17.21,73.18,6.49,11.82,0.3,3.45,0.94,134.46,1016.82,17.97
225,2019-10-22 02:00:00,15.81,73.83,4.28,9.41,0.26,3.34,0.65,143.06,1016.9,17.79
226,2019-10-22 03:00:00,11.23,56.46,6.39,12.69,0.23,4.12,0.32,142.86,1016.88,16.78
227,2019-10-22 04:00:00,8.37,35.75,5.09,10.24,0.24,3.36,0.25,120.67,1017.07,15.67
228,2019-10-22 05:00:00,6.98,25.89,7.12,15.15,0.26,5.2,0.25,109.12,1017.13,15.43
229,2019-10-22 06:00:00,6.56,7.92,20.84,33.07,0.3,7.84,0.07,80.86,1017.08,15.54
230,2019-10-22 07:00:00,7.02,5.9,28.76,53.88,0.39,16.39,0.33,124.49,1017.46,15.39
231,2019-10-22 08:00:00,15.48,8.17,33.11,68.7,0.45,23.37,0.36,141.87,1018.06,17.73
232,2019-10-22 09:00:00,21.12,9.07,37.92,109.36,0.75,46.57,0.74,150.49,1018.49,19.2
233,2019-10-22 10:00:00,23.4,16.02,42.8,91.53,0.64,32.7,0.21,121.37,1018.62,22.86
234,2019-10-22 11:00:00,23.29,20.97,50.96,94.45,0.66,28.03,0.46,116.34,1018.72,24.55
235,2019-10-22 12:00:00,33.45,77.5,32.08,46.34,0.44,9.56,0.48,26.95,1018.25,27.63
236,2019-10-22 13:00:00,42.15,118.9,10.8,18.5,0.31,5.34,0.27,30.34,1017.57,29.19
237,2019-10-22 14:00:00,30.18,108.5,10.02,15.46,0.27,3.5,0.44,70.34,1017.02,29.24
238,2019-10-22 15:00:00,19.91,96.03,10.12,17.17,0.26,4.59,0.37,60.68,1016.59,28.99
239,2019-10-22 16:00:00,27.63,92.22,19.8,24.29,0.31,3.14,0.13,59.12,1016.28,27.58
240,2019-10-22 17:00:00,23.18,72.8,27.72,35.01,0.38,4.68,0.37,133.06,1016.28,25.57
241,2019-10-22 18:00:00,20.2,61.92,31.86,37.34,0.38,3.65,0.67,136.56,1016.52,22.0
242,2019-10-22 19:00:00,19.48,70.66,24.87,31.48,0.35,4.02,0.7,137.1,1016.69,20.11
243,2019-10-22 20:00:00,21.87,82.53,21.12,27.84,0.36,4.35,0.81,134.87,1016.66,19.09
244,2019-10-22 21:00:00,30.7,87.25,22.22,27.68,0.46,3.44,0.81,114.68,1016.74,18.59
245,2019-10-22 22:00:00,29.22,94.96,17.53,24.34,0.59,4.51,0.64,100.92,1016.75,18.32
246,2019-10-22 23:00:00,18.77,80.6,17.38,25.18,0.66,5.14,0.19,104.34,1016.61,17.98
247,2019-10-23 00:00:00,15.78,79.19,11.48,16.27,0.52,3.25,0.39,100.79,1016.51,18.01
248,2019-10-23 01:00:00,14.7,70.74,,,0.41,,0.16,91.31,1016.4,17.45
249,2019-10-23 02:00:00,11.76,52.07,12.03,17.82,,3.87,0.17,49.22,1016.16,16.94
250,2019-10-23 03:00:00,10.92,50.42,14.97,21.61,0.45,4.33,0.3,25.85,1015.79,17.52
251,2019-10-23 04:00:00,10.25,40.61,13.45,19.41,0.43,3.9,0.25,20.48,1015.68,17.04
252,2019-10-23 05:00:00,,,14.08,21.9,0.58,5.06,0.4,38.1,1015.51,17.13
253,2019-10-23 06:00:00,10.45,23.09,18.91,26.72,0.59,4.63,0.13,129.33,1015.45,15.68
254,2019-10-23 07:00:00,8.45,4.16,28.82,54.67,0.62,16.65,0.14,103.16,1015.65,14.76
255,2019-10-23 08:00:00,16.94,9.12,36.98,73.37,0.88,23.76,0.15,44.15,1016.21,17.43
256,2019-10-23 09:00:00,24.55,27.62,34.66,59.27,0.7,15.57,0.21,36.68,1016.32,20.51
257,2019-10-23 10:00:00,14.8,57.14,22.7,34.02,0.51,7.43,0.54,54.9,1016.04,22.94
258,2019-10-23 11:00:00,16.67,82.27,13.52,20.45,0.38,4.54,0.92,82.0,1015.78,24.73
259,2019-10-23 12:00:00,32.05,99.26,12.36,18.43,0.31,4.02,0.74,98.13,1015.11,27.0
260,2019-10-23 13:00:00,10.95,117.42,13.67,19.16,0.39,3.48,0.69,87.24,1014.58,28.26
261,2019-10-23 14:00:00,9.15,111.32,12.56,18.38,0.31,3.79,0.67,82.96,1013.98,28.93
262,2019-10-23 15:00:00,10.56,108.87,17.95,23.9,0.36,,0.47,69.79,1013.5,28.94
263,2019-10-23 16:00:00,8.16,96.49,22.88,29.82,0.38,4.56,0.3,68.89,1013.06,27.37
264,2019-10-23 17:00:00,8.66,64.78,38.68,46.82,0.5,5.17,0.18,89.27,1013.18,25.43
265,2019-10-23 18:00:00,13.45,23.64,52.52,61.31,0.57,5.77,0.28,122.25,1013.3,21.73
266,2019-10-23 19:00:00,14.12,14.63,52.2,61.06,0.64,6.61,0.06,132.09,1013.3,20.32
267,2019-10-23 20:00:00,13.36,11.69,45.58,60.98,0.67,9.87,0.16,41.08,1013.01,19.47
268,2019-10-23 21:00:00,14.6,9.48,54.44,101.16,0.82,30.61,0.55,18.39,1013.07,20.38
269,2019-10-23 22:00:00,16.27,49.93,25.05,32.96,0.54,5.29,0.09,37.94,1013.0,20.02
270,2019-10-23 23:00:00,14.55,49.94,17.04,21.56,0.48,2.9,0.14,106.45,1012.68,19.57
271,2019-10-24 00:00:00,12.73,49.56,13.89,20.3,0.48,4.22,0.24,50.69,1012.41,18.41
272,2019-10-24 01:00:00,10.49,35.41,12.9,18.15,0.49,3.42,0.09,100.96,1012.35,16.93
273,2019-10-24 02:00:00,7.39,11.1,16.28,22.97,0.43,4.7,0.23,134.11,1012.13,14.63
274,2019-10-24 03:00:00,6.62,8.86,16.35,23.64,0.44,4.76,0.22,48.77,1011.85,14.39
275,2019-10-24 04:00:00,7.15,32.14,9.77,15.64,0.36,3.85,0.21,38.5,1011.64,15.37
276,2019-10-24 05:00:00,8.45,37.75,11.55,17.27,0.36,3.29,0.06,30.44,1011.48,15.32
277,2019-10-24 06:00:00,7.68,6.88,18.14,28.36,0.45,6.62,0.53,173.23,1011.52,13.32
278,2019-10-24 07:00:00,6.92,3.71,19.58,36.31,0.51,10.93,0.21,129.59,1011.68,12.76
279,2019-10-24 08:00:00,8.89,4.8,25.81,68.14,0.54,27.48,0.6,150.45,1012.28,14.0
280,2019-10-24 09:00:00,16.07,12.44,,74.17,0.61,28.87,0.28,126.94,1012.26,17.56
281,2019-10-24 10:00:00,15.56,13.85,41.73,93.25,0.72,32.81,0.47,127.45,1012.15,20.73
282,2019-10-24 11:00:00,20.87,18.06,56.55,106.48,0.76,32.33,0.36,234.48,1012.04,23.4
283,2019-10-24 12:00:00,40.52,43.76,46.65,67.7,0.52,13.88,0.57,190.36,1011.55,25.06
284,2019-10-24 13:00:00,71.37,64.56,35.67,47.71,0.41,7.89,0.27,90.57,1011.06,26.87
285,2019-10-24 14:00:00,80.75,76.47,31.06,41.59,0.37,6.9,0.18,138.51,1010.73,27.55
286,2019-10-24 15:00:00,77.07,91.7,24.04,31.0,0.37,3.74,0.24,135.65,1010.32,26.97
287,2019-10-24 16:00:00,61.09,70.55,35.91,43.08,0.48,4.69,0.15,96.03,1009.8,25.58
288,2019-10-24 17:00:00,37.45,50.92,42.88,48.67,0.56,3.82,0.63,131.74,1009.59,22.54
289,2019-10-24 18:00:00,39.36,58.18,33.79,40.28,0.43,4.29,0.95,132.19,1009.58,19.94
290,2019-10-24 19:00:00,32.97,59.66,31.76,38.5,0.43,4.41,0.66,131.7,1009.65,18.36
291,2019-10-24 20:00:00,27.61,51.39,30.84,38.5,0.44,4.95,0.43,119.66,1009.76,17.57
292,2019-10-24 21:00:00,17.9,44.87,26.52,34.2,0.46,5.07,0.17,144.66,1009.74,18.37
293,2019-10-24 22:00:00,13.5,20.29,33.71,40.98,0.49,4.68,0.28,161.96,1010.14,16.23
294,2019-10-24 23:00:00,9.11,20.75,26.7,34.22,0.46,4.95,0.45,119.82,1010.24,14.83
295,2019-10-25 00:00:00,9.08,25.43,20.83,28.9,0.39,5.18,0.35,118.31,1010.41,14.61
296,2019-10-25 01:00:00,7.97,18.86,16.66,23.39,0.4,4.46,0.21,124.02,1010.53,13.86
297,2019-10-25 02:00:00,7.29,18.75,13.36,20.01,0.37,4.35,0.2,137.74,1010.55,13.77
298,2019-10-25 03:00:00,7.06,19.83,10.17,16.45,0.32,3.67,0.13,119.65,1010.71,12.96
299,2019-10-25 04:00:00,6.76,15.02,10.89,16.7,0.3,3.71,0.3,122.32,1010.91,12.83
300,2019-10-25 05:00:00,6.86,9.98,12.14,20.81,0.29,5.56,0.1,160.81,1011.26,12.28
301,2019-10-25 06:00:00,6.69,4.68,17.56,28.96,0.35,7.43,0.39,128.58,1011.58,11.81
302,2019-10-25 07:00:00,7.15,3.78,27.55,45.92,0.44,11.89,0.49,113.42,1012.29,12.03
303,2019-10-25 08:00:00,10.46,9.6,30.37,55.31,0.4,16.33,0.41,133.02,1013.17,13.76
304,2019-10-25 09:00:00,30.74,24.76,30.38,46.78,0.5,10.73,0.1,81.54,1013.72,17.79
305,2019-10-25 10:00:00,26.93,15.09,49.05,103.5,0.86,35.35,0.18,126.03,1014.28,20.01
306,2019-10-25 11:00:00,21.81,28.49,56.16,95.77,0.84,26.23,0.27,320.03,1014.65,21.77
307,2019-10-25 12:00:00,20.51,76.85,22.5,31.81,0.54,6.1,0.32,287.77,1014.65,22.81
308,2019-10-25 13:00:00,24.28,104.58,14.3,20.83,0.45,4.22,0.17,239.34,1014.37,23.61
309,2019-10-25 14:00:00,20.02,106.42,20.14,28.34,0.49,5.38,0.38,318.35,1014.06,24.46
310,2019-10-25 15:00:00,14.41,99.27,21.76,27.65,0.52,3.88,0.37,302.7,1013.98,24.66
311,2019-10-25 16:00:00,13.65,83.26,21.91,28.39,0.54,4.17,0.15,160.21,1014.01,23.14
312,2019-10-25 17:00:00,14.35,54.53,32.0,39.79,0.65,5.12,0.51,130.79,1014.38,21.18
313,2019-10-25 18:00:00,12.31,40.42,37.92,46.71,0.6,5.73,0.7,135.66,1015.12,18.49
314,2019-10-25 19:00:00,10.35,54.36,30.86,38.39,0.6,4.9,0.56,142.12,1015.67,17.16
315,2019-10-25 20:00:00,9.23,66.02,25.46,32.35,0.62,4.55,0.75,138.62,1016.15,16.3
316,2019-10-25 21:00:00,8.86,39.4,42.64,56.26,0.79,8.53,0.44,135.33,1016.74,16.06
317,2019-10-25 22:00:00,7.49,33.36,30.3,41.05,0.83,7.02,0.48,120.46,1017.02,15.02
318,2019-10-25 23:00:00,6.65,24.37,28.0,36.4,0.74,5.42,0.27,137.81,1017.27,14.16
319,2019-10-26 00:00:00,5.56,15.47,24.2,33.81,0.84,6.27,0.21,173.35,1017.56,13.69
320,2019-10-26 01:00:00,6.08,10.8,25.37,35.02,0.86,6.38,0.45,137.31,1018.11,13.23
321,2019-10-26 02:00:00,5.2,38.2,,,0.55,,0.73,134.9,1018.19,13.07
322,2019-10-26 03:00:00,5.36,46.06,8.3,15.01,,4.37,0.84,134.18,1018.08,13.17
323,2019-10-26 04:00:00,5.37,33.51,7.08,11.21,0.39,2.38,0.57,131.48,1018.07,13.03
324,2019-10-26 05:00:00,5.09,13.61,12.1,19.46,0.42,4.77,0.12,148.26,1018.15,12.65
325,2019-10-26 06:00:00,,,21.61,49.11,0.61,17.81,0.05,210.75,1018.11,12.1
326,2019-10-26 07:00:00,6.63,1.66,26.76,93.61,0.86,43.52,0.16,213.72,1018.43,12.17
327,2019-10-26 08:00:00,5.99,5.37,20.28,49.04,0.61,18.89,0.46,172.07,1019.18,12.2
328,2019-10-26 09:00:00,10.58,11.97,20.63,44.69,0.53,15.63,0.21,34.3,1019.43,14.56
329,2019-10-26 10:00:00,11.22,17.86,22.32,44.01,0.48,14.23,0.83,3.25,1019.84,16.62
330,2019-10-26 11:00:00,10.65,26.87,22.49,38.95,0.53,10.75,0.51,150.87,1019.76,18.47
331,2019-10-26 12:00:00,8.96,31.92,26.35,43.83,0.55,11.36,0.51,134.98,1019.21,20.36
332,2019-10-26 13:00:00,9.24,62.24,24.7,34.89,0.47,6.74,0.29,10.01,1018.26,22.69
333,2019-10-26 14:00:00,10.59,95.54,15.31,22.49,0.41,4.72,0.37,27.24,1017.55,24.15
334,2019-10-26 15:00:00,10.84,104.15,13.21,19.42,0.37,4.09,0.37,60.77,1017.08,24.06
335,2019-10-26 16:00:00,10.28,100.75,14.03,19.55,0.39,3.57,0.31,70.89,1016.7,23.1
336,2019-10-26 17:00:00,8.98,67.24,27.79,34.39,0.53,4.24,0.43,139.38,1016.51,21.47
337,2019-10-26 18:00:00,8.88,64.26,23.59,30.43,0.52,4.5,0.7,138.18,1016.64,18.37
338,2019-10-26 19:00:00,8.01,66.87,18.86,24.68,0.5,3.86,0.95,123.6,1016.78,16.74
339,2019-10-26 20:00:00,7.4,74.23,13.7,20.88,0.42,4.71,0.87,120.19,1016.74,16.22
340,2019-10-26 21:00:00,7.32,68.8,14.72,20.87,0.43,4.03,0.47,122.53,1016.9,15.78
341,2019-10-26 22:00:00,6.64,58.38,16.51,22.16,0.49,3.62,0.5,124.54,1016.89,14.97
342,2019-10-26 23:00:00,6.36,43.47,19.18,28.17,0.54,5.89,0.43,116.41,1016.77,14.48
343,2019-10-27 00:00:00,6.14,50.7,15.22,20.75,0.55,3.65,0.76,129.26,1016.67,14.05
344,2019-10-27 01:00:00,5.91,29.16,18.14,26.77,0.59,5.59,0.09,100.44,1016.58,13.6
345,2019-10-27 02:00:00,5.23,5.23,32.63,32.63,9.93,9.93,15.57,15.57,0.55,0.55
346,2019-10-27 03:00:00,5.43,26.19,12.99,21.56,0.55,5.6,0.09,106.09,1015.08,12.36
347,2019-10-27 04:00:00,5.35,18.52,10.97,19.55,0.56,5.57,0.26,110.77,1014.76,11.97
348,2019-10-27 05:00:00,4.6,14.96,8.83,17.66,0.52,5.78,0.12,164.64,1014.55,11.38
349,2019-10-27 06:00:00,5.08,10.5,10.1,20.25,0.57,6.53,0.11,107.77,1014.97,11.41
350,2019-10-27 07:00:00,6.34,5.3,18.18,48.06,0.76,19.54,0.34,195.15,1015.58,12.11
351,2019-10-27 08:00:00,11.86,32.48,23.17,36.08,0.65,8.2,0.09,76.55,1015.7,15.26
352,2019-10-27 09:00:00,18.03,37.32,43.15,60.8,0.75,11.57,0.65,18.22,1015.8,18.06
353,2019-10-27 10:00:00,24.55,71.34,34.65,46.33,0.82,7.73,0.7,17.51,1015.7,19.85
354,2019-10-27 11:00:00,33.04,96.22,29.56,38.06,0.78,5.51,0.34,232.33,1015.14,21.78
355,2019-10-27 12:00:00,37.99,111.85,27.99,34.45,0.73,4.11,0.26,176.6,1014.35,22.81
356,2019-10-27 13:00:00,52.31,138.26,19.41,24.72,0.59,3.56,0.53,136.15,1013.79,23.44
357,2019-10-27 14:00:00,52.45,141.26,19.8,25.69,0.6,3.84,0.13,84.81,1013.18,24.2
358,2019-10-27 15:00:00,34.73,116.36,24.05,30.01,0.7,3.89,0.21,120.3,1012.68,22.53
359,2019-10-27 16:00:00,18.58,86.64,34.56,41.66,0.77,4.65,0.79,132.17,1012.37,19.98
360,2019-10-27 17:00:00,11.04,83.91,28.55,34.41,0.74,3.82,1.02,137.73,1012.33,17.78
361,2019-10-27 18:00:00,9.78,68.61,30.64,37.61,0.75,4.57,0.76,128.25,1012.47,16.55
362,2019-10-27 19:00:00,8.52,44.59,35.53,45.13,0.81,6.15,0.7,128.05,1012.49,15.35
363,2019-10-27 20:00:00,8.51,35.39,44.01,55.62,0.82,7.69,0.61,137.89,1012.36,15.11
364,2019-10-27 21:00:00,8.11,49.01,23.78,32.64,0.81,5.8,0.63,131.56,1012.26,14.43
365,2019-10-27 22:00:00,7.91,33.0,22.14,31.71,0.77,6.25,0.64,116.94,1012.17,13.7
366,2019-10-27 23:00:00,7.04,31.47,18.77,25.41,0.65,4.37,0.6,123.12,1012.05,13.12
367,2019-10-28 00:00:00,6.84,27.37,17.99,26.79,0.52,5.75,0.47,110.19,1011.67,12.87
368,2019-10-28 01:00:00,6.89,15.55,18.67,26.18,0.49,4.84,0.33,113.73,1011.52,12.51
369,2019-10-28 02:00:00,6.62,5.75,28.02,40.02,0.44,7.81,0.32,113.18,1011.27,12.12
370,2019-10-28 03:00:00,6.38,4.77,24.19,34.57,0.41,6.72,0.18,120.85,1011.15,11.99
371,2019-10-28 04:00:00,6.22,6.06,18.49,27.53,0.37,5.93,0.13,126.66,1010.98,11.94
372,2019-10-28 05:00:00,6.58,2.92,21.47,35.1,0.39,8.77,0.06,28.93,1010.7,11.88
373,2019-10-28 06:00:00,7.89,2.16,27.41,78.66,0.67,33.87,0.12,206.65,1010.97,11.47
374,2019-10-28 07:00:00,7.56,5.18,23.75,51.76,0.61,18.31,0.26,161.12,1011.36,12.37
375,2019-10-28 08:00:00,13.15,13.74,26.92,58.58,0.63,20.77,0.3,333.83,1011.89,14.44
376,2019-10-28 09:00:00,14.72,38.73,14.16,23.74,0.42,6.22,0.07,204.82,1011.98,16.26
377,2019-10-28 10:00:00,12.35,52.34,18.26,27.96,0.43,6.25,0.53,325.22,1011.98,19.11
378,2019-10-28 11:00:00,14.55,74.11,14.74,23.66,0.42,5.85,0.42,311.94,1011.58,20.96
379,2019-10-28 12:00:00,13.84,91.97,12.88,18.06,0.43,3.52,0.36,317.34,1011.07,22.27
380,2019-10-28 13:00:00,10.35,95.0,9.74,15.92,0.4,4.04,0.42,269.84,1010.82,22.67
381,2019-10-28 14:00:00,10.23,96.26,14.45,20.75,0.43,4.08,0.48,347.42,1010.49,22.59
382,2019-10-28 15:00:00,13.67,71.59,26.85,33.22,0.51,3.94,0.21,334.84,1010.13,22.23
383,2019-10-28 16:00:00,11.51,18.77,46.05,58.64,0.6,8.04,0.09,50.82,1010.08,20.86
384,2019-10-28 17:00:00,11.57,17.42,46.37,64.05,0.55,11.78,0.55,349.07,1010.6,20.1
385,2019-10-28 18:00:00,10.59,21.74,35.18,48.86,0.52,8.94,0.51,327.56,1011.21,19.13
386,2019-10-28 19:00:00,9.07,24.73,24.13,32.92,0.43,5.76,0.31,122.05,1011.58,17.6
387,2019-10-28 20:00:00,7.85,11.88,25.96,34.37,0.52,5.63,0.32,149.69,1011.84,16.14
388,2019-10-28 21:00:00,7.73,10.86,23.32,37.27,0.53,8.95,0.25,133.88,1011.96,15.41
389,2019-10-28 22:00:00,8.14,4.02,28.22,54.28,0.76,16.54,0.36,163.52,1011.87,15.06
390,2019-10-28 23:00:00,7.38,4.92,18.77,26.52,0.64,4.84,0.31,162.05,1012.04,14.55
391,2019-10-29 00:00:00,7.19,7.43,15.92,23.69,0.6,5.16,0.36,173.11,1012.05,14.32
392,2019-10-29 01:00:00,7.19,13.17,8.67,16.07,0.31,4.8,0.23,275.23,1011.95,14.37
393,2019-10-29 02:00:00,7.34,14.44,,,0.25,,0.14,273.67,1011.9,14.14
394,2019-10-29 03:00:00,6.89,13.27,5.21,13.63,,5.53,0.35,260.33,1011.8,13.84
395,2019-10-29 04:00:00,6.97,9.49,6.1,11.28,0.21,3.38,0.18,169.48,1011.84,13.56
396,2019-10-29 05:00:00,7.11,7.19,9.27,17.57,0.21,5.45,0.39,354.78,1011.79,13.32
397,2019-10-29 06:00:00,,,10.51,22.71,0.23,7.84,0.28,346.08,1011.96,13.02
398,2019-10-29 07:00:00,6.31,7.95,14.7,34.03,0.35,12.6,0.2,31.73,1012.39,13.01
399,2019-10-29 08:00:00,9.51,19.56,13.42,28.2,0.25,9.67,0.31,57.88,1012.52,13.92
400,2019-10-29 09:00:00,8.23,30.75,8.73,17.22,0.18,5.45,0.33,80.18,1012.62,14.5
401,2019-10-29 10:00:00,8.38,27.73,12.94,26.28,0.24,8.69,0.42,318.84,1012.85,15.62
402,2019-10-29 11:00:00,7.65,33.56,13.21,23.93,0.26,7.12,0.57,324.41,1012.72,16.65
403,2019-10-29 12:00:00,7.63,42.3,13.27,23.17,0.28,6.46,0.99,348.78,1012.48,16.64
404,2019-10-29 13:00:00,7.97,33.31,17.11,27.46,0.32,6.67,0.72,325.59,1012.28,15.25
405,2019-10-29 14:00:00,7.15,11.1,21.84,45.88,0.3,15.28,0.74,339.85,1012.57,13.1
406,2019-10-29 15:00:00,6.9,12.93,18.02,36.1,0.27,11.82,0.43,339.78,1013.09,11.97
407,2019-10-29 16:00:00,6.73,11.47,19.79,40.96,0.26,13.87,0.64,321.41,1013.57,11.6
408,2019-10-29 17:00:00,6.19,12.49,16.42,30.47,0.22,9.16,0.52,333.6,1014.16,11.02
409,2019-10-29 18:00:00,6.35,11.2,17.51,32.05,0.21,9.49,0.62,338.18,1014.82,10.46
410,2019-10-29 19:00:00,5.75,13.42,15.67,28.68,0.23,8.53,0.43,336.66,1015.42,9.9
411,2019-10-29 20:00:00,5.59,15.22,10.93,19.86,0.18,5.89,0.5,346.97,1016.15,9.64
412,2019-10-29 21:00:00,5.75,14.35,10.03,17.06,0.2,4.61,0.59,328.23,1016.56,9.56
413,2019-10-29 22:00:00,5.51,18.04,7.52,15.15,0.18,4.99,0.79,347.67,1017.17,9.21
414,2019-10-29 23:00:00,5.39,18.77,7.83,15.96,0.17,5.27,0.51,334.27,1017.61,9.1
415,2019-10-30 00:00:00,5.19,22.35,4.56,12.48,0.15,5.22,0.56,341.02,1017.87,9.01
416,2019-10-30 01:00:00,5.14,18.55,5.38,10.95,0.17,3.61,0.3,294.44,1018.01,8.93
417,2019-10-30 02:00:00,5.31,17.28,4.28,11.24,0.19,4.05,0.22,201.63,1017.96,8.93
418,2019-10-30 03:00:00,5.47,16.43,3.93,10.36,0.19,4.23,0.2,232.22,1017.93,8.92
419,2019-10-30 04:00:00,5.47,13.64,3.62,10.54,0.19,4.42,0.31,207.12,1018.16,9.05
420,2019-10-30 05:00:00,5.27,9.22,4.99,15.77,0.21,6.95,0.24,271.69,1018.27,9.27
421,2019-10-30 06:00:00,5.06,4.62,10.58,20.7,0.26,7.59,0.17,290.35,1018.54,9.43
422,2019-10-30 07:00:00,5.41,4.29,14.27,37.25,0.45,14.35,0.27,303.58,1019.13,9.58
423,2019-10-30 08:00:00,5.76,5.8,12.65,28.4,0.36,9.8,0.55,324.12,1019.47,9.86
424,2019-10-30 09:00:00,5.97,14.29,15.73,29.16,0.27,9.39,0.37,324.64,1019.48,10.26
425,2019-10-30 10:00:00,6.33,25.39,10.87,23.0,0.19,8.38,0.32,71.54,1019.34,10.67
426,2019-10-30 11:00:00,6.59,24.63,13.43,25.79,0.19,7.72,0.25,17.06,1018.92,11.34
427,2019-10-30 12:00:00,7.54,24.21,11.79,21.13,0.2,6.04,0.35,342.21,1018.61,11.9
428,2019-10-30 13:00:00,9.03,24.25,12.37,24.83,0.2,8.22,0.79,348.08,1018.4,12.02
429,2019-10-30 14:00:00,9.01,20.81,15.38,26.35,0.23,7.2,0.77,334.73,1018.61,11.82
430,2019-10-30 15:00:00,8.65,16.35,16.62,30.53,0.24,9.06,0.73,335.0,1019.03,11.13
431,2019-10-30 16:00:00,8.31,15.92,16.62,28.71,0.25,7.92,0.7,324.96,1019.57,10.48
432,2019-10-30 17:00:00,8.15,11.9,19.28,32.47,0.27,8.56,0.59,327.95,1020.11,10.44
433,2019-10-30 18:00:00,7.99,18.2,15.67,25.34,0.23,6.33,0.67,324.03,1020.78,10.22
434,2019-10-30 19:00:00,7.43,21.13,15.46,28.16,0.2,8.31,0.66,327.32,1021.17,8.98
435,2019-10-30 20:00:00,7.42,24.11,16.77,26.68,0.2,6.4,0.6,322.12,1021.32,8.33
436,2019-10-30 21:00:00,6.84,29.94,14.64,22.26,0.16,5.07,0.63,324.49,1021.37,8.26
437,2019-10-30 22:00:00,6.72,30.69,10.54,17.29,0.2,4.44,0.5,329.6,1021.33,8.27
438,2019-10-30 23:00:00,6.54,28.24,7.11,11.37,0.18,2.83,0.54,308.04,1021.3,7.95
439,2019-10-31 00:00:00,6.45,25.45,7.06,12.36,0.18,3.52,0.5,349.19,1021.24,7.73
440,2019-10-31 01:00:00,6.26,25.32,7.25,13.21,0.19,3.87,0.4,334.33,1021.21,7.46
441,2019-10-31 02:00:00,6.29,26.56,6.42,13.96,0.16,4.95,0.05,194.12,1021.02,6.75
442,2019-10-31 03:00:00,6.29,22.22,4.7,10.96,0.18,4.14,0.36,145.7,1020.71,6.41
443,2019-10-31 04:00:00,6.41,16.29,4.12,9.99,0.19,3.9,0.57,136.99,1020.53,6.11
444,2019-10-31 05:00:00,6.24,12.36,4.91,10.03,0.16,3.27,0.7,127.15,1020.34,5.47
445,2019-10-31 06:00:00,6.26,7.58,8.65,14.51,0.16,3.75,0.9,124.72,1020.49,5.13
446,2019-10-31 07:00:00,6.51,8.6,12.66,24.39,0.22,7.65,0.51,130.43,1020.84,5.64
447,2019-10-31 08:00:00,6.94,15.93,17.95,32.54,0.24,9.48,0.62,136.29,1020.98,6.57
448,2019-10-31 09:00:00,7.61,11.78,25.89,55.88,0.3,19.64,0.28,329.24,1020.94,7.82
449,2019-10-31 10:00:00,7.69,20.88,23.61,45.07,0.28,13.89,0.11,139.48,1020.84,8.91
450,2019-10-31 11:00:00,7.35,24.82,24.73,42.35,0.17,11.2,0.36,351.3,1020.35,9.76
451,2019-10-31 12:00:00,7.3,35.86,16.68,29.66,0.16,8.57,0.24,84.44,1019.88,10.32
452,2019-10-31 13:00:00,6.93,31.75,18.52,32.28,0.19,8.98,0.24,337.65,1019.52,10.57
453,2019-10-31 14:00:00,5.89,38.39,19.07,32.04,0.18,8.18,0.08,243.18,1019.26,10.65
454,2019-10-31 15:00:00,7.29,35.14,19.36,29.07,0.21,6.15,0.21,14.07,1018.94,10.72
455,2019-10-31 16:00:00,7.1,29.84,22.7,31.88,0.21,5.97,0.27,19.77,1018.78,10.52
456,2019-10-31 17:00:00,7.42,21.99,26.07,34.93,0.28,5.54,0.22,320.03,1018.98,10.45
457,2019-10-31 18:00:00,7.0,12.54,27.67,36.68,0.37,5.86,0.25,100.02,1019.2,9.74
458,2019-10-31 19:00:00,7.31,21.61,22.47,30.88,0.33,5.63,0.1,31.34,1019.44,9.74
459,2019-10-31 20:00:00,6.78,22.37,16.19,23.63,0.32,4.87,0.52,118.35,1019.54,9.38
460,2019-10-31 21:00:00,6.73,16.17,17.35,25.29,0.37,5.21,0.2,86.45,1019.53,9.74
461,2019-10-31 22:00:00,6.83,16.11,11.34,17.9,0.32,4.34,0.47,100.67,1019.28,9.5
462,2019-10-31 23:00:00,6.63,23.87,6.19,9.04,0.19,1.85,0.6,95.79,1019.02,8.71
463,2019-11-01 00:00:00,6.86,32.73,4.24,8.35,0.14,2.67,0.53,108.5,1019.08,8.32
464,2019-11-01 01:00:00,6.79,32.71,3.73,10.15,0.14,4.15,0.57,109.39,1019.01,8.15
465,2019-11-01 02:00:00,6.52,31.76,3.37,8.9,0.13,3.6,0.64,89.49,1018.73,7.89
466,2019-11-01 03:00:00,6.85,31.42,,,0.13,,0.7,103.68,1018.53,7.7
467,2019-11-01 04:00:00,6.95,31.01,3.02,9.68,,4.34,0.96,81.36,1018.51,7.62
468,2019-11-01 05:00:00,6.85,33.84,3.44,9.71,0.13,4.07,0.77,93.01,1018.32,7.36
469,2019-11-01 06:00:00,7.12,33.63,5.1,10.69,0.13,3.64,0.67,91.51,1018.52,7.47
470,2019-11-01 07:00:00,,,6.4,12.04,0.15,3.65,1.09,102.35,1019.05,7.5
471,2019-11-01 08:00:00,7.64,41.19,7.11,14.13,0.14,4.57,1.19,116.51,1019.21,8.46
472,2019-11-01 09:00:00,9.13,46.97,6.11,13.54,0.14,5.16,1.3,126.49,1019.21,9.97
473,2019-11-01 10:00:00,8.92,50.18,5.23,12.25,0.14,4.59,1.01,106.04,1019.11,11.15
474,2019-11-01 11:00:00,8.73,55.87,5.33,10.65,0.14,3.46,1.27,111.71,1018.44,11.88
475,2019-11-01 12:00:00,8.47,59.2,,9.5,0.13,4.32,1.16,95.99,1017.47,12.57
476,2019-11-01 13:00:00,8.49,62.47,,,0.14,,1.08,95.16,1016.72,12.8
477,2019-11-01 14:00:00,8.35,62.27,,,0.15,,1.17,119.86,1015.79,12.17
478,2019-11-01 15:00:00,8.15,55.9,,,0.19,,1.02,98.19,1015.14,11.65
479,2019-11-01 16:00:00,8.31,46.15,,,0.15,,0.88,100.72,1014.73,10.73
480,2019-11-01 17:00:00,9.18,39.05,,,0.21,,0.92,98.55,1014.68,9.47
481,2019-11-01 18:00:00,8.55,36.36,,,0.19,,1.16,92.9,1014.69,8.26
482,2019-11-01 19:00:00,7.84,37.24,,,0.22,,1.22,93.74,1014.15,7.46
483,2019-11-01 20:00:00,8.22,37.24,,,0.24,,1.18,98.52,1013.41,6.98
484,2019-11-01 21:00:00,8.15,37.15,,,0.21,,1.25,79.33,1012.71,6.68
485,2019-11-01 22:00:00,8.33,35.91,4.36,8.96,0.22,2.95,1.68,96.5,1011.95,6.72
486,2019-11-01 23:00:00,8.46,34.92,4.73,7.58,0.19,1.83,0.94,105.35,1011.09,7.09
487,2019-11-02 00:00:00,8.51,34.75,2.31,6.47,0.17,2.73,0.59,123.35,1010.33,7.67
488,2019-11-02 01:00:00,8.8,31.11,3.17,7.3,0.21,2.74,0.53,82.77,1009.6,8.19
489,2019-11-02 02:00:00,9.06,28.64,3.24,5.63,0.18,1.53,0.43,72.2,1008.91,8.69
490,2019-11-02 03:00:00,9.26,29.0,1.99,5.75,0.18,2.39,0.55,62.77,1008.23,8.92
491,2019-11-02 04:00:00,8.95,29.16,2.03,6.5,0.18,2.88,0.67,105.91,1007.47,9.26
492,2019-11-02 05:00:00,9.68,29.59,2.47,6.11,0.19,2.37,0.71,113.12,1006.71,9.62
493,2019-11-02 06:00:00,9.72,31.57,4.49,6.17,0.18,1.12,0.92,124.22,1006.43,9.96
494,2019-11-02 07:00:00,11.05,24.6,5.68,10.06,0.2,2.82,0.98,109.63,1006.33,10.47
495,2019-11-02 08:00:00,22.99,25.56,7.88,14.11,0.2,4.07,0.96,111.69,1005.93,11.8
496,2019-11-02 09:00:00,56.25,30.31,8.48,16.19,0.2,5.04,0.93,124.9,1005.66,13.41
497,2019-11-02 10:00:00,44.93,30.16,7.32,13.6,0.28,4.13,0.58,128.08,1005.11,14.56
498,2019-11-02 11:00:00,42.27,35.77,9.48,17.24,0.27,5.05,0.48,107.73,1004.33,16.23
499,2019-11-02 12:00:00,36.6,45.67,5.7,9.42,0.48,2.42,1.18,137.69,1003.68,16.66
500,2019-11-02 13:00:00,31.58,50.63,6.05,9.56,0.25,2.27,1.29,135.86,1003.26,17.13
501,2019-11-02 14:00:00,32.47,47.34,6.92,7.84,0.29,0.59,1.27,131.63,1002.98,17.44
502,2019-11-02 15:00:00,29.76,35.66,9.29,14.36,0.27,3.28,1.14,129.43,1002.82,16.57
503,2019-11-02 16:00:00,18.28,26.11,8.72,14.2,0.3,3.59,0.53,108.58,1002.59,15.53
504,2019-11-02 17:00:00,19.27,24.03,10.45,17.06,0.31,4.27,0.75,80.72,1002.61,15.58
505,2019-11-02 18:00:00,17.42,20.2,10.75,19.41,0.34,,0.48,354.94,1002.58,15.44
506,2019-11-02 19:00:00,15.34,18.89,11.33,16.98,0.35,3.63,0.28,357.75,1002.35,15.18
507,2019-11-02 20:00:00,15.79,21.42,8.61,14.91,0.36,4.47,0.64,45.79,1002.05,15.23
508,2019-11-02 21:00:00,17.78,25.43,8.76,15.37,0.35,4.35,0.53,17.81,1001.72,16.02
509,2019-11-02 22:00:00,16.94,19.93,11.09,16.02,0.36,3.19,0.71,347.69,1001.43,15.66
510,2019-11-02 23:00:00,18.76,36.06,4.94,8.65,0.27,2.51,0.91,138.79,1001.03,16.51
511,2019-11-03 00:00:00,20.17,43.68,2.32,5.58,0.23,2.03,1.13,135.96,1000.61,17.06
512,2019-11-03 01:00:00,20.26,43.33,1.64,5.36,0.22,2.45,1.79,153.11,1000.24,17.01
513,2019-11-03 02:00:00,18.77,40.45,2.85,3.77,0.22,0.54,1.83,143.55,999.85,16.72
514,2019-11-03 03:00:00,20.62,37.43,4.36,8.02,0.22,2.41,1.16,99.0,999.28,16.8
515,2019-11-03 04:00:00,23.11,44.25,2.78,3.46,0.19,0.5,1.92,144.89,998.87,17.3
516,2019-11-03 05:00:00,21.89,43.79,2.21,6.94,0.19,3.15,2.17,149.77,998.45,17.2
517,2019-11-03 06:00:00,22.33,44.53,1.9,5.8,0.18,2.55,2.33,137.36,998.3,17.39
518,2019-11-03 07:00:00,21.89,40.16,2.22,7.61,0.19,3.53,1.22,132.08,998.44,17.03
519,2019-11-03 08:00:00,24.41,36.49,3.48,5.73,0.2,1.49,0.85,100.45,998.47,17.5
520,2019-11-03 09:00:00,21.93,35.58,4.46,8.47,0.23,2.65,0.65,93.13,998.36,18.34
521,2019-11-03 10:00:00,34.22,42.4,6.47,14.24,0.22,5.04,0.49,143.26,997.87,21.15
522,2019-11-03 11:00:00,51.09,47.04,6.99,11.63,0.19,3.07,0.93,116.46,996.92,20.76
523,2019-11-03 12:00:00,44.55,44.19,8.78,13.6,0.3,3.18,0.39,320.8,996.53,20.25
524,2019-11-03 13:00:00,24.22,39.81,5.28,9.82,0.24,2.94,0.84,83.83,995.97,18.95
525,2019-11-03 14:00:00,22.71,43.1,5.12,8.44,0.25,2.22,1.49,121.19,995.36,18.68
526,2019-11-03 15:00:00,25.31,50.45,2.99,6.74,0.2,2.48,2.81,128.54,995.0,19.26
527,2019-11-03 16:00:00,21.16,46.72,3.61,6.79,0.21,2.01,2.03,130.25,994.92,18.94
528,2019-11-03 17:00:00,19.91,44.77,4.2,8.82,0.22,3.01,1.75,128.93,994.96,18.91
529,2019-11-03 18:00:00,20.17,44.84,3.97,8.29,0.22,2.84,1.44,100.27,994.74,19.05
530,2019-11-03 19:00:00,20.75,45.51,5.39,9.62,0.23,2.71,1.44,127.3,994.16,18.72
531,2019-11-03 20:00:00,30.67,54.52,4.45,8.4,0.18,2.61,2.25,137.82,994.08,19.75
532,2019-11-03 21:00:00,23.23,48.0,2.88,6.97,0.2,2.65,1.52,136.23,994.09,18.51
533,2019-11-03 22:00:00,18.36,45.85,3.14,5.7,0.21,1.67,1.64,137.55,993.56,17.91
534,2019-11-03 23:00:00,17.74,51.88,1.43,4.09,0.19,1.68,2.1,132.89,993.16,18.4
535,2019-11-04 00:00:00,17.63,55.89,0.84,2.86,0.17,1.28,2.56,133.75,992.71,18.94
536,2019-11-04 01:00:00,16.34,57.49,,2.77,0.16,1.95,2.48,141.95,992.19,18.87
537,2019-11-04 02:00:00,15.87,55.23,0.5,4.21,0.16,2.71,2.15,135.33,992.04,18.42
538,2019-11-04 03:00:00,17.74,55.42,0.61,4.7,0.15,2.69,3.2,135.98,991.4,18.71
539,2019-11-04 04:00:00,22.15,54.25,,,0.14,,3.28,131.9,991.27,18.92
540,2019-11-04 05:00:00,21.28,54.0,1.5,4.51,,1.98,2.47,133.55,990.96,18.75
541,2019-11-04 06:00:00,20.37,51.29,1.5,6.11,0.14,3.06,2.73,141.45,990.82,18.74
542,2019-11-04 07:00:00,27.44,49.7,4.71,8.31,0.14,2.36,2.87,136.31,991.01,19.15
543,2019-11-04 08:00:00,,,4.17,8.55,0.15,3.11,3.07,145.05,991.07,19.62
544,2019-11-04 09:00:00,27.98,52.32,3.85,8.53,0.15,3.03,3.08,143.17,991.0,19.82
545,2019-11-04 10:00:00,28.33,52.12,4.21,8.48,0.16,2.73,2.11,140.73,991.09,20.34
546,2019-11-04 11:00:00,21.47,55.7,2.31,5.48,0.15,2.07,1.93,141.26,991.31,20.75
547,2019-11-04 12:00:00,15.05,38.95,6.8,14.6,0.16,5.13,0.45,155.37,992.95,16.52
548,2019-11-04 13:00:00,16.78,50.27,5.09,10.06,0.17,3.16,0.52,165.68,993.28,17.39
549,2019-11-04 14:00:00,18.76,52.95,9.76,14.77,0.25,3.31,0.42,35.54,993.86,19.27
550,2019-11-04 15:00:00,17.09,41.33,13.17,19.33,0.24,3.93,0.25,123.83,994.62,18.82
551,2019-11-04 16:00:00,14.84,39.5,13.28,17.88,0.23,3.07,0.16,143.22,995.4,18.16
552,2019-11-04 17:00:00,14.26,45.31,7.98,12.86,0.21,3.25,0.52,161.81,996.47,17.2
553,2019-11-04 18:00:00,13.31,20.33,20.99,29.48,0.36,5.33,0.05,332.24,997.22,16.58
554,2019-11-04 19:00:00,12.97,1.83,30.57,67.63,0.59,24.23,0.15,78.69,997.96,15.8
555,2019-11-04 20:00:00,12.01,1.52,25.36,47.17,0.63,14.58,0.13,84.19,998.5,14.56
556,2019-11-04 21:00:00,11.95,10.9,20.55,46.39,0.62,17.0,0.33,131.63,998.66,14.67
557,2019-11-04 22:00:00,11.4,43.27,2.03,2.48,0.17,0.5,1.09,156.9,999.04,15.76
558,2019-11-04 23:00:00,13.13,56.33,1.78,3.05,0.15,0.78,1.14,165.91,999.03,16.12
559,2019-11-05 00:00:00,13.59,62.46,,,0.15,,1.17,164.71,999.21,16.51
560,2019-11-05 01:00:00,14.6,62.48,2.45,9.18,0.14,4.35,1.48,166.05,999.37,16.59
561,2019-11-05 02:00:00,13.48,67.02,2.52,6.45,0.11,2.55,0.27,174.59,999.21,16.96
562,2019-11-05 03:00:00,12.11,71.93,1.59,7.38,0.1,3.78,1.59,155.33,999.21,17.75
563,2019-11-05 04:00:00,11.25,71.8,1.73,7.64,0.11,3.88,1.06,162.84,999.1,17.85
564,2019-11-05 05:00:00,10.82,70.59,3.16,8.24,0.1,3.29,0.76,176.24,999.21,17.98
565,2019-11-05 06:00:00,10.6,69.16,3.26,9.5,0.11,4.04,1.14,145.4,999.39,18.06
566,2019-11-05 07:00:00,12.52,66.34,5.52,11.81,0.13,4.1,1.82,137.35,999.6,18.41
567,2019-11-05 08:00:00,13.38,65.61,5.32,10.81,0.12,3.65,2.06,139.57,999.58,19.86
568,2019-11-05 09:00:00,12.34,67.98,5.51,10.68,0.12,3.35,3.1,148.58,999.13,20.15
569,2019-11-05 10:00:00,12.58,66.26,5.22,11.46,0.13,4.01,2.97,146.24,998.37,21.36
570,2019-11-05 11:00:00,11.83,73.94,3.69,11.93,0.13,5.41,3.42,151.15,997.32,23.2
571,2019-11-05 12:00:00,11.2,76.56,3.44,9.63,0.13,4.08,3.71,152.07,996.55,24.03
572,2019-11-05 13:00:00,10.72,75.12,4.48,10.57,0.14,3.99,2.31,156.12,995.94,24.62
573,2019-11-05 14:00:00,10.85,76.5,3.82,9.29,0.14,3.58,2.18,150.29,995.7,24.73
574,2019-11-05 15:00:00,11.03,72.18,6.17,11.35,0.18,3.37,1.29,130.82,995.66,24.31
575,2019-11-05 16:00:00,15.29,66.13,8.28,13.94,0.21,3.7,1.37,135.39,995.25,23.04
576,2019-11-05 17:00:00,14.07,62.98,7.69,12.72,0.23,3.29,2.01,134.23,995.03,22.89
577,2019-11-05 18:00:00,13.57,61.4,6.09,12.29,0.19,4.11,2.17,143.43,994.64,22.17
578,2019-11-05 19:00:00,15.09,64.25,4.92,11.67,0.15,4.43,2.47,137.85,994.25,21.66
579,2019-11-05 20:00:00,17.93,62.44,4.28,11.69,0.15,4.82,2.91,139.48,994.04,21.07
580,2019-11-05 21:00:00,26.88,59.89,6.98,14.05,0.16,4.59,2.34,135.86,993.78,20.5
581,2019-11-05 22:00:00,30.24,61.83,6.42,12.65,0.14,4.09,2.13,133.77,993.56,20.56
582,2019-11-05 23:00:00,18.66,63.76,4.07,9.42,0.14,3.49,2.26,134.51,993.73,20.27
583,2019-11-06 00:00:00,20.51,62.99,4.11,9.11,0.13,3.3,1.92,146.63,993.6,20.29
584,2019-11-06 01:00:00,23.54,57.63,5.75,12.75,0.16,4.54,0.46,175.53,994.29,20.48
585,2019-11-06 02:00:00,13.69,46.63,5.47,12.42,0.24,4.58,0.28,287.26,996.26,17.68
586,2019-11-06 03:00:00,12.55,40.11,4.94,11.16,0.19,4.05,0.73,301.31,996.77,16.69
587,2019-11-06 04:00:00,10.95,33.28,4.42,10.19,0.12,3.77,0.51,325.39,998.45,15.11
588,2019-11-06 05:00:00,10.44,31.14,4.86,13.19,0.13,5.43,0.3,150.17,998.53,14.1
589,2019-11-06 06:00:00,10.38,29.85,7.14,13.31,0.14,3.97,0.76,134.91,998.58,13.41
590,2019-11-06 07:00:00,10.33,29.79,8.08,15.22,0.16,4.66,0.73,122.43,999.43,13.31
591,2019-11-06 08:00:00,9.8,24.17,10.25,17.57,0.19,4.78,0.6,135.87,1000.48,13.71
592,2019-11-06 09:00:00,9.24,34.37,4.5,12.45,0.15,5.22,0.51,121.15,1000.88,14.21
593,2019-11-06 10:00:00,10.11,41.9,5.01,11.68,0.15,4.34,0.64,142.8,1001.48,15.17
594,2019-11-06 11:00:00,11.35,46.58,6.92,13.58,0.15,4.33,0.98,134.37,1001.52,16.04
595,2019-11-06 12:00:00,11.32,50.37,7.05,13.03,0.14,3.86,0.95,134.13,1001.59,16.34
596,2019-11-06 13:00:00,11.75,49.68,8.9,16.07,0.15,4.7,0.71,131.56,1001.48,17.14
597,2019-11-06 14:00:00,11.33,47.26,6.83,14.48,0.17,5.0,1.13,144.77,1001.62,16.68
598,2019-11-06 15:00:00,10.44,40.15,7.76,14.06,0.17,4.08,0.87,136.56,1001.56,16.05
599,2019-11-06 16:00:00,10.56,37.26,6.44,12.38,0.17,3.84,0.63,137.63,1001.49,15.33
600,2019-11-06 17:00:00,10.68,25.6,16.59,24.43,0.27,5.06,0.31,72.46,1001.01,15.16
601,2019-11-06 18:00:00,11.07,30.55,14.35,21.69,0.28,4.92,0.34,64.57,1001.19,14.83
602,2019-11-06 19:00:00,10.97,24.77,15.09,21.83,0.29,4.35,0.53,86.65,1000.78,14.58
603,2019-11-06 20:00:00,11.08,18.69,18.43,30.22,0.3,7.66,0.24,49.08,1000.31,14.48
604,2019-11-06 21:00:00,10.48,20.35,12.49,21.33,0.28,5.8,0.38,91.92,1000.5,14.17
605,2019-11-06 22:00:00,10.43,16.88,10.43,17.35,0.3,4.54,0.49,71.1,999.9,14.04
606,2019-11-06 23:00:00,10.76,7.83,18.6,31.08,0.36,8.15,0.6,21.6,999.99,14.35
607,2019-11-07 00:00:00,10.79,30.87,10.33,20.96,0.23,6.98,0.17,35.3,1000.11,14.97
608,2019-11-07 01:00:00,10.92,34.32,8.46,14.96,0.22,4.28,0.17,97.62,1000.31,15.1
609,2019-11-07 02:00:00,10.61,31.66,7.04,13.14,0.19,4.02,0.4,85.47,1000.16,14.5
610,2019-11-07 03:00:00,10.35,28.24,6.98,13.5,0.18,4.23,0.14,306.31,1000.38,14.99
611,2019-11-07 04:00:00,10.39,15.78,11.99,20.47,0.23,5.52,0.19,248.95,1000.96,14.17
612,2019-11-07 05:00:00,10.38,8.11,,,0.25,,0.32,191.39,1001.15,13.38
613,2019-11-07 06:00:00,9.92,6.92,9.44,18.84,,6.09,0.17,198.2,1001.42,13.17
614,2019-11-07 07:00:00,10.3,3.62,14.81,32.85,0.39,11.68,0.37,179.21,1002.22,13.37
615,2019-11-07 08:00:00,9.83,12.44,14.61,25.4,0.27,7.07,0.68,144.69,1002.88,13.06
616,2019-11-07 09:00:00,,,12.99,21.26,0.19,5.35,0.56,133.16,1003.05,13.49
617,2019-11-07 10:00:00,11.05,29.91,16.26,28.43,0.24,7.92,0.15,332.78,1003.46,14.97
618,2019-11-07 11:00:00,13.76,54.58,10.8,18.49,0.18,5.08,0.07,334.8,1003.28,17.03
619,2019-11-07 12:00:00,12.06,59.88,8.4,16.09,0.16,5.03,0.39,114.24,1003.23,18.37
620,2019-11-07 13:00:00,10.85,66.41,6.17,14.26,0.16,5.55,0.3,134.34,1003.31,19.18
621,2019-11-07 14:00:00,11.37,61.27,9.27,15.1,0.21,3.74,0.31,73.56,1003.36,18.64
622,2019-11-07 15:00:00,11.73,33.68,23.33,35.95,0.28,8.16,0.25,44.82,1003.55,17.84
623,2019-11-07 16:00:00,11.09,16.75,29.61,39.56,0.32,6.44,0.27,124.21,1003.89,16.89
624,2019-11-07 17:00:00,10.44,7.38,27.76,40.01,0.4,8.07,0.7,139.0,1004.41,15.19
625,2019-11-07 18:00:00,9.67,6.84,22.21,32.09,0.37,6.44,0.43,131.51,1004.61,14.29
626,2019-11-07 19:00:00,10.35,6.62,26.93,49.01,0.46,14.39,0.24,50.99,1004.66,14.59
627,2019-11-07 20:00:00,10.4,14.77,18.45,29.97,0.31,7.45,0.36,7.2,1004.57,14.47
628,2019-11-07 21:00:00,10.88,11.93,29.38,45.73,0.44,15.09,0.38,29.06,1004.47,14.5
629,2019-11-07 22:00:00,10.15,15.98,15.84,25.89,0.36,6.56,0.36,28.7,1004.51,14.05
630,2019-11-07 23:00:00,10.13,12.71,12.0,21.77,0.35,6.42,0.25,359.31,1004.48,13.53
631,2019-11-08 00:00:00,9.73,15.77,9.18,18.53,0.28,6.22,0.34,23.76,1004.59,13.15
632,2019-11-08 01:00:00,9.99,24.7,5.67,12.01,0.2,4.13,0.37,19.1,1004.39,13.22
633,2019-11-08 02:00:00,9.77,23.79,4.99,9.73,0.2,3.06,0.53,11.12,1003.87,12.81
634,2019-11-08 03:00:00,9.93,16.54,5.3,11.75,0.22,4.16,0.15,342.72,1003.43,12.53
635,2019-11-08 04:00:00,9.82,13.31,4.9,11.91,0.22,4.51,0.19,44.59,1003.28,12.14
636,2019-11-08 05:00:00,9.69,11.09,7.02,17.45,0.23,6.32,0.54,10.06,1002.98,12.24
637,2019-11-08 06:00:00,9.74,9.17,8.74,18.79,0.25,6.52,0.44,26.14,1003.09,12.39
638,2019-11-08 07:00:00,10.33,3.96,16.27,38.98,0.53,14.65,0.23,24.8,1003.31,12.25
639,2019-11-08 08:00:00,9.61,3.13,17.1,49.15,0.37,20.58,0.22,69.93,1003.26,11.81
640,2019-11-08 09:00:00,9.91,2.14,,41.29,0.33,17.96,0.24,18.39,1002.84,12.16
641,2019-11-08 10:00:00,10.25,4.33,11.27,24.8,0.29,8.89,0.39,105.24,1002.56,12.5
642,2019-11-08 11:00:00,10.47,3.41,10.29,30.5,0.34,12.39,0.19,53.17,1002.18,13.3
643,2019-11-08 12:00:00,10.96,5.58,10.15,28.44,0.32,12.82,0.3,80.54,1001.59,14.3
644,2019-11-08 13:00:00,11.76,7.9,13.15,36.64,0.38,15.57,0.1,187.92,1001.39,15.91
645,2019-11-08 14:00:00,12.62,29.89,9.42,17.0,0.26,5.25,0.45,153.17,1001.28,16.39
646,2019-11-08 15:00:00,12.25,20.36,15.38,28.3,0.35,8.26,0.06,218.91,1001.4,16.64
647,2019-11-08 16:00:00,11.6,1.22,22.71,62.39,0.53,25.75,0.17,290.23,1001.75,15.74
648,2019-11-08 17:00:00,11.27,1.35,16.63,50.04,0.52,21.71,0.46,129.1,1002.03,14.18
649,2019-11-08 18:00:00,11.38,0.5,15.98,55.69,0.55,25.93,0.69,133.52,1002.17,13.0
650,2019-11-08 19:00:00,12.43,1.68,14.97,76.17,0.88,40.93,0.17,123.01,1002.26,12.81
651,2019-11-08 20:00:00,12.38,1.31,14.39,88.05,0.9,48.07,0.25,129.82,1002.66,12.68
652,2019-11-08 21:00:00,11.33,3.29,14.15,62.52,0.97,31.48,0.38,156.09,1003.26,11.51
653,2019-11-08 22:00:00,12.02,1.73,13.98,88.78,1.34,48.81,0.25,160.74,1003.76,10.97
654,2019-11-08 23:00:00,11.53,3.98,12.6,66.48,1.17,35.14,0.23,131.0,1003.93,10.47
655,2019-11-09 00:00:00,10.56,8.33,11.18,40.87,0.61,19.43,0.44,155.5,1003.89,11.57
656,2019-11-09 01:00:00,9.85,26.02,3.98,11.76,0.19,5.38,0.91,155.46,1003.87,13.82
657,2019-11-09 02:00:00,10.51,44.54,4.04,10.75,0.14,4.79,1.18,139.49,1003.87,15.21
658,2019-11-09 03:00:00,12.6,58.93,4.5,9.17,0.11,3.03,1.32,135.82,1003.72,15.71
659,2019-11-09 04:00:00,13.31,61.13,3.26,9.1,0.11,3.8,1.95,134.82,1003.53,15.95
660,2019-11-09 05:00:00,13.1,61.76,4.1,8.5,0.11,2.87,2.43,140.49,1003.45,16.43
661,2019-11-09 06:00:00,12.29,65.59,3.95,8.8,0.11,3.22,2.41,145.07,1003.67,16.79
662,2019-11-09 07:00:00,11.93,62.84,3.32,8.52,0.12,3.35,2.35,141.09,1004.18,16.7
663,2019-11-09 08:00:00,14.39,61.41,4.57,10.85,0.12,4.11,2.69,145.71,1004.37,17.03
664,2019-11-09 09:00:00,13.67,64.43,3.0,11.24,0.12,5.33,2.78,141.64,1004.46,17.51
665,2019-11-09 10:00:00,13.59,63.89,4.17,10.23,0.13,3.95,2.47,139.98,1004.58,17.93
666,2019-11-09 11:00:00,16.86,61.19,6.2,13.67,0.15,4.87,1.36,136.99,1004.25,18.61
667,2019-11-09 12:00:00,22.63,62.34,6.37,13.19,0.15,4.43,1.74,140.02,1003.8,19.33
668,2019-11-09 13:00:00,26.04,62.52,6.45,11.19,0.16,3.07,2.1,142.84,1003.54,20.11
669,2019-11-09 14:00:00,31.52,59.88,8.03,12.06,0.17,2.61,1.74,144.91,1003.45,20.08
670,2019-11-09 15:00:00,15.84,58.17,8.11,12.86,0.19,3.11,1.43,133.11,1003.49,19.7
671,2019-11-09 16:00:00,18.7,31.53,20.6,29.15,0.28,5.63,0.61,301.87,1003.95,19.24
672,2019-11-09 17:00:00,12.1,21.83,15.19,22.84,0.34,4.99,0.05,185.21,1005.05,17.13
673,2019-11-09 18:00:00,10.78,13.47,16.71,27.07,0.37,6.76,0.16,326.31,1005.55,16.16
674,2019-11-09 19:00:00,10.5,12.46,16.36,25.02,0.39,5.78,0.09,237.38,1005.75,15.42
675,2019-11-09 20:00:00,10.37,11.55,15.51,30.2,0.4,9.74,0.1,283.19,1005.75,14.61
676,2019-11-09 21:00:00,9.92,10.33,12.39,24.39,0.35,7.94,0.34,199.58,1005.22,13.72
677,2019-11-09 22:00:00,10.02,14.1,8.47,16.61,0.26,5.67,0.32,151.2,1004.66,13.38
678,2019-11-09 23:00:00,9.78,12.94,8.5,16.04,0.27,4.94,0.55,136.51,1004.54,13.23
679,2019-11-10 00:00:00,10.06,16.96,8.45,15.44,0.25,4.51,0.13,123.46,1004.08,13.27
680,2019-11-10 01:00:00,10.15,19.25,8.3,16.58,0.21,5.39,0.13,112.44,1002.96,13.15
681,2019-11-10 02:00:00,10.1,20.05,6.19,13.1,0.2,4.43,0.32,119.22,1002.15,12.76
682,2019-11-10 03:00:00,10.17,19.08,6.54,13.69,0.2,4.67,0.35,110.67,1001.49,12.59
683,2019-11-10 04:00:00,10.29,17.64,4.8,11.18,0.2,4.24,0.1,88.78,1001.09,12.5
684,2019-11-10 05:00:00,10.08,13.87,5.12,12.81,0.2,5.07,0.25,99.16,1000.61,12.32
685,2019-11-10 06:00:00,10.07,12.04,,,0.22,,0.17,109.26,1000.36,12.29
686,2019-11-10 07:00:00,10.4,8.2,9.79,19.17,,5.95,0.24,158.79,1000.43,12.47
687,2019-11-10 08:00:00,10.76,7.99,8.54,22.33,0.28,8.95,0.14,243.46,1000.69,12.92
688,2019-11-10 09:00:00,10.94,13.74,7.26,18.34,0.29,6.89,0.47,161.28,1001.47,14.07
689,2019-11-10 10:00:00,,,5.19,11.58,0.21,4.21,0.98,165.23,1002.08,14.78
690,2019-11-10 11:00:00,19.67,35.35,7.97,18.3,0.23,7.18,0.1,64.2,1002.45,16.26
691,2019-11-10 12:00:00,26.05,41.83,7.76,16.87,0.25,6.02,0.51,323.11,1002.96,17.08
692,2019-11-10 13:00:00,14.75,43.75,6.89,15.57,0.23,5.65,1.52,316.09,1003.5,15.43
693,2019-11-10 14:00:00,11.11,36.46,7.48,13.44,0.22,3.93,1.52,317.96,1004.4,13.5
694,2019-11-10 15:00:00,10.47,29.36,7.57,16.65,0.24,5.84,1.0,327.3,1005.14,12.71
695,2019-11-10 16:00:00,10.35,21.08,12.34,20.77,0.24,5.53,1.25,313.1,1005.91,12.05
696,2019-11-10 17:00:00,9.88,21.75,13.4,22.05,0.25,5.7,0.97,303.24,1006.92,11.75
697,2019-11-10 18:00:00,9.14,30.32,10.26,18.72,0.25,5.5,0.71,320.25,1008.03,11.77
698,2019-11-10 19:00:00,9.2,21.2,10.51,19.91,0.27,6.14,0.75,314.13,1009.14,11.65
699,2019-11-10 20:00:00,9.08,21.42,9.67,19.8,0.3,6.65,0.54,316.47,1010.15,11.36
700,2019-11-10 21:00:00,9.17,19.0,9.36,17.13,0.28,4.85,0.44,325.78,1010.8,10.92
701,2019-11-10 22:00:00,9.05,16.3,7.79,16.57,0.27,5.65,0.22,2.4,1011.36,10.81
702,2019-11-10 23:00:00,9.0,16.86,7.08,12.29,0.25,3.47,0.1,152.43,1012.11,10.6
703,2019-11-11 00:00:00,8.52,16.74,5.84,12.37,0.22,4.0,0.07,191.19,1012.57,10.39
704,2019-11-11 01:00:00,8.53,16.75,6.63,13.53,0.22,4.42,0.98,303.71,1012.85,10.49
705,2019-11-11 02:00:00,8.5,16.39,4.98,12.48,0.2,4.88,0.55,304.92,1013.08,10.14
706,2019-11-11 03:00:00,8.24,18.52,4.13,10.99,0.19,4.46,0.39,296.66,1013.23,9.79
707,2019-11-11 04:00:00,8.04,15.64,5.82,10.97,0.2,3.33,0.02,159.26,1013.59,9.79
708,2019-11-11 05:00:00,8.58,11.31,9.36,17.56,0.2,5.72,0.39,1.66,1013.6,10.01
709,2019-11-11 06:00:00,8.49,10.3,9.54,17.99,0.24,5.21,0.47,91.96,1013.82,9.9
710,2019-11-11 07:00:00,8.41,12.52,7.37,,0.22,5.37,0.44,82.66,1014.0,9.88
711,2019-11-11 08:00:00,8.62,14.14,7.93,15.66,0.23,5.04,0.59,82.24,1014.32,10.31
712,2019-11-11 09:00:00,8.79,16.31,8.9,17.68,0.25,5.77,0.63,98.07,1014.04,10.99
713,2019-11-11 10:00:00,11.67,22.81,7.07,16.09,0.23,5.88,0.79,108.65,1013.77,12.13
714,2019-11-11 11:00:00,10.76,28.13,7.21,15.74,0.21,5.6,0.87,86.34,1013.03,12.34
715,2019-11-11 12:00:00,11.49,37.37,7.14,13.1,0.2,3.84,0.68,97.16,1012.41,12.82
716,2019-11-11 13:00:00,12.76,42.87,6.04,12.68,0.2,4.31,0.79,111.88,1012.02,13.32
717,2019-11-11 14:00:00,11.91,38.31,6.92,14.55,0.24,4.99,0.78,103.35,1011.67,13.36
718,2019-11-11 15:00:00,11.27,35.69,9.69,18.04,0.35,5.06,0.88,88.01,1010.85,12.93
