,Vreme,SO2 [ug.m-3],NO2 [ug.m-3],NOX [ug.m-3],CO [mg.m-3],NO [ug.m-3],V [m/s],dd [°],P [mb],t [°C],Rh [%]
0,2019-11-03 17:00:00,6.78,16.36,21.35,0.4,3.23,2.43,50.52,982.39,18.23,61.38
1,2019-11-03 18:00:00,6.78,18.44,25.67,0.43,4.74,2.22,53.1,982.39,18.35,61.23
2,2019-11-03 19:00:00,6.95,14.27,19.85,0.35,3.65,3.51,54.9,982.09,18.52,60.88
3,2019-11-03 20:00:00,7.07,13.93,18.77,0.35,3.17,3.67,57.52,982.07,18.38,60.75
4,2019-11-03 21:00:00,7.12,12.83,17.3,0.32,2.91,3.95,58.86,981.89,18.11,61.42
5,2019-11-03 22:00:00,7.02,11.92,15.86,0.29,2.56,4.39,59.06,981.33,17.91,61.9
6,2019-11-03 23:00:00,7.08,11.32,15.34,0.29,2.67,3.95,56.72,980.92,17.69,62.53
7,2019-11-04 00:00:00,7.24,10.63,13.54,0.25,1.91,4.33,55.87,980.55,17.38,63.82
8,2019-11-04 01:00:00,7.3,9.6,13.43,0.26,2.49,4.01,52.79,980.28,17.19,64.66
9,2019-11-04 02:00:00,7.31,8.93,12.39,0.22,2.27,3.92,60.26,979.92,17.42,64.86
10,2019-11-04 03:00:00,7.35,8.55,12.05,0.23,2.28,3.43,50.18,979.83,17.55,65.31
11,2019-11-04 04:00:00,7.4,9.23,11.84,0.22,1.71,3.4,49.83,979.69,17.52,65.93
12,2019-11-04 05:00:00,,11.53,15.7,0.24,2.71,3.54,50.4,979.06,17.58,65.17
13,2019-11-04 06:00:00,6.85,,,0.29,,3.54,57.16,978.84,17.82,64.16
14,2019-11-04 07:00:00,7.28,15.41,21.25,,3.81,4.23,57.53,978.76,18.19,62.52
15,2019-11-04 08:00:00,7.74,12.65,16.73,0.28,2.67,3.82,54.5,979.0,18.52,61.83
16,2019-11-04 09:00:00,7.63,13.41,17.42,0.3,2.61,4.31,56.62,979.0,19.19,60.15
17,2019-11-04 10:00:00,7.66,14.71,19.71,0.33,3.22,3.24,54.32,978.77,19.81,58.14
18,2019-11-04 11:00:00,7.49,21.41,28.58,0.39,4.67,2.04,43.69,978.37,21.2,52.39
19,2019-11-04 12:00:00,7.67,26.89,44.97,0.42,11.63,0.65,31.19,978.13,21.66,46.5
20,2019-11-04 13:00:00,8.18,35.19,61.38,0.55,17.06,0.57,38.09,978.83,20.61,52.03
21,2019-11-04 14:00:00,7.91,30.4,49.66,0.63,12.7,1.53,28.78,979.35,19.54,67.07
22,2019-11-04 15:00:00,9.38,35.17,108.38,1.48,47.83,0.63,19.66,979.48,19.99,58.2
23,2019-11-04 16:00:00,8.21,33.17,83.07,0.87,32.71,0.42,354.06,980.59,19.11,55.94
24,2019-11-04 17:00:00,8.95,22.24,108.09,1.08,55.13,0.48,12.54,981.73,16.8,63.47
25,2019-11-04 18:00:00,10.18,28.75,178.16,1.65,97.63,0.65,256.18,982.49,15.44,67.56
26,2019-11-04 19:00:00,8.11,26.38,96.46,0.92,45.93,0.44,0.53,983.72,15.28,63.16
27,2019-11-04 20:00:00,9.15,20.11,136.1,1.25,76.23,0.36,334.78,984.94,14.03,64.46
28,2019-11-04 21:00:00,7.33,19.34,85.55,1.24,43.52,0.47,351.69,985.62,12.83,68.15
29,2019-11-04 22:00:00,7.11,15.41,73.08,0.86,37.45,0.53,355.65,985.85,11.73,70.75
30,2019-11-04 23:00:00,6.31,15.8,47.73,0.85,20.97,0.5,15.02,986.16,10.23,74.06
31,2019-11-05 00:00:00,6.2,19.11,42.0,0.66,14.98,0.26,285.42,986.66,9.39,77.77
32,2019-11-05 01:00:00,5.73,15.07,28.09,0.46,8.51,0.32,308.06,986.92,9.35,79.22
33,2019-11-05 02:00:00,5.9,12.65,25.45,0.46,8.33,0.32,316.96,986.84,8.52,79.45
34,2019-11-05 03:00:00,5.55,11.82,19.54,0.41,5.0,0.32,314.44,986.85,8.03,80.34
35,2019-11-05 04:00:00,5.52,12.69,22.42,0.41,6.36,0.41,294.98,986.92,8.36,80.8
36,2019-11-05 05:00:00,8.31,11.81,118.11,0.83,69.16,0.44,328.08,986.86,8.54,80.28
37,2019-11-05 06:00:00,8.11,17.08,122.39,0.98,68.56,0.23,337.62,987.22,8.23,80.1
38,2019-11-05 07:00:00,10.36,16.05,212.55,1.37,127.83,0.44,334.98,987.74,10.27,79.74
39,2019-11-05 08:00:00,9.01,29.02,144.87,1.1,75.48,0.5,314.26,987.57,15.43,69.89
40,2019-11-05 09:00:00,7.45,34.26,92.76,0.99,38.2,0.87,358.16,987.13,21.63,46.53
41,2019-11-05 10:00:00,6.3,26.67,41.19,0.4,9.58,2.06,39.0,986.63,21.39,43.53
42,2019-11-05 11:00:00,6.07,21.95,32.5,0.42,6.93,3.4,44.92,985.78,21.67,45.62
43,2019-11-05 12:00:00,6.47,21.88,33.15,0.35,7.35,3.21,52.6,984.56,23.32,40.01
44,2019-11-05 13:00:00,6.18,19.01,27.22,0.34,5.38,3.75,52.25,983.71,23.29,39.94
45,2019-11-05 14:00:00,6.15,18.11,25.69,0.33,4.98,3.85,52.54,983.31,22.51,43.5
46,2019-11-05 15:00:00,6.23,21.76,29.4,0.38,4.99,3.99,54.84,983.22,21.81,45.39
47,2019-11-05 16:00:00,6.34,23.23,30.52,0.38,4.76,3.59,51.07,983.19,21.42,46.16
48,2019-11-05 17:00:00,6.55,23.35,29.82,0.45,4.19,3.5,51.91,983.26,20.95,47.07
49,2019-11-05 18:00:00,6.32,26.48,35.25,0.52,5.76,2.87,45.46,983.16,20.11,49.92
50,2019-11-05 19:00:00,6.18,20.91,27.24,0.38,4.15,3.16,43.79,982.73,20.19,50.83
51,2019-11-05 20:00:00,6.36,17.48,22.58,0.33,3.34,3.14,46.85,982.14,20.11,50.87
52,2019-11-05 21:00:00,6.63,14.15,18.75,0.3,3.02,2.93,49.94,981.51,20.08,50.6
53,2019-11-05 22:00:00,6.12,13.25,17.29,0.3,2.66,2.88,51.0,981.33,19.79,52.11
54,2019-11-05 23:00:00,6.39,11.32,16.2,0.26,3.18,3.9,54.92,981.31,20.15,52.48
55,2019-11-06 00:00:00,6.45,10.88,14.65,0.23,2.47,4.04,57.78,981.08,20.02,50.93
56,2019-11-06 01:00:00,6.45,9.56,12.73,0.24,2.1,3.32,54.01,981.18,19.9,50.19
57,2019-11-06 02:00:00,6.63,11.98,15.65,0.25,2.41,0.55,1.81,981.14,19.0,52.26
58,2019-11-06 03:00:00,6.77,10.52,13.5,0.26,1.94,2.3,45.77,981.0,18.86,54.12
59,2019-11-06 04:00:00,6.58,9.8,13.41,0.21,2.34,2.0,45.75,981.37,18.47,55.83
60,2019-11-06 05:00:00,6.23,15.41,20.64,0.31,3.36,1.93,44.91,981.94,18.48,56.55
61,2019-11-06 06:00:00,7.39,34.46,75.73,0.6,26.71,0.67,306.42,983.03,18.16,58.71
62,2019-11-06 07:00:00,6.89,30.62,51.24,0.47,13.48,1.75,277.97,985.15,15.96,72.69
63,2019-11-06 08:00:00,6.29,26.93,44.26,0.5,11.33,1.45,334.7,986.66,14.36,84.04
64,2019-11-06 09:00:00,5.65,25.9,35.58,0.45,6.3,1.88,347.11,987.22,13.32,89.29
65,2019-11-06 10:00:00,5.44,31.61,42.64,0.48,7.17,1.92,351.81,987.76,12.69,92.42
66,2019-11-06 11:00:00,5.53,36.67,54.06,0.54,11.34,1.6,336.93,987.48,12.49,94.57
67,2019-11-06 12:00:00,5.78,39.61,56.48,0.49,10.98,1.44,317.46,987.59,12.02,96.02
68,2019-11-06 13:00:00,6.04,39.97,71.31,1.27,20.49,1.08,343.21,987.56,11.8,96.91
69,2019-11-06 14:00:00,6.79,45.44,94.7,1.16,32.22,0.9,340.51,987.56,11.89,97.58
70,2019-11-06 15:00:00,5.9,34.06,58.1,0.82,15.68,0.87,16.0,987.31,12.08,97.96
71,2019-11-06 16:00:00,6.68,37.75,83.25,1.23,29.58,0.38,326.26,987.25,11.97,98.48
72,2019-11-06 17:00:00,6.15,34.52,68.11,0.93,21.9,0.7,15.88,987.56,11.89,98.63
73,2019-11-06 18:00:00,7.35,32.38,96.08,1.75,41.4,0.54,1.39,986.89,11.96,98.91
74,2019-11-06 19:00:00,7.25,32.13,89.83,1.63,37.06,0.48,357.87,986.49,12.04,99.22
75,2019-11-06 20:00:00,6.41,21.41,38.94,0.51,11.41,2.63,52.28,986.46,14.07,99.54
76,2019-11-06 21:00:00,5.59,29.14,52.3,0.55,15.18,0.9,24.92,986.8,14.19,98.44
77,2019-11-06 22:00:00,6.14,24.86,53.98,0.73,18.92,0.61,2.26,986.81,13.68,97.4
78,2019-11-06 23:00:00,6.09,27.74,54.01,0.77,17.19,0.56,358.89,986.78,13.69,96.67
79,2019-11-07 00:00:00,6.21,18.93,42.96,0.93,15.73,0.58,2.16,986.49,13.49,96.17
80,2019-11-07 01:00:00,5.7,17.9,43.08,0.75,16.42,0.45,344.73,986.05,13.23,96.01
81,2019-11-07 02:00:00,5.0,14.98,28.69,0.52,9.03,0.4,14.4,985.77,13.25,96.06
82,2019-11-07 03:00:00,5.9,14.32,25.86,0.59,7.52,0.39,321.54,985.63,13.24,96.32
83,2019-11-07 04:00:00,5.83,13.08,26.82,0.58,8.91,0.33,353.18,985.81,13.08,96.53
84,2019-11-07 05:00:00,6.35,14.02,51.21,0.74,24.18,0.49,350.48,985.47,12.89,96.79
85,2019-11-07 06:00:00,,16.23,70.25,0.85,35.3,0.53,345.95,985.66,12.87,96.93
86,2019-11-07 07:00:00,5.77,,,0.81,,0.49,345.57,986.79,13.18,97.12
87,2019-11-07 08:00:00,6.93,24.23,94.46,,45.76,0.74,344.08,987.55,13.62,97.15
88,2019-11-07 09:00:00,6.11,25.2,65.4,0.83,26.34,0.51,3.88,988.09,14.0,97.19
89,2019-11-07 10:00:00,5.43,18.17,37.56,0.75,12.73,1.34,9.47,988.17,14.33,96.92
90,2019-11-07 11:00:00,5.51,27.02,50.75,0.72,15.45,0.55,336.88,987.81,15.05,97.53
91,2019-11-07 12:00:00,4.86,26.24,41.34,0.63,9.84,0.84,2.42,987.73,15.31,96.23
92,2019-11-07 13:00:00,4.83,29.42,44.77,0.56,10.03,1.95,357.8,988.01,15.26,91.49
93,2019-11-07 14:00:00,5.03,28.42,44.41,0.53,10.45,2.05,355.18,988.06,15.77,85.36
94,2019-11-07 15:00:00,5.19,29.04,47.82,0.51,12.24,1.54,347.28,988.25,15.63,84.16
95,2019-11-07 16:00:00,5.43,29.06,56.08,0.6,17.61,1.27,348.44,988.52,15.27,84.35
96,2019-11-07 17:00:00,5.08,27.7,55.31,0.66,18.02,1.28,353.46,988.87,14.97,85.28
97,2019-11-07 18:00:00,5.77,22.71,69.84,1.01,30.67,0.96,8.69,989.18,14.57,86.53
98,2019-11-07 19:00:00,6.38,12.92,85.04,1.68,47.1,0.57,358.09,989.07,14.23,88.14
99,2019-11-07 20:00:00,6.86,6.19,100.2,1.88,61.38,0.48,342.85,988.78,13.68,89.01
100,2019-11-07 21:00:00,6.85,10.07,84.63,1.56,48.8,1.2,1.99,988.5,13.42,90.18
101,2019-11-07 22:00:00,5.5,12.03,59.69,1.1,31.06,1.08,355.86,988.31,13.07,91.94
102,2019-11-07 23:00:00,5.75,13.58,52.9,0.84,25.74,0.67,321.82,988.6,13.29,93.48
103,2019-11-08 00:00:00,5.52,16.06,38.56,0.7,14.72,1.58,8.04,988.41,13.25,94.23
104,2019-11-08 01:00:00,5.2,26.84,39.71,0.52,9.29,1.68,6.59,987.83,13.18,95.48
105,2019-11-08 02:00:00,5.34,14.68,32.92,0.62,11.91,0.92,5.52,987.46,13.3,96.62
106,2019-11-08 03:00:00,5.06,14.09,29.18,0.55,9.83,1.58,6.28,987.19,13.44,97.26
107,2019-11-08 04:00:00,5.09,13.04,25.57,0.51,8.16,1.36,11.71,987.26,13.11,97.72
108,2019-11-08 05:00:00,5.59,13.53,37.81,0.58,15.11,1.51,9.46,986.9,13.05,98.02
109,2019-11-08 06:00:00,5.99,9.89,54.08,0.71,28.84,0.82,343.21,987.01,13.02,98.42
110,2019-11-08 07:00:00,6.36,7.13,72.78,0.86,42.62,1.36,357.62,987.45,13.13,98.51
111,2019-11-08 08:00:00,6.35,10.72,71.98,0.81,40.09,1.46,0.95,987.32,13.91,98.63
112,2019-11-08 09:00:00,5.46,15.05,43.42,0.62,18.59,1.77,43.34,987.23,16.14,97.62
113,2019-11-08 10:00:00,5.55,15.92,30.41,0.41,9.42,2.04,52.51,986.84,18.05,87.24
114,2019-11-08 11:00:00,5.37,15.57,27.21,0.4,7.6,3.29,45.66,986.6,19.24,69.06
115,2019-11-08 12:00:00,5.3,17.1,28.51,0.41,7.45,3.29,47.35,986.19,20.01,60.9
116,2019-11-08 13:00:00,5.16,17.8,28.48,0.42,6.95,2.97,41.22,985.89,20.16,58.6
117,2019-11-08 14:00:00,5.25,20.34,31.25,0.46,7.18,2.7,47.43,985.65,20.09,58.21
118,2019-11-08 15:00:00,5.3,20.77,34.69,0.49,9.08,2.38,48.76,985.68,20.03,56.83
119,2019-11-08 16:00:00,5.27,18.41,62.35,0.88,28.68,0.98,24.14,986.12,18.73,60.81
120,2019-11-08 17:00:00,5.88,17.35,73.12,0.91,36.3,0.99,28.08,986.96,17.41,64.03
121,2019-11-08 18:00:00,5.86,15.86,76.21,0.96,39.45,0.46,16.59,987.67,15.65,68.46
122,2019-11-08 19:00:00,6.63,4.04,103.48,1.05,65.11,0.35,344.53,988.18,14.54,71.47
123,2019-11-08 20:00:00,6.01,7.23,78.44,0.89,47.01,0.54,348.95,988.83,13.84,73.29
124,2019-11-08 21:00:00,6.87,1.29,119.34,1.09,77.04,0.66,0.23,989.46,13.79,71.94
125,2019-11-08 22:00:00,7.38,,127.75,1.56,86.52,0.85,9.7,989.92,12.52,73.41
126,2019-11-08 23:00:00,8.2,,159.06,1.76,111.38,0.69,354.5,990.36,11.49,78.28
127,2019-11-09 00:00:00,6.83,,118.05,1.58,80.59,0.75,1.45,990.51,11.33,80.61
128,2019-11-09 01:00:00,4.95,11.32,62.19,0.55,33.41,0.41,341.57,990.49,11.58,79.98
129,2019-11-09 02:00:00,4.73,14.23,47.82,0.42,22.08,0.57,336.25,990.28,12.38,75.91
130,2019-11-09 03:00:00,4.58,16.51,49.53,0.35,21.87,0.5,335.52,990.43,12.91,69.71
131,2019-11-09 04:00:00,4.35,17.97,42.52,0.37,15.95,0.84,267.59,990.63,12.88,66.77
132,2019-11-09 05:00:00,4.74,13.75,53.95,0.47,26.25,0.41,266.29,990.73,11.54,68.4
133,2019-11-09 06:00:00,3.76,12.41,59.06,0.56,30.43,0.57,257.82,990.89,10.42,73.66
134,2019-11-09 07:00:00,4.36,14.12,69.46,0.7,36.52,0.25,328.53,991.34,11.35,75.46
135,2019-11-09 08:00:00,4.7,20.16,63.81,0.6,28.05,1.0,30.84,991.7,14.72,69.76
136,2019-11-09 09:00:00,4.3,18.26,30.48,0.5,7.97,2.85,43.81,991.44,18.34,54.12
137,2019-11-09 10:00:00,4.39,21.19,38.76,0.45,11.48,2.51,35.17,991.13,19.13,51.01
138,2019-11-09 11:00:00,4.39,18.77,28.13,0.36,6.13,2.5,44.04,990.45,19.38,50.41
139,2019-11-09 12:00:00,4.36,19.53,28.34,0.37,5.74,2.99,48.9,990.0,19.31,52.03
140,2019-11-09 13:00:00,4.48,24.62,39.68,0.47,9.84,2.87,45.79,989.49,19.75,52.04
141,2019-11-09 14:00:00,4.77,24.29,36.51,0.47,7.95,2.96,38.21,989.0,19.95,49.02
142,2019-11-09 15:00:00,4.75,23.74,32.74,0.45,5.91,2.71,42.47,988.78,19.62,48.95
143,2019-11-09 16:00:00,3.59,21.05,28.32,0.41,4.72,3.06,50.97,988.99,18.92,50.91
144,2019-11-09 17:00:00,4.1,19.37,25.52,0.39,4.02,3.6,53.31,989.35,18.67,53.01
145,2019-11-09 18:00:00,4.28,19.87,27.46,0.44,4.93,2.47,43.56,989.55,17.93,55.75
146,2019-11-09 19:00:00,4.22,21.47,28.03,0.53,4.3,1.85,33.53,989.6,17.23,57.93
147,2019-11-09 20:00:00,4.0,17.98,23.2,0.38,3.42,2.37,54.0,989.39,16.75,59.79
148,2019-11-09 21:00:00,5.53,17.85,63.92,0.68,30.02,1.17,25.93,988.84,15.73,62.32
149,2019-11-09 22:00:00,4.83,21.68,37.23,0.53,10.08,0.72,13.37,988.36,15.7,63.65
150,2019-11-09 23:00:00,5.64,21.69,59.38,0.78,24.56,0.39,296.99,987.84,14.87,65.28
151,2019-11-10 00:00:00,5.15,25.63,45.58,0.5,13.05,0.69,315.38,987.47,15.43,66.37
152,2019-11-10 01:00:00,4.65,19.46,28.95,0.33,6.29,1.6,27.94,986.67,15.54,66.99
153,2019-11-10 02:00:00,5.19,13.43,18.81,0.27,3.5,2.48,45.32,985.7,14.8,73.62
154,2019-11-10 03:00:00,5.57,13.13,18.13,0.3,3.28,2.11,46.29,985.5,15.05,74.22
155,2019-11-10 04:00:00,4.76,13.37,18.23,0.29,3.16,1.0,30.38,985.91,15.15,73.03
156,2019-11-10 05:00:00,5.21,13.8,21.55,0.28,5.05,1.64,45.33,985.49,14.64,77.62
157,2019-11-10 06:00:00,5.25,13.35,20.39,0.29,4.51,1.72,48.72,985.04,15.0,77.15
158,2019-11-10 07:00:00,,18.52,32.11,0.36,8.91,1.59,41.85,985.88,15.12,74.21
159,2019-11-10 08:00:00,4.26,,,0.47,,2.47,44.47,986.1,16.66,66.16
160,2019-11-10 09:00:00,4.9,16.53,23.55,,4.56,3.4,51.08,986.56,18.32,54.62
161,2019-11-10 10:00:00,5.16,18.65,27.02,0.37,5.44,2.44,39.22,986.66,19.15,51.07
162,2019-11-10 11:00:00,5.11,24.22,37.8,0.54,8.86,0.38,54.7,986.45,21.22,40.58
163,2019-11-10 12:00:00,5.44,24.34,37.59,0.39,8.64,0.59,44.25,986.45,21.14,37.56
164,2019-11-10 13:00:00,5.38,27.63,43.3,0.45,10.17,0.28,31.56,986.82,19.91,38.82
165,2019-11-10 14:00:00,5.03,28.27,47.48,0.5,12.5,0.38,346.68,987.88,16.77,50.7
166,2019-11-10 15:00:00,5.58,29.83,76.55,0.72,30.28,0.42,336.57,988.67,14.07,73.19
167,2019-11-10 16:00:00,5.04,25.75,63.49,0.85,24.73,0.45,0.61,989.28,14.05,77.15
168,2019-11-10 17:00:00,5.43,22.38,75.14,1.4,34.39,0.46,325.1,990.4,13.01,79.41
169,2019-11-10 18:00:00,6.16,25.34,115.89,1.36,59.61,0.68,353.53,991.62,12.31,76.94
170,2019-11-10 19:00:00,4.9,23.79,79.5,1.23,36.34,0.35,337.84,992.91,10.78,75.88
171,2019-11-10 20:00:00,4.32,20.54,65.52,1.43,29.43,0.56,13.38,994.07,9.79,78.76
172,2019-11-10 21:00:00,4.11,17.57,65.67,1.42,31.7,0.43,6.47,995.0,8.85,81.36
173,2019-11-10 22:00:00,3.33,17.85,46.52,1.27,18.86,0.44,1.75,995.68,9.47,83.27
174,2019-11-10 23:00:00,2.62,19.07,30.93,0.76,7.77,1.81,2.4,996.33,10.64,85.14
175,2019-11-11 00:00:00,2.86,14.84,22.74,0.42,5.15,1.46,341.29,996.75,10.54,87.26
176,2019-11-11 01:00:00,2.64,13.72,22.22,0.4,5.56,1.56,354.86,997.14,10.46,88.49
177,2019-11-11 02:00:00,2.71,9.6,17.03,0.38,4.87,1.52,341.73,997.55,10.32,89.57
178,2019-11-11 03:00:00,2.54,10.43,18.22,0.39,5.08,1.45,348.52,997.65,10.26,90.05
179,2019-11-11 04:00:00,2.22,9.04,19.11,0.37,6.59,1.51,6.75,997.94,10.1,90.3
180,2019-11-11 05:00:00,2.72,7.94,20.92,0.38,8.46,0.63,8.96,997.96,10.0,90.46
181,2019-11-11 06:00:00,2.97,9.88,29.58,0.42,12.86,0.17,306.61,998.18,8.71,90.27
182,2019-11-11 07:00:00,2.48,11.35,27.86,0.44,10.8,0.4,18.7,998.71,9.36,89.44
183,2019-11-11 08:00:00,2.72,13.01,30.23,0.44,11.23,0.31,282.69,998.63,9.97,88.19
184,2019-11-11 09:00:00,2.7,13.82,31.26,0.45,11.35,0.54,5.32,998.36,11.43,86.38
185,2019-11-11 10:00:00,3.98,15.75,32.17,0.44,10.76,0.57,335.48,997.67,13.37,81.82
186,2019-11-11 11:00:00,4.21,17.0,27.92,0.4,7.11,1.87,347.21,996.83,14.1,72.72
187,2019-11-11 12:00:00,2.93,15.64,26.48,0.44,7.09,2.44,347.41,996.32,14.63,71.4
188,2019-11-11 13:00:00,2.3,17.04,28.46,0.41,7.42,2.21,344.99,995.63,15.21,70.44
189,2019-11-11 14:00:00,3.65,19.25,30.27,0.43,7.18,1.69,324.91,995.09,15.42,68.5
190,2019-11-11 15:00:00,3.65,18.17,34.7,0.47,10.75,1.81,346.66,994.6,15.04,69.09
191,2019-11-11 16:00:00,4.73,14.88,64.4,0.85,32.15,1.1,3.05,994.7,14.16,71.44
192,2019-11-11 17:00:00,5.56,12.11,97.16,1.5,55.56,0.85,12.62,994.68,12.62,74.6
193,2019-11-11 18:00:00,4.59,11.29,56.35,1.66,29.39,0.38,12.51,994.3,10.39,78.81
194,2019-11-11 19:00:00,4.65,10.09,56.89,1.42,30.55,0.34,338.99,994.23,9.19,82.09
195,2019-11-11 20:00:00,4.51,9.41,50.7,1.6,27.0,0.35,341.24,994.04,8.3,84.33
196,2019-11-11 21:00:00,4.96,8.36,51.75,1.5,28.28,0.44,15.94,993.78,7.53,85.83
197,2019-11-11 22:00:00,4.57,10.85,47.56,1.39,23.98,0.4,14.15,993.45,6.8,87.16
198,2019-11-11 23:00:00,4.61,11.5,40.77,1.11,19.12,0.41,2.91,993.37,6.19,88.15
199,2019-11-12 00:00:00,4.36,12.2,37.93,1.0,16.81,0.57,3.22,992.76,6.49,88.67
200,2019-11-12 01:00:00,4.02,10.68,27.96,0.99,11.31,0.36,19.91,992.54,5.69,89.02
201,2019-11-12 02:00:00,4.04,12.01,22.04,0.72,6.55,0.35,19.13,992.27,5.54,89.45
202,2019-11-12 03:00:00,4.27,14.12,22.64,0.61,5.56,0.33,352.03,991.74,5.42,89.85
203,2019-11-12 04:00:00,4.06,13.16,21.87,0.49,5.7,0.38,291.38,991.52,5.35,90.28
204,2019-11-12 05:00:00,4.47,13.87,55.25,0.63,27.39,0.2,290.97,991.17,5.89,90.71
205,2019-11-12 06:00:00,4.52,15.9,47.85,0.69,20.91,0.3,326.62,991.04,7.13,90.96
206,2019-11-12 07:00:00,8.29,10.31,163.47,1.52,98.71,0.39,332.18,990.37,9.63,90.79
207,2019-11-12 08:00:00,9.16,22.1,154.71,1.42,87.87,0.81,28.5,990.07,12.27,87.82
208,2019-11-12 09:00:00,5.29,18.35,32.91,0.43,9.46,2.34,54.22,989.66,14.68,75.36
209,2019-11-12 10:00:00,5.32,19.42,38.55,0.49,12.52,1.55,41.95,989.14,15.25,68.91
210,2019-11-12 11:00:00,6.04,20.29,41.48,0.69,13.86,1.71,36.08,988.3,16.21,65.99
211,2019-11-12 12:00:00,5.61,18.42,31.46,0.46,8.52,3.14,44.02,987.55,17.17,63.94
212,2019-11-12 13:00:00,5.61,20.94,37.91,0.59,11.06,3.16,44.39,986.66,17.81,62.9
213,2019-11-12 14:00:00,5.55,23.45,41.35,0.66,11.69,2.88,31.78,986.29,18.42,61.5
214,2019-11-12 15:00:00,5.73,21.81,36.17,0.6,9.37,2.5,39.14,985.49,18.08,61.3
215,2019-11-12 16:00:00,5.58,21.51,34.85,0.65,8.7,3.22,52.41,985.59,17.56,61.53
216,2019-11-12 17:00:00,5.5,21.26,32.62,0.58,7.39,3.3,47.49,986.17,16.87,62.36
217,2019-11-12 18:00:00,5.49,22.05,39.84,0.94,11.56,1.97,35.95,986.45,16.69,63.47
218,2019-11-12 19:00:00,5.78,21.72,47.71,1.91,16.89,1.52,17.31,986.44,16.42,64.59
219,2019-11-12 20:00:00,6.83,17.75,62.03,1.63,28.83,1.1,19.75,986.08,15.97,67.04
220,2019-11-12 21:00:00,9.3,11.84,159.51,1.36,96.46,0.52,305.67,985.58,15.71,67.86
221,2019-11-12 22:00:00,8.76,15.12,127.86,1.64,73.56,0.78,0.22,985.09,14.97,70.95
222,2019-11-12 23:00:00,7.84,18.84,103.86,1.27,55.69,0.93,339.8,984.5,15.55,71.42
223,2019-11-13 00:00:00,6.22,21.99,41.45,0.52,12.36,1.85,42.66,983.89,17.66,64.45
224,2019-11-13 01:00:00,5.92,13.43,19.68,0.31,4.1,2.68,42.06,983.24,18.88,56.56
225,2019-11-13 02:00:00,6.28,12.18,18.65,0.33,4.23,2.41,21.48,982.9,17.56,60.71
226,2019-11-13 03:00:00,5.67,10.04,14.53,0.28,2.94,0.16,105.2,984.11,14.8,70.69
227,2019-11-13 04:00:00,5.39,12.51,18.58,0.29,3.9,1.1,354.23,984.75,13.16,81.16
228,2019-11-13 05:00:00,5.87,19.49,29.68,0.36,6.61,1.71,343.4,984.17,12.98,86.4
229,2019-11-13 06:00:00,6.07,19.36,30.59,0.67,7.42,1.64,13.44,982.81,13.46,87.81
230,2019-11-13 07:00:00,6.04,21.24,32.57,0.45,7.4,1.41,7.59,983.22,13.41,84.91
231,2019-11-13 08:00:00,,16.66,26.18,0.35,6.24,3.95,47.1,982.61,14.46,81.93
232,2019-11-13 09:00:00,5.5,,,0.37,,3.94,52.63,981.93,15.87,76.47
233,2019-11-13 10:00:00,6.26,14.72,23.36,,5.72,5.36,54.41,981.62,18.51,60.24
234,2019-11-13 11:00:00,6.47,15.03,21.33,0.35,4.13,4.45,54.15,981.14,19.96,48.56
235,2019-11-13 12:00:00,6.06,15.19,21.32,0.3,3.97,4.51,56.58,980.65,20.52,43.04
236,2019-11-13 13:00:00,6.26,17.16,23.16,0.34,3.92,5.29,59.0,981.02,20.49,42.18
237,2019-11-13 14:00:00,6.35,18.27,24.56,0.38,4.12,4.72,54.45,981.5,20.75,40.58
238,2019-11-13 15:00:00,6.04,17.93,23.26,0.34,3.48,4.35,52.88,981.84,20.08,42.54
239,2019-11-13 16:00:00,5.89,16.95,21.71,0.34,3.06,4.22,55.57,982.48,19.16,45.76
240,2019-11-13 17:00:00,6.06,19.58,25.35,0.38,3.76,3.6,51.75,983.18,18.79,47.22
241,2019-11-13 18:00:00,5.66,20.58,26.13,0.43,3.6,3.49,48.67,984.03,17.85,52.45
242,2019-11-13 19:00:00,5.16,19.71,26.2,0.42,4.27,3.23,48.13,984.74,17.16,57.4
243,2019-11-13 20:00:00,4.85,17.03,22.48,0.35,3.55,3.17,48.15,985.63,16.72,60.64
244,2019-11-13 21:00:00,5.29,16.87,22.87,0.35,3.96,2.91,42.57,986.21,16.47,62.3
245,2019-11-13 22:00:00,5.14,13.14,17.34,0.29,2.75,2.82,52.64,986.41,16.53,63.16
246,2019-11-13 23:00:00,5.1,13.6,18.47,0.33,3.18,1.19,38.97,986.63,16.09,64.5
247,2019-11-14 00:00:00,5.02,17.03,27.32,0.34,6.69,0.39,1.82,986.83,15.86,64.97
248,2019-11-14 01:00:00,5.01,13.59,19.82,0.29,4.11,0.45,335.51,987.05,15.1,69.36
249,2019-11-14 02:00:00,4.77,12.08,18.26,0.35,4.03,0.45,357.91,987.41,14.59,71.65
250,2019-11-14 03:00:00,4.77,10.89,19.86,0.35,5.89,0.36,349.02,987.54,13.4,75.39
251,2019-11-14 04:00:00,4.77,9.7,16.75,0.33,4.58,0.57,2.35,987.74,12.96,78.68
252,2019-11-14 05:00:00,5.44,10.28,40.93,0.48,19.92,0.42,352.95,987.92,12.65,80.54
253,2019-11-14 06:00:00,5.23,11.82,50.11,0.63,24.91,0.56,357.49,988.39,12.37,82.32
254,2019-11-14 07:00:00,5.41,11.64,62.29,0.76,33.18,0.79,8.81,989.01,12.76,83.14
255,2019-11-14 08:00:00,6.81,15.15,85.1,1.0,45.61,1.29,358.64,989.38,13.54,82.8
256,2019-11-14 09:00:00,4.58,19.2,38.54,0.44,12.67,1.91,347.2,989.53,14.3,82.19
257,2019-11-14 10:00:00,4.61,18.81,30.73,0.39,7.76,1.6,317.97,989.41,15.52,79.34
258,2019-11-14 11:00:00,4.62,21.81,35.9,0.45,9.18,1.55,295.65,989.14,15.9,74.73
259,2019-11-14 12:00:00,5.01,22.26,39.67,0.48,11.33,1.71,313.85,988.86,16.21,73.41
260,2019-11-14 13:00:00,4.9,23.38,39.2,0.47,10.33,1.59,327.7,988.69,16.19,72.28
261,2019-11-14 14:00:00,4.89,27.9,53.82,0.62,16.94,1.75,277.49,988.63,15.93,73.88
262,2019-11-14 15:00:00,4.69,27.4,53.45,0.66,16.93,1.42,292.03,988.81,15.36,76.69
263,2019-11-14 16:00:00,4.64,26.26,57.41,0.7,20.38,1.22,320.45,989.02,14.79,78.31
264,2019-11-14 17:00:00,4.67,20.72,50.5,0.85,19.45,1.9,10.7,989.31,13.7,81.32
265,2019-11-14 18:00:00,4.47,16.55,47.97,0.83,20.41,1.64,356.05,989.59,12.75,85.26
266,2019-11-14 19:00:00,4.43,18.11,51.37,0.76,21.77,1.18,306.72,990.27,12.05,88.13
267,2019-11-14 20:00:00,4.54,13.34,42.23,0.7,18.88,0.59,344.58,990.81,11.82,90.13
268,2019-11-14 21:00:00,3.89,14.31,29.57,0.58,9.97,1.64,1.63,991.0,11.74,91.6
269,2019-11-14 22:00:00,3.45,14.12,21.59,0.59,4.9,1.68,8.54,991.02,11.39,92.93
270,2019-11-14 23:00:00,3.57,12.92,19.36,0.57,4.17,1.18,23.1,991.26,11.1,93.86
271,2019-11-15 00:00:00,3.16,11.97,19.32,0.6,4.78,1.12,32.95,991.57,10.51,94.45
272,2019-11-15 01:00:00,3.35,10.52,16.06,0.51,3.59,0.77,18.44,991.65,10.55,94.92
273,2019-11-15 02:00:00,3.58,9.49,15.34,0.46,3.81,0.69,19.02,991.78,10.02,94.81
274,2019-11-15 03:00:00,3.16,8.99,18.3,0.47,6.07,0.71,25.05,991.61,9.47,94.46
275,2019-11-15 04:00:00,2.94,7.83,15.25,0.38,4.84,0.37,2.88,991.91,8.51,94.35
276,2019-11-15 05:00:00,3.61,8.75,34.41,0.54,16.71,0.44,357.23,992.3,9.41,94.15
277,2019-11-15 06:00:00,3.69,10.31,38.48,0.54,18.32,0.32,6.34,992.8,9.62,94.1
278,2019-11-15 07:00:00,3.86,12.27,54.85,0.61,27.66,0.17,312.96,993.47,9.61,94.28
279,2019-11-15 08:00:00,3.83,13.94,50.44,0.63,23.95,0.17,224.65,993.75,10.01,94.42
280,2019-11-15 09:00:00,3.62,15.85,42.38,0.56,17.39,0.08,1.12,993.83,12.08,93.57
281,2019-11-15 10:00:00,3.71,18.31,34.97,0.52,10.86,0.28,310.79,993.5,14.52,85.22
282,2019-11-15 11:00:00,4.11,22.96,43.65,0.55,13.5,1.1,5.42,992.62,17.32,66.5
283,2019-11-15 12:00:00,3.86,20.27,30.86,0.45,6.88,1.91,38.21,992.12,18.59,53.68
284,2019-11-15 13:00:00,4.5,24.6,67.59,0.85,27.88,0.69,4.86,991.85,18.67,53.8
285,2019-11-15 14:00:00,4.29,29.14,55.41,0.76,17.61,1.95,37.6,991.7,19.05,49.45
286,2019-11-15 15:00:00,3.6,26.35,36.93,0.51,6.92,2.44,43.15,991.83,18.74,49.29
287,2019-11-15 16:00:00,3.41,27.42,38.3,0.64,7.09,2.68,43.36,991.97,17.97,51.75
288,2019-11-15 17:00:00,3.51,25.23,35.7,0.54,6.82,3.21,50.82,992.09,17.49,52.77
289,2019-11-15 18:00:00,3.38,23.1,33.68,0.55,6.97,3.73,53.16,992.35,17.06,56.02
290,2019-11-15 19:00:00,3.73,17.65,24.44,0.44,4.46,3.67,51.53,992.58,16.71,56.93
291,2019-11-15 20:00:00,3.25,16.52,23.1,0.42,4.31,4.25,55.23,993.11,16.54,57.59
292,2019-11-15 21:00:00,3.38,14.7,21.07,0.37,4.13,4.19,55.63,993.49,15.87,61.02
293,2019-11-15 22:00:00,3.31,14.09,18.7,0.37,3.03,3.51,51.12,993.9,15.48,64.25
294,2019-11-15 23:00:00,3.03,11.81,16.27,0.32,2.93,3.58,55.31,994.44,15.73,64.17
295,2019-11-16 00:00:00,3.0,11.86,16.21,0.3,2.83,3.01,46.85,994.98,15.2,66.23
296,2019-11-16 01:00:00,3.13,11.72,16.04,0.28,2.82,3.21,53.57,995.23,15.22,66.16
297,2019-11-16 02:00:00,3.04,9.92,14.12,0.27,2.77,3.71,50.15,995.48,15.22,65.49
298,2019-11-16 03:00:00,2.66,9.32,12.88,0.28,2.32,4.1,55.6,995.35,15.05,65.97
299,2019-11-16 04:00:00,2.82,8.89,12.44,0.27,2.32,4.4,53.81,995.62,14.85,66.1
300,2019-11-16 05:00:00,2.77,9.78,13.95,0.27,2.68,4.43,59.38,995.94,14.68,66.54
301,2019-11-16 06:00:00,2.89,10.69,14.82,0.28,2.69,4.09,56.21,996.7,14.56,66.98
302,2019-11-16 07:00:00,2.74,15.12,27.67,0.41,7.42,2.52,56.97,997.52,14.47,67.13
303,2019-11-16 08:00:00,3.25,18.65,27.6,0.55,5.84,1.29,41.86,998.2,14.79,66.61
304,2019-11-16 09:00:00,,16.07,22.36,0.35,4.13,1.56,43.14,998.15,15.66,64.14
305,2019-11-16 10:00:00,1.84,,,0.38,,2.25,54.98,998.02,16.33,62.62
306,2019-11-16 11:00:00,4.61,21.18,34.29,,8.56,1.34,58.1,997.24,17.44,59.46
307,2019-11-16 12:00:00,3.51,18.33,25.15,0.43,4.46,3.69,54.02,996.5,17.45,59.27
308,2019-11-16 13:00:00,3.25,18.15,24.88,0.43,4.37,2.65,53.98,996.24,17.5,59.43
309,2019-11-16 14:00:00,3.26,21.07,28.6,0.48,4.94,2.51,54.91,996.14,17.47,59.27
310,2019-11-16 15:00:00,3.71,23.76,35.88,0.66,7.91,1.81,37.99,996.05,17.07,60.0
311,2019-11-16 16:00:00,3.42,21.91,30.99,0.55,5.97,2.82,54.89,996.0,16.77,60.48
312,2019-11-16 17:00:00,2.94,19.51,27.04,0.51,4.94,2.99,54.24,996.27,16.61,60.48
313,2019-11-16 18:00:00,3.16,13.98,19.14,0.41,3.35,2.73,47.38,996.22,16.26,60.72
314,2019-11-16 19:00:00,5.16,22.4,44.49,0.52,14.36,0.44,339.06,996.13,15.64,61.97
315,2019-11-16 20:00:00,4.87,18.7,28.86,0.42,6.67,0.83,28.38,996.37,15.37,63.77
316,2019-11-16 21:00:00,3.57,12.82,17.53,0.36,3.07,2.13,45.05,996.49,15.51,64.33
317,2019-11-16 22:00:00,3.75,14.31,20.59,0.37,4.11,1.36,42.67,996.25,14.8,66.65
318,2019-11-16 23:00:00,3.4,13.11,19.78,0.36,4.35,0.64,49.33,996.22,14.49,67.5
319,2019-11-17 00:00:00,3.59,15.89,23.99,0.36,5.26,1.07,272.92,996.35,13.88,69.25
320,2019-11-17 01:00:00,3.77,16.63,28.97,0.35,8.04,0.72,242.21,996.39,13.71,70.07
321,2019-11-17 02:00:00,3.74,13.42,23.03,0.34,6.32,0.66,229.86,996.53,13.44,70.38
322,2019-11-17 03:00:00,3.2,13.17,21.45,0.3,5.39,0.72,280.25,996.36,13.26,70.58
323,2019-11-17 04:00:00,3.51,13.68,29.38,0.34,10.28,1.06,340.24,996.06,12.99,71.3
324,2019-11-17 05:00:00,11.97,16.47,26.87,0.3,6.66,0.46,261.91,996.08,12.71,72.05
325,2019-11-17 06:00:00,17.21,23.42,47.57,0.46,15.75,1.02,282.65,996.36,12.68,72.26
326,2019-11-17 07:00:00,7.03,14.16,24.41,0.36,6.81,1.17,31.49,996.36,12.66,72.19
327,2019-11-17 08:00:00,5.26,12.85,21.93,0.42,5.92,1.69,21.67,996.36,13.39,71.13
328,2019-11-17 09:00:00,4.93,12.82,21.76,0.41,5.87,3.58,42.8,996.03,14.34,68.43
329,2019-11-17 10:00:00,5.19,12.5,19.53,0.35,4.56,4.74,49.88,995.46,16.27,61.99
330,2019-11-17 11:00:00,5.14,15.32,23.25,0.38,5.14,4.06,47.43,994.67,16.99,57.45
331,2019-11-17 12:00:00,4.77,14.79,20.87,0.41,3.99,3.34,43.66,994.2,17.28,55.85
332,2019-11-17 13:00:00,4.35,15.79,22.29,0.43,4.25,3.0,22.8,993.95,16.79,56.7
333,2019-11-17 14:00:00,4.3,14.92,21.46,0.44,4.26,2.87,27.29,993.88,15.53,58.81
334,2019-11-17 15:00:00,4.17,16.16,23.08,0.46,4.5,2.39,30.66,993.94,14.87,60.85
335,2019-11-17 16:00:00,3.88,15.19,21.29,0.45,4.0,2.82,50.15,993.66,13.97,63.8
336,2019-11-17 17:00:00,4.05,14.25,20.26,0.47,3.94,2.12,32.98,993.62,13.18,68.12
337,2019-11-17 18:00:00,4.13,15.86,22.5,0.5,4.3,2.07,44.57,993.83,12.97,70.71
338,2019-11-17 19:00:00,3.95,14.63,21.3,0.66,4.36,1.73,38.86,994.01,12.71,71.83
339,2019-11-17 20:00:00,3.83,13.66,19.88,0.57,4.05,1.63,15.95,993.56,12.33,74.22
340,2019-11-17 21:00:00,3.75,14.75,20.83,0.43,3.97,1.32,24.08,993.12,12.38,75.41
341,2019-11-17 22:00:00,3.89,11.47,16.64,0.37,3.39,1.49,43.42,992.54,12.46,76.07
342,2019-11-17 23:00:00,3.93,11.2,15.89,0.33,3.09,1.1,37.86,992.29,12.82,74.96
343,2019-11-18 00:00:00,4.26,14.16,21.83,0.34,4.99,0.23,297.22,992.08,13.08,73.67
344,2019-11-18 01:00:00,3.92,10.83,15.39,0.31,3.01,0.98,34.3,991.75,13.64,71.78
345,2019-11-18 02:00:00,3.89,8.23,11.79,0.27,2.32,1.91,41.58,991.52,13.82,71.12
346,2019-11-18 03:00:00,4.13,6.87,10.85,0.26,2.61,3.14,52.05,991.53,13.74,71.81
347,2019-11-18 04:00:00,4.29,7.2,11.59,0.26,2.84,3.46,57.34,991.27,13.73,72.78
348,2019-11-18 05:00:00,4.0,9.43,13.55,0.3,2.68,2.69,47.74,991.58,13.76,73.33
349,2019-11-18 06:00:00,4.08,11.92,16.1,0.34,2.69,3.46,48.28,991.99,14.18,73.18
350,2019-11-18 07:00:00,4.03,13.52,19.81,0.37,4.1,3.58,54.28,992.22,14.53,72.19
351,2019-11-18 08:00:00,3.4,13.52,19.54,0.35,3.97,3.23,54.48,993.15,15.45,70.48
352,2019-11-18 09:00:00,3.65,13.92,19.79,0.39,3.83,3.15,47.1,993.71,16.44,67.04
353,2019-11-18 10:00:00,3.47,14.13,20.74,0.45,4.27,3.02,47.04,994.39,17.0,64.81
354,2019-11-18 11:00:00,3.05,18.48,25.15,0.42,4.35,2.49,39.35,994.78,17.68,61.84
355,2019-11-18 12:00:00,3.68,17.04,23.15,0.39,3.97,2.55,37.08,994.83,19.37,53.97
356,2019-11-18 13:00:00,3.15,17.99,24.76,0.42,4.39,2.11,26.78,994.84,19.78,48.26
357,2019-11-18 14:00:00,3.4,15.95,21.09,0.4,3.35,2.34,7.26,995.11,19.65,46.25
358,2019-11-18 15:00:00,3.08,22.87,31.77,0.53,5.77,2.52,3.96,995.53,18.8,51.79
359,2019-11-18 16:00:00,3.62,30.31,62.26,0.94,20.66,1.44,20.2,996.09,17.36,56.81
360,2019-11-18 17:00:00,4.54,26.45,103.76,1.39,51.12,0.51,8.39,996.68,15.45,61.46
361,2019-11-18 18:00:00,5.76,26.58,120.18,1.38,60.9,0.33,312.91,997.36,13.56,66.84
362,2019-11-18 19:00:00,5.15,25.05,95.68,1.49,46.29,0.26,301.49,998.15,11.48,72.23
363,2019-11-18 20:00:00,6.29,23.04,110.91,2.0,57.3,0.25,300.93,998.67,10.28,76.49
364,2019-11-18 21:00:00,4.82,19.75,93.37,1.77,48.04,0.14,268.08,999.32,9.02,79.42
365,2019-11-18 22:00:00,4.29,20.15,67.55,1.22,31.02,0.21,278.46,999.75,8.08,81.87
366,2019-11-18 23:00:00,3.73,16.9,42.45,0.96,16.69,0.2,334.71,1000.14,7.22,83.35
367,2019-11-19 00:00:00,2.52,13.58,27.5,0.75,9.1,0.29,319.23,1000.26,6.66,84.46
368,2019-11-19 01:00:00,2.34,11.08,16.95,0.61,3.83,0.18,319.73,1000.53,6.07,85.32
369,2019-11-19 02:00:00,1.57,8.72,14.14,0.52,3.55,0.09,321.27,1000.59,5.73,86.21
370,2019-11-19 03:00:00,1.33,8.39,14.47,0.4,3.96,0.21,30.6,1000.69,5.5,87.18
371,2019-11-19 04:00:00,1.74,7.7,13.65,0.42,3.9,0.18,295.31,1000.78,5.11,88.13
372,2019-11-19 05:00:00,2.11,10.81,35.32,0.52,15.98,0.06,217.13,1001.04,4.9,88.86
373,2019-11-19 06:00:00,2.02,12.77,50.83,0.66,24.69,0.14,309.88,1001.51,4.91,89.6
374,2019-11-19 07:00:00,4.26,15.59,69.42,0.78,35.11,0.14,321.0,1001.74,5.54,90.27
375,2019-11-19 08:00:00,4.09,20.73,54.06,0.8,21.75,0.19,327.72,1001.65,8.6,90.66
376,2019-11-19 09:00:00,2.89,24.41,61.66,0.9,24.27,0.44,5.44,1001.25,11.62,88.97
377,2019-11-19 10:00:00,,22.94,42.73,0.55,13.07,0.66,18.95,1000.74,14.17,79.71
378,2019-11-19 11:00:00,2.26,,,0.45,,0.68,39.43,999.88,15.87,67.12
379,2019-11-19 12:00:00,3.22,18.55,27.93,,6.14,1.52,28.2,999.27,17.3,59.92
380,2019-11-19 13:00:00,3.05,19.29,27.16,0.46,5.07,2.21,32.08,998.59,18.03,55.72
381,2019-11-19 14:00:00,3.09,26.55,39.06,0.69,8.13,2.07,28.41,998.17,18.13,53.72
382,2019-11-19 15:00:00,2.82,26.14,38.32,0.56,7.99,2.1,21.97,998.12,17.51,53.64
383,2019-11-19 16:00:00,3.52,32.91,71.92,0.89,25.33,1.78,2.15,998.07,15.89,60.79
384,2019-11-19 17:00:00,4.53,32.92,109.42,1.53,49.79,1.09,10.38,998.18,14.84,64.34
385,2019-11-19 18:00:00,4.47,25.79,103.33,1.29,50.67,1.47,2.01,998.25,13.95,67.97
386,2019-11-19 19:00:00,2.46,18.39,25.17,0.44,4.44,1.71,336.03,998.26,14.01,67.67
387,2019-11-19 20:00:00,2.83,22.77,38.63,0.56,10.35,1.28,352.32,998.09,13.54,68.02
388,2019-11-19 21:00:00,3.2,21.9,53.37,0.59,20.37,1.03,346.78,997.94,13.11,69.88
389,2019-11-19 22:00:00,3.01,23.18,42.86,0.62,12.93,1.57,348.8,997.71,12.75,71.75
390,2019-11-19 23:00:00,2.89,18.35,29.3,0.5,7.08,1.19,349.07,997.33,12.46,72.66
391,2019-11-20 00:00:00,2.98,16.65,26.16,0.42,6.19,0.85,333.6,997.09,12.11,73.65
392,2019-11-20 01:00:00,2.64,10.19,16.13,0.34,3.99,1.95,8.92,996.84,12.18,74.15
393,2019-11-20 02:00:00,2.91,8.31,12.26,0.31,2.56,2.15,2.36,996.1,12.23,74.63
394,2019-11-20 03:00:00,2.8,8.94,13.26,0.3,2.8,0.99,3.48,995.3,12.22,75.06
395,2019-11-20 04:00:00,2.94,9.87,16.4,0.32,4.2,0.8,358.07,994.57,12.09,75.58
396,2019-11-20 05:00:00,2.95,15.6,26.8,0.4,7.39,1.49,358.23,994.25,12.16,76.07
397,2019-11-20 06:00:00,3.18,16.63,24.34,0.39,4.97,2.2,8.36,993.84,12.44,76.7
398,2019-11-20 07:00:00,3.11,18.59,29.09,0.62,6.77,1.88,19.14,993.66,12.86,75.44
399,2019-11-20 08:00:00,3.42,18.47,29.16,0.65,7.08,1.77,35.92,993.94,12.89,75.76
400,2019-11-20 09:00:00,3.3,16.91,26.48,0.47,6.24,2.61,40.98,994.0,12.65,79.41
401,2019-11-20 10:00:00,3.16,16.28,25.72,0.49,6.15,2.18,35.66,993.33,12.58,82.24
402,2019-11-20 11:00:00,3.44,14.38,21.64,0.46,4.73,3.38,50.73,992.79,13.27,83.02
403,2019-11-20 12:00:00,4.37,15.55,24.71,0.47,5.96,3.77,53.44,992.14,14.72,79.33
404,2019-11-20 13:00:00,3.81,18.01,27.51,0.52,6.15,4.04,49.97,991.72,15.28,73.99
405,2019-11-20 14:00:00,4.4,24.03,36.22,0.64,7.97,3.83,50.0,992.01,15.7,70.63
406,2019-11-20 15:00:00,4.34,21.78,30.65,0.61,5.77,3.57,53.75,991.94,15.38,69.98
407,2019-11-20 16:00:00,3.79,19.45,27.27,0.53,5.13,3.72,56.86,992.11,14.58,72.54
408,2019-11-20 17:00:00,3.89,21.62,31.5,0.63,6.43,3.73,51.71,992.41,14.1,73.73
409,2019-11-20 18:00:00,3.61,20.89,28.07,0.59,4.68,3.26,50.38,992.73,13.55,73.55
410,2019-11-20 19:00:00,4.91,23.02,37.21,0.53,9.3,0.55,39.54,993.07,12.56,71.67
411,2019-11-20 20:00:00,3.33,16.67,21.86,0.57,3.4,1.62,44.14,993.33,12.02,72.45
412,2019-11-20 21:00:00,4.0,22.83,50.43,0.69,17.95,0.36,27.29,993.52,11.3,72.97
413,2019-11-20 22:00:00,3.89,22.62,53.66,0.72,20.45,0.39,10.69,993.92,10.86,74.18
414,2019-11-20 23:00:00,3.74,20.68,49.31,0.88,18.73,0.36,354.53,994.34,10.19,75.04
415,2019-11-21 00:00:00,3.64,17.45,44.36,0.91,17.63,0.09,319.16,994.44,9.34,76.38
416,2019-11-21 01:00:00,3.07,13.04,20.24,0.56,4.68,0.37,246.75,994.74,8.19,77.91
417,2019-11-21 02:00:00,2.94,10.51,15.32,0.53,3.15,0.23,290.15,994.65,8.02,78.63
418,2019-11-21 03:00:00,2.83,9.85,15.07,0.51,3.39,0.16,331.07,994.48,7.94,78.99
419,2019-11-21 04:00:00,2.74,9.98,14.39,0.38,2.92,0.12,334.09,994.58,8.53,79.97
420,2019-11-21 05:00:00,3.34,14.25,43.31,0.75,18.79,0.26,358.48,994.71,8.26,80.67
421,2019-11-21 06:00:00,4.9,19.37,97.16,1.4,50.89,0.16,291.37,994.87,7.87,82.04
422,2019-11-21 07:00:00,5.04,19.71,100.54,1.36,53.0,0.17,5.97,995.37,7.73,83.66
423,2019-11-21 08:00:00,8.71,24.27,78.78,1.04,35.45,0.34,21.05,995.49,11.03,84.12
424,2019-11-21 09:00:00,8.8,20.75,37.9,0.57,11.19,0.36,10.94,995.33,14.6,75.98
425,2019-11-21 10:00:00,5.31,19.36,35.18,0.46,10.38,1.69,31.41,995.12,15.59,65.98
426,2019-11-21 11:00:00,5.54,17.89,36.59,0.4,11.85,2.28,30.41,994.5,16.24,63.2
427,2019-11-21 12:00:00,4.93,18.14,26.55,0.51,5.48,2.86,34.7,994.0,16.84,60.59
428,2019-11-21 13:00:00,4.42,22.01,34.04,0.58,7.78,2.58,34.29,993.52,16.47,60.77
429,2019-11-21 14:00:00,4.69,25.24,40.77,0.68,10.12,2.54,23.11,993.31,16.17,61.98
430,2019-11-21 15:00:00,3.98,21.05,30.13,0.57,5.93,2.51,7.67,993.49,15.23,63.94
431,2019-11-21 16:00:00,3.46,23.47,32.43,0.6,5.83,2.18,344.19,993.74,14.09,66.33
432,2019-11-21 17:00:00,3.84,20.85,29.49,0.48,5.62,2.5,352.88,993.96,13.29,70.45
433,2019-11-21 18:00:00,3.44,15.78,22.89,0.49,4.69,2.39,7.26,993.97,12.61,74.42
434,2019-11-21 19:00:00,3.19,12.57,18.19,0.44,3.65,1.6,13.81,994.19,12.1,76.89
435,2019-11-21 20:00:00,3.4,16.2,30.15,0.6,9.01,1.27,9.72,994.54,11.4,78.4
436,2019-11-21 21:00:00,3.65,14.02,33.65,0.68,12.87,1.99,8.92,994.81,10.84,80.35
437,2019-11-21 22:00:00,2.96,12.72,20.85,0.59,5.29,1.99,17.18,995.1,10.61,81.7
438,2019-11-21 23:00:00,2.74,9.76,15.01,0.45,3.38,2.0,17.34,995.4,10.37,82.43
439,2019-11-22 00:00:00,2.65,11.92,27.59,0.47,10.2,1.02,10.35,995.39,10.53,81.63
440,2019-11-22 01:00:00,2.68,8.24,13.08,0.37,3.16,1.51,13.5,995.47,10.29,80.39
441,2019-11-22 02:00:00,2.47,7.71,11.6,0.37,2.54,1.77,15.08,995.51,9.87,79.54
442,2019-11-22 03:00:00,2.32,7.22,11.58,0.31,2.85,1.58,12.64,995.6,9.49,78.35
443,2019-11-22 04:00:00,2.49,6.9,10.48,0.31,2.3,1.57,6.6,995.66,9.02,76.9
444,2019-11-22 05:00:00,2.38,9.29,17.16,0.37,5.15,1.72,10.34,996.03,8.61,76.63
445,2019-11-22 06:00:00,2.08,10.13,16.4,0.39,4.06,1.99,1.06,996.4,8.49,76.6
446,2019-11-22 07:00:00,2.11,13.29,22.26,0.43,5.84,2.16,2.1,997.11,8.48,75.48
447,2019-11-22 08:00:00,2.22,12.55,22.55,0.49,6.53,2.21,23.28,997.45,8.81,74.1
448,2019-11-22 09:00:00,2.37,13.32,26.57,0.46,8.63,2.21,24.79,997.9,9.17,71.75
449,2019-11-22 10:00:00,2.16,14.56,26.69,0.44,7.89,2.34,32.85,997.91,9.59,68.89
450,2019-11-22 11:00:00,,12.56,21.5,0.47,5.84,3.04,20.5,997.75,9.99,66.6
451,2019-11-22 12:00:00,1.82,,,0.46,,3.03,22.48,997.57,9.79,65.72
452,2019-11-22 13:00:00,2.88,17.45,35.21,,11.51,2.58,27.88,997.58,9.32,65.3
453,2019-11-22 14:00:00,2.88,18.28,40.39,0.68,14.45,2.75,25.38,997.61,8.5,66.69
454,2019-11-22 15:00:00,2.69,19.88,45.37,0.69,16.12,2.5,33.33,997.66,8.13,68.02
455,2019-11-22 16:00:00,2.29,17.91,37.21,0.72,12.53,2.11,33.61,997.88,7.25,69.87
456,2019-11-22 17:00:00,2.47,19.09,37.51,0.79,12.03,2.16,36.67,998.21,6.64,71.35
457,2019-11-22 18:00:00,1.91,16.58,33.71,0.55,11.17,1.63,37.07,998.54,6.22,72.0
458,2019-11-22 19:00:00,2.04,14.52,25.59,0.58,7.26,1.78,31.42,998.75,5.89,72.75
459,2019-11-22 20:00:00,1.7,13.56,23.21,0.54,6.33,1.61,46.01,999.0,5.6,73.59
460,2019-11-22 21:00:00,1.89,11.89,20.48,0.45,5.64,2.44,55.87,999.14,5.56,73.93
461,2019-11-22 22:00:00,1.85,11.24,18.61,0.43,4.83,2.14,55.5,999.2,5.32,73.82
462,2019-11-22 23:00:00,1.64,9.39,16.11,0.38,4.35,2.33,51.82,999.14,5.2,73.56
463,2019-11-23 00:00:00,1.87,8.94,15.4,0.35,4.2,2.4,53.27,999.02,4.85,74.03
464,2019-11-23 01:00:00,1.91,8.58,14.67,0.42,3.97,1.67,45.23,998.97,4.71,74.72
465,2019-11-23 02:00:00,2.04,7.63,11.94,0.33,2.84,1.03,36.81,998.74,4.63,74.97
466,2019-11-23 03:00:00,2.03,8.04,13.94,0.33,3.86,0.88,39.27,998.62,4.62,75.04
467,2019-11-23 04:00:00,4.13,7.52,12.31,0.34,3.12,0.85,42.42,998.63,4.91,75.0
468,2019-11-23 05:00:00,2.13,8.07,13.2,0.33,3.33,1.11,45.69,998.68,4.9,74.89
469,2019-11-23 06:00:00,7.04,10.95,26.59,0.46,10.19,0.32,41.21,998.59,4.5,75.5
470,2019-11-23 07:00:00,2.52,11.87,24.71,0.4,8.4,0.89,56.44,998.84,5.24,76.02
471,2019-11-23 08:00:00,2.27,9.41,18.52,0.4,5.97,0.89,47.13,998.93,5.96,74.48
472,2019-11-23 09:00:00,2.17,10.2,19.97,0.42,6.34,1.26,49.12,999.07,7.17,72.03
473,2019-11-23 10:00:00,2.62,9.71,18.53,0.41,5.82,2.8,55.9,998.73,8.19,68.81
474,2019-11-23 11:00:00,2.49,10.88,20.4,0.5,6.19,2.47,49.59,997.89,9.11,66.8
475,2019-11-23 12:00:00,2.85,11.57,21.39,0.43,6.39,2.97,46.7,997.37,9.4,65.23
476,2019-11-23 13:00:00,2.88,15.79,32.05,0.54,10.03,2.48,47.27,996.63,10.16,63.86
477,2019-11-23 14:00:00,2.84,15.64,26.39,0.58,7.0,1.87,48.57,996.21,10.31,62.8
478,2019-11-23 15:00:00,2.79,15.38,26.75,0.58,7.43,1.81,44.2,996.03,9.57,64.14
479,2019-11-23 16:00:00,2.94,17.08,33.6,0.62,10.75,1.63,34.37,996.1,8.59,66.19
480,2019-11-23 17:00:00,6.54,15.16,32.77,0.52,11.5,0.64,38.76,996.47,7.38,68.94
481,2019-11-23 18:00:00,10.52,16.97,37.68,0.49,13.44,0.53,76.54,996.75,6.65,71.31
482,2019-11-23 19:00:00,13.64,17.53,51.06,0.52,21.97,0.32,349.97,996.94,6.12,73.1
483,2019-11-23 20:00:00,4.27,13.53,28.06,0.47,9.47,0.48,40.71,997.11,5.95,74.19
484,2019-11-23 21:00:00,3.19,12.34,23.47,0.44,7.25,0.64,61.91,997.12,6.04,75.11
485,2019-11-23 22:00:00,3.02,12.13,22.95,0.47,7.05,0.84,78.01,997.01,6.21,75.68
486,2019-11-23 23:00:00,2.67,10.19,16.22,0.4,3.97,1.12,73.25,996.94,6.18,75.93
487,2019-11-24 00:00:00,2.59,10.86,19.63,0.48,5.67,0.55,64.99,996.82,5.88,76.41
488,2019-11-24 01:00:00,3.13,12.01,28.98,0.59,11.04,0.1,185.96,996.62,4.76,77.33
489,2019-11-24 02:00:00,2.53,10.24,22.69,0.57,8.13,0.15,163.29,996.36,3.83,79.19
490,2019-11-24 03:00:00,2.66,9.99,23.02,0.6,8.55,0.02,102.3,996.24,3.02,80.94
491,2019-11-24 04:00:00,3.66,10.42,32.7,0.58,14.44,0.2,256.88,996.25,2.91,82.46
492,2019-11-24 05:00:00,3.94,9.99,25.17,0.5,9.89,0.23,180.12,996.21,3.31,83.54
493,2019-11-24 06:00:00,8.33,10.94,24.54,0.55,8.87,0.39,205.79,996.3,3.32,84.32
494,2019-11-24 07:00:00,8.08,12.9,35.94,0.65,15.14,0.14,2.69,996.4,4.31,84.93
495,2019-11-24 08:00:00,7.06,13.34,29.6,0.63,10.62,0.27,78.86,996.69,6.54,83.22
496,2019-11-24 09:00:00,4.34,11.68,23.32,0.48,7.57,1.75,52.58,996.65,9.77,75.65
497,2019-11-24 10:00:00,4.18,13.21,22.64,0.49,6.12,2.6,44.17,996.25,11.43,66.14
498,2019-11-24 11:00:00,4.58,16.05,26.79,0.56,7.01,2.58,46.69,995.49,12.18,62.08
499,2019-11-24 12:00:00,4.8,15.25,24.9,0.5,6.31,2.62,35.99,994.72,12.32,60.63
500,2019-11-24 13:00:00,4.43,16.31,26.18,0.56,6.45,2.74,29.43,994.07,12.52,59.68
501,2019-11-24 14:00:00,4.21,17.67,28.91,0.61,7.28,2.42,31.33,993.77,11.66,59.73
502,2019-11-24 15:00:00,3.96,17.51,28.73,0.68,7.33,2.33,21.75,993.54,10.37,62.16
503,2019-11-24 16:00:00,3.77,15.42,23.4,0.84,5.23,2.04,10.0,993.56,9.0,65.72
504,2019-11-24 17:00:00,3.82,15.36,36.87,0.71,14.02,2.53,14.95,993.73,8.14,68.94
505,2019-11-24 18:00:00,3.46,11.51,18.27,0.57,4.41,2.35,2.67,993.96,7.11,71.84
506,2019-11-24 19:00:00,3.38,11.05,16.96,0.64,3.83,2.79,15.91,994.1,6.62,74.34
507,2019-11-24 20:00:00,3.66,12.76,21.4,0.68,5.61,2.61,24.97,993.96,6.29,75.45
508,2019-11-24 21:00:00,3.5,10.48,17.28,0.56,4.43,2.91,23.36,993.76,6.23,76.38
509,2019-11-24 22:00:00,3.56,10.62,16.59,0.57,3.94,3.2,23.98,993.61,6.15,76.88
510,2019-11-24 23:00:00,3.45,8.41,13.21,0.51,3.13,3.33,18.86,993.36,6.19,77.48
511,2019-11-25 00:00:00,3.24,7.29,11.5,0.42,2.75,3.19,2.8,993.05,6.19,78.01
512,2019-11-25 01:00:00,3.29,7.0,10.46,0.37,2.31,2.72,9.53,992.95,6.21,78.26
513,2019-11-25 02:00:00,3.34,6.49,10.7,0.39,2.74,2.54,32.56,992.49,5.76,78.43
514,2019-11-25 03:00:00,3.51,6.83,11.09,0.39,2.79,2.55,57.68,992.1,5.39,79.22
515,2019-11-25 04:00:00,3.36,6.96,11.12,0.38,2.72,2.59,53.61,991.8,5.7,79.81
516,2019-11-25 05:00:00,3.39,8.85,14.76,0.4,3.83,2.13,45.36,991.91,5.85,79.5
517,2019-11-25 06:00:00,3.53,10.45,17.8,0.45,4.75,2.13,49.61,991.87,5.8,79.21
518,2019-11-25 07:00:00,5.91,18.28,89.54,0.85,46.45,0.51,329.83,992.25,6.04,78.81
519,2019-11-25 08:00:00,5.4,17.07,40.83,0.59,15.7,1.72,29.7,992.43,7.92,76.49
520,2019-11-25 09:00:00,4.09,13.65,26.82,0.54,8.58,2.4,40.32,992.29,9.23,71.01
521,2019-11-25 10:00:00,4.33,14.33,25.01,0.5,6.92,2.61,37.57,991.62,10.85,66.16
522,2019-11-25 11:00:00,4.38,15.17,26.99,0.51,7.73,3.48,26.66,990.96,12.04,61.87
523,2019-11-25 12:00:00,,14.98,23.96,0.52,5.85,2.96,23.32,990.35,12.48,59.78
524,2019-11-25 13:00:00,3.92,,,0.62,,2.48,30.79,990.12,12.46,60.02
525,2019-11-25 14:00:00,4.81,18.92,29.87,,7.18,2.75,10.52,989.99,12.12,60.66
526,2019-11-25 15:00:00,4.82,27.25,55.02,1.07,18.04,1.91,40.38,989.94,11.36,63.13
527,2019-11-25 16:00:00,5.24,26.2,58.6,1.27,20.48,1.84,36.58,990.35,10.07,66.26
528,2019-11-25 17:00:00,5.61,21.15,75.42,1.4,35.23,0.93,10.15,990.64,8.64,71.19
529,2019-11-25 18:00:00,6.28,17.62,109.71,1.49,60.49,0.54,358.97,990.66,8.03,73.71
530,2019-11-25 19:00:00,5.36,18.15,76.53,1.61,38.1,0.65,9.03,990.98,8.07,75.34
531,2019-11-25 20:00:00,6.89,19.02,114.53,2.26,62.21,1.47,14.73,991.05,8.05,76.4
532,2019-11-25 21:00:00,6.09,17.28,72.22,1.64,35.93,1.78,13.61,990.97,7.78,77.97
533,2019-11-25 22:00:00,5.01,15.29,43.31,1.1,18.32,1.82,6.16,990.94,7.31,79.55
534,2019-11-25 23:00:00,4.58,14.23,30.58,1.03,10.66,1.2,8.2,990.89,7.49,80.67
535,2019-11-26 00:00:00,4.69,13.28,33.2,1.17,13.03,1.43,6.64,990.8,7.81,80.61
536,2019-11-26 01:00:00,4.16,12.26,25.67,0.98,8.74,1.14,13.54,990.94,7.56,80.76
537,2019-11-26 02:00:00,4.43,10.33,35.47,1.5,16.45,1.1,11.65,990.85,7.06,81.41
538,2019-11-26 03:00:00,4.18,9.58,23.73,1.63,9.27,0.71,12.06,990.77,7.36,82.15
539,2019-11-26 04:00:00,3.63,9.23,22.36,1.19,8.58,0.58,0.61,990.76,7.76,82.04
540,2019-11-26 05:00:00,4.52,9.69,39.72,1.24,19.43,0.52,357.51,990.78,7.71,81.68
541,2019-11-26 06:00:00,5.14,9.83,63.62,1.37,35.11,0.47,356.58,990.93,7.77,81.67
542,2019-11-26 07:00:00,6.08,11.4,91.49,1.41,52.15,0.55,11.28,991.29,7.94,81.89
543,2019-11-26 08:00:00,5.88,14.86,56.45,1.1,27.22,0.64,356.36,991.63,8.74,82.03
544,2019-11-26 09:00:00,4.93,17.38,40.41,0.87,15.04,0.94,351.33,991.9,9.75,80.71
545,2019-11-26 10:00:00,7.14,26.03,60.13,0.85,21.64,1.36,355.8,991.97,10.21,78.36
546,2019-11-26 11:00:00,7.18,22.43,40.22,0.68,11.65,1.26,357.02,991.67,10.86,76.24
547,2019-11-26 12:00:00,10.03,24.21,44.18,0.75,13.01,0.97,344.4,991.22,12.03,71.69
548,2019-11-26 13:00:00,7.45,19.22,31.7,0.64,8.17,1.49,354.77,990.8,12.27,68.34
549,2019-11-26 14:00:00,5.91,22.33,40.02,0.67,11.52,1.88,349.23,990.73,12.36,66.94
550,2019-11-26 15:00:00,5.08,22.95,38.07,0.89,9.87,1.79,3.56,990.89,11.88,66.84
551,2019-11-26 16:00:00,4.99,25.51,49.51,1.42,15.61,1.5,26.7,991.17,10.85,68.05
552,2019-11-26 17:00:00,6.2,23.31,101.94,1.83,51.32,0.78,359.47,991.72,9.53,71.2
553,2019-11-26 18:00:00,4.53,17.67,43.77,1.05,17.14,0.54,20.51,992.1,7.93,74.46
554,2019-11-26 19:00:00,5.73,18.2,81.9,1.64,41.4,0.13,0.15,992.25,6.53,77.95
555,2019-11-26 20:00:00,5.46,18.08,80.76,1.96,41.2,0.12,273.34,992.26,5.11,80.41
556,2019-11-26 21:00:00,5.05,15.14,61.53,1.69,30.33,0.15,337.88,992.16,4.39,82.54
557,2019-11-26 22:00:00,5.43,13.48,61.54,1.97,31.31,0.09,317.21,991.73,3.7,84.12
558,2019-11-26 23:00:00,4.03,12.19,42.24,1.31,19.67,0.07,265.45,991.98,2.87,85.33
559,2019-11-27 00:00:00,4.04,10.16,31.34,1.21,13.8,0.19,22.15,991.49,2.8,86.3
560,2019-11-27 01:00:00,3.57,9.56,23.72,0.99,9.27,0.11,234.21,991.59,2.17,87.19
561,2019-11-27 02:00:00,3.63,8.05,17.04,0.72,5.89,0.12,47.94,991.23,2.22,87.9
562,2019-11-27 03:00:00,3.7,7.41,14.0,0.68,4.3,0.09,268.3,990.76,2.14,88.62
563,2019-11-27 04:00:00,3.94,7.4,14.64,0.59,4.72,0.16,214.93,990.62,1.96,89.16
564,2019-11-27 05:00:00,3.9,9.4,39.54,0.7,19.65,0.12,206.19,990.77,2.69,89.98
565,2019-11-27 06:00:00,4.56,12.28,61.35,0.83,32.08,0.12,230.33,990.78,3.27,91.0
566,2019-11-27 07:00:00,4.97,12.71,55.76,0.74,28.17,0.17,173.07,991.02,3.63,92.05
567,2019-11-27 08:00:00,4.42,14.84,53.31,0.95,25.04,0.72,196.25,991.44,4.32,93.22
568,2019-11-27 09:00:00,4.77,14.9,46.57,0.95,20.74,0.27,174.84,991.37,5.65,94.33
569,2019-11-27 10:00:00,4.83,17.88,41.52,0.94,15.41,0.2,232.92,990.46,7.92,94.62
570,2019-11-27 11:00:00,5.6,21.31,43.68,0.97,14.64,0.11,1.53,989.37,10.68,92.13
571,2019-11-27 12:00:00,8.19,21.9,40.4,0.78,12.04,0.29,23.31,988.79,13.92,76.75
572,2019-11-27 13:00:00,7.63,25.05,51.17,0.95,17.0,0.17,5.37,988.08,15.34,60.07
573,2019-11-27 14:00:00,7.29,30.53,108.11,1.46,50.38,0.46,15.47,987.79,14.92,57.97
574,2019-11-27 15:00:00,6.01,26.54,169.88,2.19,93.71,0.39,358.24,987.65,13.7,62.63
575,2019-11-27 16:00:00,4.81,24.87,155.64,2.55,84.81,0.5,357.74,987.74,12.6,65.68
576,2019-11-27 17:00:00,4.15,21.84,119.93,2.42,64.15,0.12,292.98,987.88,10.53,71.11
577,2019-11-27 18:00:00,4.13,22.92,106.12,2.25,54.43,0.19,344.18,987.97,9.29,76.76
578,2019-11-27 19:00:00,4.0,16.92,111.32,2.65,61.55,0.4,352.63,987.67,9.29,79.27
579,2019-11-27 20:00:00,3.95,14.98,100.84,3.51,56.15,0.33,355.23,987.79,8.99,79.96
580,2019-11-27 21:00:00,3.76,18.36,104.42,2.77,56.32,0.32,346.93,987.94,8.88,81.05
581,2019-11-27 22:00:00,2.92,16.51,82.07,2.44,42.92,0.33,358.38,987.45,8.98,81.55
582,2019-11-27 23:00:00,2.32,19.46,65.45,2.03,29.98,0.14,356.84,987.27,9.12,81.87
583,2019-11-28 00:00:00,1.7,15.87,46.85,1.61,20.33,0.39,4.46,987.38,9.35,82.67
584,2019-11-28 01:00:00,1.11,14.9,30.65,1.39,10.24,0.22,320.08,987.22,9.26,84.65
585,2019-11-28 02:00:00,1.06,13.13,28.57,1.17,10.09,0.68,18.81,986.86,9.7,86.88
586,2019-11-28 03:00:00,1.03,10.22,13.89,0.58,2.49,0.96,44.79,986.44,10.58,87.52
587,2019-11-28 04:00:00,0.96,11.61,18.26,0.75,4.31,0.18,347.45,986.5,9.43,87.19
588,2019-11-28 05:00:00,2.0,12.89,49.97,0.99,24.11,0.27,295.79,986.64,8.88,88.19
589,2019-11-28 06:00:00,2.43,13.58,84.96,1.23,46.83,0.14,326.84,986.92,8.16,89.3
590,2019-11-28 07:00:00,3.08,14.98,97.62,1.35,53.78,0.15,266.37,986.81,7.88,90.46
591,2019-11-28 08:00:00,2.34,20.8,82.91,1.33,40.57,0.25,300.87,986.79,9.21,91.48
592,2019-11-28 09:00:00,4.34,24.41,116.56,1.82,59.45,0.3,287.11,986.79,10.47,91.93
593,2019-11-28 10:00:00,3.43,29.03,103.2,2.48,48.6,0.18,345.76,986.59,11.75,92.03
594,2019-11-28 11:00:00,2.3,27.16,61.08,1.32,22.28,1.13,35.09,985.64,13.95,90.68
595,2019-11-28 12:00:00,1.1,17.55,26.72,0.67,6.05,2.4,43.7,984.68,16.2,76.77
596,2019-11-28 13:00:00,,26.43,50.68,0.86,15.24,1.0,39.99,984.15,16.53,65.6
597,2019-11-28 14:00:00,2.42,,,1.15,,0.49,32.03,983.96,16.67,63.93
598,2019-11-28 15:00:00,1.0,31.81,83.21,,33.32,0.65,22.04,983.94,16.15,65.51
599,2019-11-28 16:00:00,,31.08,54.1,0.82,15.14,2.28,277.25,984.98,13.84,76.27
600,2019-11-28 17:00:00,,26.63,45.25,0.99,12.17,1.4,355.95,985.45,12.45,85.44
601,2019-11-28 18:00:00,,27.45,45.59,0.87,11.79,1.25,353.36,985.3,11.72,88.43
602,2019-11-28 19:00:00,,25.33,43.53,0.97,12.0,1.37,2.28,985.03,11.35,89.49
603,2019-11-28 20:00:00,0.98,31.57,89.06,1.6,37.37,0.73,342.43,984.93,11.05,90.11
604,2019-11-28 21:00:00,0.85,26.35,52.34,0.96,17.13,1.12,308.06,985.84,10.86,90.83
605,2019-11-28 22:00:00,,22.01,42.07,0.72,12.71,0.6,347.84,986.25,10.39,91.08
606,2019-11-28 23:00:00,,19.9,33.91,0.92,9.17,0.53,2.38,985.68,10.23,91.23
607,2019-11-29 00:00:00,,17.78,30.81,0.64,8.47,0.16,0.31,985.26,9.99,91.66
608,2019-11-29 01:00:00,,14.86,20.94,0.54,4.04,0.63,8.32,985.15,10.15,91.64
609,2019-11-29 02:00:00,,11.81,17.27,0.49,3.56,0.64,21.3,985.7,10.12,91.51
610,2019-11-29 03:00:00,,9.74,14.44,0.44,3.02,0.17,58.95,985.85,9.88,91.83
611,2019-11-29 04:00:00,,14.2,21.69,0.51,4.96,0.34,349.9,986.16,9.93,92.03
612,2019-11-29 05:00:00,0.5,20.17,44.5,0.66,15.68,0.31,359.94,986.25,9.6,91.93
613,2019-11-29 06:00:00,0.83,27.39,65.39,0.84,24.83,0.22,48.84,986.72,8.87,91.68
614,2019-11-29 07:00:00,1.28,30.26,87.98,1.03,37.75,0.12,8.39,987.0,9.24,91.44
615,2019-11-29 08:00:00,0.6,32.56,65.74,0.96,21.71,0.23,114.32,987.34,10.47,89.79
616,2019-11-29 09:00:00,,29.07,51.05,0.88,14.25,0.16,108.16,987.82,11.64,84.64
617,2019-11-29 10:00:00,,31.06,55.76,1.08,16.22,0.17,205.11,988.13,12.54,78.55
618,2019-11-29 11:00:00,,30.42,44.66,0.72,9.3,0.68,255.36,987.87,13.83,71.99
619,2019-11-29 12:00:00,0.5,30.2,46.78,0.73,10.81,0.46,239.6,987.59,15.08,64.67
620,2019-11-29 13:00:00,0.5,34.47,59.28,0.87,16.07,0.43,250.83,987.45,15.75,57.71
621,2019-11-29 14:00:00,0.5,34.0,69.44,1.17,23.26,0.86,278.73,987.44,15.91,55.54
622,2019-11-29 15:00:00,,34.16,67.19,0.97,21.56,1.22,337.4,987.99,14.93,59.18
623,2019-11-29 16:00:00,,25.25,123.12,1.75,63.12,0.9,12.99,988.52,13.83,63.88
624,2019-11-29 17:00:00,,20.49,72.78,2.0,34.34,0.36,17.54,989.01,11.42,69.32
625,2019-11-29 18:00:00,,20.39,88.13,1.78,44.31,0.11,277.1,989.26,9.52,74.7
626,2019-11-29 19:00:00,,19.1,95.43,1.87,50.53,0.09,318.66,989.41,8.27,78.54
627,2019-11-29 20:00:00,0.76,16.63,95.12,2.16,51.24,0.16,354.08,989.59,7.28,81.54
628,2019-11-29 21:00:00,1.53,17.06,100.84,2.25,54.69,0.19,307.17,989.51,6.79,83.77
629,2019-11-29 22:00:00,1.61,13.56,76.9,2.07,41.29,0.17,344.27,989.34,6.27,85.17
630,2019-11-29 23:00:00,0.85,15.84,64.66,1.8,31.97,0.26,345.17,989.27,6.64,85.88
631,2019-11-30 00:00:00,0.66,15.24,44.85,1.61,19.29,0.22,16.39,988.91,7.0,85.78
632,2019-11-30 01:00:00,0.5,14.59,43.42,1.76,18.85,0.28,357.79,988.9,7.52,85.56
633,2019-11-30 02:00:00,0.5,12.7,31.29,1.21,12.11,0.65,346.75,989.26,8.29,85.87
634,2019-11-30 03:00:00,,12.63,22.79,0.73,6.63,0.43,336.17,990.11,8.67,86.72
635,2019-11-30 04:00:00,,14.26,23.94,0.56,6.31,0.55,9.9,990.41,8.68,87.84
636,2019-11-30 05:00:00,0.5,17.31,36.65,0.72,12.47,0.33,6.43,991.14,8.53,89.2
637,2019-11-30 06:00:00,,23.15,39.18,0.62,10.68,1.99,257.66,992.55,8.69,90.74
638,2019-11-30 07:00:00,,14.34,21.24,0.46,4.49,3.68,256.98,994.86,7.49,91.21
639,2019-11-30 08:00:00,,18.5,25.97,0.52,4.87,2.27,260.31,997.27,5.3,90.1
640,2019-11-30 09:00:00,,28.46,42.71,0.62,9.22,1.81,230.8,998.49,5.83,87.23
641,2019-11-30 10:00:00,1.89,26.89,41.42,0.53,9.52,2.51,233.08,999.15,6.92,78.98
642,2019-11-30 11:00:00,2.65,25.36,40.31,0.53,9.77,3.63,234.86,999.43,7.59,67.45
643,2019-11-30 12:00:00,1.26,20.19,30.58,0.43,6.77,4.16,237.55,999.66,8.1,55.52
644,2019-11-30 13:00:00,,24.31,37.16,0.51,8.39,3.82,237.07,999.74,8.2,48.38
645,2019-11-30 14:00:00,,24.77,38.2,0.51,8.36,4.08,238.5,999.99,8.16,46.96
646,2019-11-30 15:00:00,,31.97,55.9,0.58,15.51,2.07,238.55,1000.41,7.42,48.57
647,2019-11-30 16:00:00,0.5,33.49,85.68,0.78,34.12,0.92,241.31,1001.03,6.4,49.52
648,2019-11-30 17:00:00,0.5,24.97,71.94,0.76,30.76,0.32,281.77,1001.65,5.7,51.87
649,2019-11-30 18:00:00,,22.54,51.56,1.1,18.97,0.17,42.87,1002.2,4.54,57.01
650,2019-11-30 19:00:00,0.77,21.24,41.45,1.01,13.17,1.61,255.87,1002.81,4.9,60.81
651,2019-11-30 20:00:00,0.88,24.81,53.97,0.72,19.02,0.92,246.98,1003.42,4.43,56.76
652,2019-11-30 21:00:00,0.75,21.87,60.04,0.75,24.89,0.34,270.16,1004.05,3.41,56.55
653,2019-11-30 22:00:00,0.61,17.7,40.33,1.0,14.81,0.06,31.69,1004.53,2.37,57.83
654,2019-11-30 23:00:00,,13.87,27.44,1.24,8.93,0.15,55.47,1004.85,0.51,64.52
655,2019-12-01 00:00:00,,11.79,22.48,0.98,6.98,0.38,105.65,1004.99,-0.69,70.4
656,2019-12-01 01:00:00,,10.31,20.75,0.79,6.79,0.32,131.51,1005.33,-1.3,73.85
657,2019-12-01 02:00:00,,11.56,19.15,0.61,4.94,0.16,110.23,1005.44,-1.64,75.53
658,2019-12-01 03:00:00,,12.08,18.2,0.47,4.05,0.11,81.63,1005.43,-1.89,76.22
659,2019-12-01 04:00:00,,13.07,20.62,0.48,4.91,0.29,30.51,1005.76,-2.14,76.49
660,2019-12-01 05:00:00,,13.43,21.1,0.64,5.0,0.11,208.77,1006.36,-2.6,77.21
661,2019-12-01 06:00:00,,17.4,36.2,0.6,12.25,0.36,203.7,1006.81,-2.87,78.3
662,2019-12-01 07:00:00,,16.53,29.91,0.64,8.74,0.34,153.72,1006.96,-3.29,79.0
663,2019-12-01 08:00:00,,18.63,31.31,0.76,8.26,0.33,42.6,1007.14,-0.8,79.81
664,2019-12-01 09:00:00,,18.72,30.9,0.85,7.92,0.34,322.68,1007.16,2.87,76.31
665,2019-12-01 10:00:00,4.74,17.19,29.06,0.5,7.89,0.56,322.93,1006.92,5.69,58.73
666,2019-12-01 11:00:00,14.43,27.04,56.71,0.51,19.61,0.61,16.8,1006.26,6.77,45.47
667,2019-12-01 12:00:00,11.76,23.19,36.61,0.52,8.85,1.12,15.81,1005.53,7.1,40.91
668,2019-12-01 13:00:00,12.45,21.96,30.83,0.51,5.8,1.26,0.27,1004.88,7.58,37.39
669,2019-12-01 14:00:00,,22.85,30.92,0.59,5.32,1.78,7.27,1004.56,7.31,36.92
670,2019-12-01 15:00:00,0.5,,,0.63,,1.82,357.83,1004.3,5.95,43.29
671,2019-12-01 16:00:00,0.5,25.61,38.15,,8.18,1.45,33.04,1004.42,4.56,51.39
672,2019-12-01 17:00:00,0.5,22.41,48.96,1.17,17.35,0.58,5.85,1004.49,3.23,56.09
673,2019-12-01 18:00:00,0.95,26.49,67.48,1.25,26.22,0.39,18.22,1004.58,2.4,59.52
674,2019-12-01 19:00:00,2.78,25.45,61.65,1.04,24.28,0.06,79.22,1004.21,1.88,60.26
675,2019-12-01 20:00:00,3.51,25.2,55.66,1.53,19.83,0.15,132.82,1003.84,0.8,63.15
676,2019-12-01 21:00:00,2.09,24.53,45.95,1.41,14.0,0.33,200.18,1003.68,0.7,65.49
677,2019-12-01 22:00:00,2.1,23.98,55.71,1.16,20.7,0.36,194.91,1003.68,0.97,66.07
678,2019-12-01 23:00:00,1.41,24.1,45.21,2.01,13.97,0.4,186.99,1003.64,0.3,65.8
679,2019-12-02 00:00:00,0.96,19.11,32.69,1.48,8.85,0.49,196.54,1003.04,0.29,69.63
680,2019-12-02 01:00:00,1.33,17.34,24.94,1.04,4.98,0.54,214.02,1002.42,1.14,69.5
681,2019-12-02 02:00:00,1.05,11.42,15.4,0.58,2.62,0.19,130.36,1001.74,2.34,64.18
682,2019-12-02 03:00:00,0.5,10.05,14.08,0.65,2.62,0.23,89.43,1001.12,1.65,63.82
683,2019-12-02 04:00:00,3.42,11.16,14.66,0.46,2.24,0.48,108.73,1000.09,3.01,60.19
684,2019-12-02 05:00:00,0.77,19.55,41.86,0.73,14.59,0.18,211.28,999.89,2.04,62.29
685,2019-12-02 06:00:00,3.32,25.77,53.07,0.9,17.75,0.03,116.6,999.36,2.48,64.9
686,2019-12-02 07:00:00,3.58,28.62,78.23,0.96,32.57,0.15,76.92,998.94,3.12,64.44
687,2019-12-02 08:00:00,4.31,27.52,56.71,0.97,19.1,0.27,74.37,998.77,3.77,62.7
688,2019-12-02 09:00:00,5.59,30.55,58.65,1.24,18.27,0.13,118.58,998.44,5.1,59.01
689,2019-12-02 10:00:00,4.66,28.92,49.24,1.18,13.33,0.27,84.6,997.83,6.14,58.26
690,2019-12-02 11:00:00,5.0,28.63,52.64,0.93,15.59,0.45,39.01,997.11,6.44,59.43
691,2019-12-02 12:00:00,2.02,22.81,36.08,0.74,8.75,0.99,46.75,996.36,6.88,61.64
692,2019-12-02 13:00:00,4.39,29.42,62.95,0.91,21.34,0.2,38.01,995.43,6.97,63.69
693,2019-12-02 14:00:00,9.04,35.19,96.3,1.56,39.95,0.39,306.54,995.16,7.26,64.73
694,2019-12-02 15:00:00,6.54,37.79,125.5,1.87,57.2,0.57,318.36,995.53,7.73,64.7
695,2019-12-02 16:00:00,4.41,30.23,109.45,2.08,50.88,0.83,27.29,996.23,7.71,66.21
696,2019-12-02 17:00:00,11.51,35.54,88.29,1.56,34.65,1.62,264.99,997.97,7.26,71.03
697,2019-12-02 18:00:00,7.75,28.24,44.19,0.67,10.49,2.42,258.97,999.28,6.68,75.43
698,2019-12-02 19:00:00,0.95,21.39,33.13,0.68,7.67,2.76,259.26,1000.49,5.57,80.64
699,2019-12-02 20:00:00,,17.87,27.69,0.6,6.48,3.51,250.33,1001.37,4.39,83.85
700,2019-12-02 21:00:00,,18.24,29.08,0.59,7.03,1.8,261.38,1002.33,3.5,85.39
701,2019-12-02 22:00:00,0.5,16.43,25.09,0.55,5.68,2.27,261.37,1003.08,2.95,86.0
702,2019-12-02 23:00:00,2.59,12.95,17.94,0.5,3.25,2.07,263.56,1003.48,2.64,86.66
703,2019-12-03 00:00:00,2.82,12.47,16.17,0.5,2.41,1.52,265.15,1003.44,2.32,87.38
704,2019-12-03 01:00:00,1.73,9.26,12.45,0.45,2.1,1.88,272.02,1003.72,2.27,88.0
705,2019-12-03 02:00:00,1.43,8.38,11.19,0.38,1.82,1.81,249.55,1004.06,1.98,88.14
706,2019-12-03 03:00:00,1.1,9.7,14.44,0.39,3.1,0.26,273.88,1004.08,1.66,88.19
707,2019-12-03 04:00:00,0.5,9.08,13.07,0.41,2.58,0.8,251.89,1004.35,1.54,88.53
708,2019-12-03 05:00:00,0.57,19.22,33.82,0.49,9.42,0.19,275.7,1004.57,1.35,88.84
709,2019-12-03 06:00:00,0.81,20.19,33.15,0.74,8.41,0.3,351.42,1004.89,1.14,89.22
710,2019-12-03 07:00:00,1.27,28.47,67.58,1.02,25.38,0.23,356.41,1005.49,0.98,89.64
711,2019-12-03 08:00:00,1.67,33.77,86.87,1.14,34.58,0.25,318.12,1006.01,0.93,90.15
712,2019-12-03 09:00:00,1.57,35.76,83.42,1.52,31.07,0.05,262.15,1006.6,0.76,90.59
713,2019-12-03 10:00:00,0.6,33.32,60.76,1.16,18.01,0.12,5.31,1006.76,1.13,91.19
714,2019-12-03 11:00:00,0.77,29.92,44.33,1.01,9.42,0.04,167.39,1006.24,1.46,91.77
715,2019-12-03 12:00:00,0.51,31.36,48.72,1.02,11.34,0.2,28.11,1005.8,1.87,92.25
716,2019-12-03 13:00:00,0.65,29.96,43.18,0.81,8.54,0.26,320.49,1005.39,2.46,92.48
717,2019-12-03 14:00:00,4.4,40.39,64.94,0.84,16.06,1.4,265.86,1005.44,2.18,91.73
718,2019-12-03 15:00:00,2.33,46.88,102.05,1.18,35.86,0.36,279.66,1005.44,2.12,90.1
719,2019-12-03 16:00:00,1.63,37.99,86.6,,31.82,0.41,8.46,1005.55,1.96,88.12
