,Vreme,SO2 [ug.m-3],O3 [ug.m-3],NO2 [ug.m-3],NOX [ug.m-3],CO [mg.m-3],NO [ug.m-3],V [m/s],dd [°],P [mb],t [°C],Rh [%]
0,2019-11-03 18:00:00,20.17,44.84,3.97,8.29,0.22,2.84,1.44,100.27,994.74,19.05,61.57
1,2019-11-03 19:00:00,20.75,45.51,5.39,9.62,0.23,2.71,1.44,127.3,994.16,18.72,63.14
2,2019-11-03 20:00:00,30.67,54.52,4.45,8.4,0.18,2.61,2.25,137.82,994.08,19.75,58.87
3,2019-11-03 21:00:00,23.23,48.0,2.88,6.97,0.2,2.65,1.52,136.23,994.09,18.51,61.67
4,2019-11-03 22:00:00,18.36,45.85,3.14,5.7,0.21,1.67,1.64,137.55,993.56,17.91,64.44
5,2019-11-03 23:00:00,17.74,51.88,1.43,4.09,0.19,1.68,2.1,132.89,993.16,18.4,63.0
6,2019-11-04 00:00:00,17.63,55.89,0.84,2.86,0.17,1.28,2.56,133.75,992.71,18.94,60.22
7,2019-11-04 01:00:00,16.34,57.49,,2.77,0.16,1.95,2.48,141.95,992.19,18.87,60.18
8,2019-11-04 02:00:00,15.87,55.23,0.5,4.21,0.16,2.71,2.15,135.33,992.04,18.42,61.93
9,2019-11-04 03:00:00,17.74,55.42,0.61,4.7,0.15,2.69,3.2,135.98,991.4,18.71,61.66
10,2019-11-04 04:00:00,22.15,54.25,,,0.14,,3.28,131.9,991.27,18.92,61.44
11,2019-11-04 05:00:00,21.28,54.0,1.5,4.51,,1.98,2.47,133.55,990.96,18.75,62.48
12,2019-11-04 06:00:00,20.37,51.29,1.5,6.11,0.14,3.06,2.73,141.45,990.82,18.74,64.98
13,2019-11-04 07:00:00,27.44,49.7,4.71,8.31,0.14,2.36,2.87,136.31,991.01,19.15,64.3
14,2019-11-04 08:00:00,,,4.17,8.55,0.15,3.11,3.07,145.05,991.07,19.62,62.78
15,2019-11-04 09:00:00,27.98,52.32,3.85,8.53,0.15,3.03,3.08,143.17,991.0,19.82,62.4
16,2019-11-04 10:00:00,28.33,52.12,4.21,8.48,0.16,2.73,2.11,140.73,991.09,20.34,61.83
17,2019-11-04 11:00:00,21.47,55.7,2.31,5.48,0.15,2.07,1.93,141.26,991.31,20.75,59.71
18,2019-11-04 12:00:00,15.05,38.95,6.8,14.6,0.16,5.13,0.45,155.37,992.95,16.52,75.75
19,2019-11-04 13:00:00,16.78,50.27,5.09,10.06,0.17,3.16,0.52,165.68,993.28,17.39,76.42
20,2019-11-04 14:00:00,18.76,52.95,9.76,14.77,0.25,3.31,0.42,35.54,993.86,19.27,62.88
21,2019-11-04 15:00:00,17.09,41.33,13.17,19.33,0.24,3.93,0.25,123.83,994.62,18.82,64.7
22,2019-11-04 16:00:00,14.84,39.5,13.28,17.88,0.23,3.07,0.16,143.22,995.4,18.16,66.15
23,2019-11-04 17:00:00,14.26,45.31,7.98,12.86,0.21,3.25,0.52,161.81,996.47,17.2,66.96
24,2019-11-04 18:00:00,13.31,20.33,20.99,29.48,0.36,5.33,0.05,332.24,997.22,16.58,68.87
25,2019-11-04 19:00:00,12.97,1.83,30.57,67.63,0.59,24.23,0.15,78.69,997.96,15.8,73.18
26,2019-11-04 20:00:00,12.01,1.52,25.36,47.17,0.63,14.58,0.13,84.19,998.5,14.56,78.01
27,2019-11-04 21:00:00,11.95,10.9,20.55,46.39,0.62,17.0,0.33,131.63,998.66,14.67,78.94
28,2019-11-04 22:00:00,11.4,43.27,2.03,2.48,0.17,0.5,1.09,156.9,999.04,15.76,73.03
29,2019-11-04 23:00:00,13.13,56.33,1.78,3.05,0.15,0.78,1.14,165.91,999.03,16.12,65.2
30,2019-11-05 00:00:00,13.59,62.46,,,0.15,,1.17,164.71,999.21,16.51,56.16
31,2019-11-05 01:00:00,14.6,62.48,2.45,9.18,0.14,4.35,1.48,166.05,999.37,16.59,53.19
32,2019-11-05 02:00:00,13.48,67.02,2.52,6.45,0.11,2.55,0.27,174.59,999.21,16.96,49.4
33,2019-11-05 03:00:00,12.11,71.93,1.59,7.38,0.1,3.78,1.59,155.33,999.21,17.75,46.23
34,2019-11-05 04:00:00,11.25,71.8,1.73,7.64,0.11,3.88,1.06,162.84,999.1,17.85,45.76
35,2019-11-05 05:00:00,10.82,70.59,3.16,8.24,0.1,3.29,0.76,176.24,999.21,17.98,45.66
36,2019-11-05 06:00:00,10.6,69.16,3.26,9.5,0.11,4.04,1.14,145.4,999.39,18.06,45.06
37,2019-11-05 07:00:00,12.52,66.34,5.52,11.81,0.13,4.1,1.82,137.35,999.6,18.41,45.67
38,2019-11-05 08:00:00,13.38,65.61,5.32,10.81,0.12,3.65,2.06,139.57,999.58,19.86,43.77
39,2019-11-05 09:00:00,12.34,67.98,5.51,10.68,0.12,3.35,3.1,148.58,999.13,20.15,44.9
40,2019-11-05 10:00:00,12.58,66.26,5.22,11.46,0.13,4.01,2.97,146.24,998.37,21.36,45.58
41,2019-11-05 11:00:00,11.83,73.94,3.69,11.93,0.13,5.41,3.42,151.15,997.32,23.2,41.06
42,2019-11-05 12:00:00,11.2,76.56,3.44,9.63,0.13,4.08,3.71,152.07,996.55,24.03,38.28
43,2019-11-05 13:00:00,10.72,75.12,4.48,10.57,0.14,3.99,2.31,156.12,995.94,24.62,37.43
44,2019-11-05 14:00:00,10.85,76.5,3.82,9.29,0.14,3.58,2.18,150.29,995.7,24.73,36.34
45,2019-11-05 15:00:00,11.03,72.18,6.17,11.35,0.18,3.37,1.29,130.82,995.66,24.31,37.93
46,2019-11-05 16:00:00,15.29,66.13,8.28,13.94,0.21,3.7,1.37,135.39,995.25,23.04,41.35
47,2019-11-05 17:00:00,14.07,62.98,7.69,12.72,0.23,3.29,2.01,134.23,995.03,22.89,41.93
48,2019-11-05 18:00:00,13.57,61.4,6.09,12.29,0.19,4.11,2.17,143.43,994.64,22.17,44.99
49,2019-11-05 19:00:00,15.09,64.25,4.92,11.67,0.15,4.43,2.47,137.85,994.25,21.66,46.7
50,2019-11-05 20:00:00,17.93,62.44,4.28,11.69,0.15,4.82,2.91,139.48,994.04,21.07,48.54
51,2019-11-05 21:00:00,26.88,59.89,6.98,14.05,0.16,4.59,2.34,135.86,993.78,20.5,50.38
52,2019-11-05 22:00:00,30.24,61.83,6.42,12.65,0.14,4.09,2.13,133.77,993.56,20.56,51.12
53,2019-11-05 23:00:00,18.66,63.76,4.07,9.42,0.14,3.49,2.26,134.51,993.73,20.27,52.27
54,2019-11-06 00:00:00,20.51,62.99,4.11,9.11,0.13,3.3,1.92,146.63,993.6,20.29,52.73
55,2019-11-06 01:00:00,23.54,57.63,5.75,12.75,0.16,4.54,0.46,175.53,994.29,20.48,52.5
56,2019-11-06 02:00:00,13.69,46.63,5.47,12.42,0.24,4.58,0.28,287.26,996.26,17.68,67.21
57,2019-11-06 03:00:00,12.55,40.11,4.94,11.16,0.19,4.05,0.73,301.31,996.77,16.69,74.15
58,2019-11-06 04:00:00,10.95,33.28,4.42,10.19,0.12,3.77,0.51,325.39,998.45,15.11,82.01
59,2019-11-06 05:00:00,10.44,31.14,4.86,13.19,0.13,5.43,0.3,150.17,998.53,14.1,86.08
60,2019-11-06 06:00:00,10.38,29.85,7.14,13.31,0.14,3.97,0.76,134.91,998.58,13.41,88.6
61,2019-11-06 07:00:00,10.33,29.79,8.08,15.22,0.16,4.66,0.73,122.43,999.43,13.31,89.11
62,2019-11-06 08:00:00,9.8,24.17,10.25,17.57,0.19,4.78,0.6,135.87,1000.48,13.71,88.51
63,2019-11-06 09:00:00,9.24,34.37,4.5,12.45,0.15,5.22,0.51,121.15,1000.88,14.21,87.0
64,2019-11-06 10:00:00,10.11,41.9,5.01,11.68,0.15,4.34,0.64,142.8,1001.48,15.17,84.1
65,2019-11-06 11:00:00,11.35,46.58,6.92,13.58,0.15,4.33,0.98,134.37,1001.52,16.04,81.5
66,2019-11-06 12:00:00,11.32,50.37,7.05,13.03,0.14,3.86,0.95,134.13,1001.59,16.34,78.72
67,2019-11-06 13:00:00,11.75,49.68,8.9,16.07,0.15,4.7,0.71,131.56,1001.48,17.14,73.04
68,2019-11-06 14:00:00,11.33,47.26,6.83,14.48,0.17,5.0,1.13,144.77,1001.62,16.68,73.41
69,2019-11-06 15:00:00,10.44,40.15,7.76,14.06,0.17,4.08,0.87,136.56,1001.56,16.05,75.71
70,2019-11-06 16:00:00,10.56,37.26,6.44,12.38,0.17,3.84,0.63,137.63,1001.49,15.33,78.18
71,2019-11-06 17:00:00,10.68,25.6,16.59,24.43,0.27,5.06,0.31,72.46,1001.01,15.16,77.31
72,2019-11-06 18:00:00,11.07,30.55,14.35,21.69,0.28,4.92,0.34,64.57,1001.19,14.83,76.45
73,2019-11-06 19:00:00,10.97,24.77,15.09,21.83,0.29,4.35,0.53,86.65,1000.78,14.58,76.92
74,2019-11-06 20:00:00,11.08,18.69,18.43,30.22,0.3,7.66,0.24,49.08,1000.31,14.48,77.66
75,2019-11-06 21:00:00,10.48,20.35,12.49,21.33,0.28,5.8,0.38,91.92,1000.5,14.17,79.68
76,2019-11-06 22:00:00,10.43,16.88,10.43,17.35,0.3,4.54,0.49,71.1,999.9,14.04,82.55
77,2019-11-06 23:00:00,10.76,7.83,18.6,31.08,0.36,8.15,0.6,21.6,999.99,14.35,82.83
78,2019-11-07 00:00:00,10.79,30.87,10.33,20.96,0.23,6.98,0.17,35.3,1000.11,14.97,76.53
79,2019-11-07 01:00:00,10.92,34.32,8.46,14.96,0.22,4.28,0.17,97.62,1000.31,15.1,71.06
80,2019-11-07 02:00:00,10.61,31.66,7.04,13.14,0.19,4.02,0.4,85.47,1000.16,14.5,74.74
81,2019-11-07 03:00:00,10.35,28.24,6.98,13.5,0.18,4.23,0.14,306.31,1000.38,14.99,71.81
82,2019-11-07 04:00:00,10.39,15.78,11.99,20.47,0.23,5.52,0.19,248.95,1000.96,14.17,75.79
83,2019-11-07 05:00:00,10.38,8.11,,,0.25,,0.32,191.39,1001.15,13.38,81.24
84,2019-11-07 06:00:00,9.92,6.92,9.44,18.84,,6.09,0.17,198.2,1001.42,13.17,84.46
85,2019-11-07 07:00:00,10.3,3.62,14.81,32.85,0.39,11.68,0.37,179.21,1002.22,13.37,86.25
86,2019-11-07 08:00:00,9.83,12.44,14.61,25.4,0.27,7.07,0.68,144.69,1002.88,13.06,88.21
87,2019-11-07 09:00:00,,,12.99,21.26,0.19,5.35,0.56,133.16,1003.05,13.49,87.6
88,2019-11-07 10:00:00,11.05,29.91,16.26,28.43,0.24,7.92,0.15,332.78,1003.46,14.97,83.75
89,2019-11-07 11:00:00,13.76,54.58,10.8,18.49,0.18,5.08,0.07,334.8,1003.28,17.03,70.47
90,2019-11-07 12:00:00,12.06,59.88,8.4,16.09,0.16,5.03,0.39,114.24,1003.23,18.37,63.39
91,2019-11-07 13:00:00,10.85,66.41,6.17,14.26,0.16,5.55,0.3,134.34,1003.31,19.18,58.55
92,2019-11-07 14:00:00,11.37,61.27,9.27,15.1,0.21,3.74,0.31,73.56,1003.36,18.64,58.88
93,2019-11-07 15:00:00,11.73,33.68,23.33,35.95,0.28,8.16,0.25,44.82,1003.55,17.84,65.12
94,2019-11-07 16:00:00,11.09,16.75,29.61,39.56,0.32,6.44,0.27,124.21,1003.89,16.89,69.72
95,2019-11-07 17:00:00,10.44,7.38,27.76,40.01,0.4,8.07,0.7,139.0,1004.41,15.19,76.35
96,2019-11-07 18:00:00,9.67,6.84,22.21,32.09,0.37,6.44,0.43,131.51,1004.61,14.29,80.25
97,2019-11-07 19:00:00,10.35,6.62,26.93,49.01,0.46,14.39,0.24,50.99,1004.66,14.59,80.57
98,2019-11-07 20:00:00,10.4,14.77,18.45,29.97,0.31,7.45,0.36,7.2,1004.57,14.47,79.09
99,2019-11-07 21:00:00,10.88,11.93,29.38,45.73,0.44,15.09,0.38,29.06,1004.47,14.5,76.49
100,2019-11-07 22:00:00,10.15,15.98,15.84,25.89,0.36,6.56,0.36,28.7,1004.51,14.05,78.73
101,2019-11-07 23:00:00,10.13,12.71,12.0,21.77,0.35,6.42,0.25,359.31,1004.48,13.53,80.48
102,2019-11-08 00:00:00,9.73,15.77,9.18,18.53,0.28,6.22,0.34,23.76,1004.59,13.15,83.26
103,2019-11-08 01:00:00,9.99,24.7,5.67,12.01,0.2,4.13,0.37,19.1,1004.39,13.22,83.0
104,2019-11-08 02:00:00,9.77,23.79,4.99,9.73,0.2,3.06,0.53,11.12,1003.87,12.81,82.63
105,2019-11-08 03:00:00,9.93,16.54,5.3,11.75,0.22,4.16,0.15,342.72,1003.43,12.53,83.88
106,2019-11-08 04:00:00,9.82,13.31,4.9,11.91,0.22,4.51,0.19,44.59,1003.28,12.14,85.65
107,2019-11-08 05:00:00,9.69,11.09,7.02,17.45,0.23,6.32,0.54,10.06,1002.98,12.24,86.68
108,2019-11-08 06:00:00,9.74,9.17,8.74,18.79,0.25,6.52,0.44,26.14,1003.09,12.39,87.18
109,2019-11-08 07:00:00,10.33,3.96,16.27,38.98,0.53,14.65,0.23,24.8,1003.31,12.25,88.34
110,2019-11-08 08:00:00,9.61,3.13,17.1,49.15,0.37,20.58,0.22,69.93,1003.26,11.81,89.71
111,2019-11-08 09:00:00,9.91,2.14,,41.29,0.33,17.96,0.24,18.39,1002.84,12.16,91.01
112,2019-11-08 10:00:00,10.25,4.33,11.27,24.8,0.29,8.89,0.39,105.24,1002.56,12.5,91.73
113,2019-11-08 11:00:00,10.47,3.41,10.29,30.5,0.34,12.39,0.19,53.17,1002.18,13.3,92.09
114,2019-11-08 12:00:00,10.96,5.58,10.15,28.44,0.32,12.82,0.3,80.54,1001.59,14.3,91.41
115,2019-11-08 13:00:00,11.76,7.9,13.15,36.64,0.38,15.57,0.1,187.92,1001.39,15.91,89.6
116,2019-11-08 14:00:00,12.62,29.89,9.42,17.0,0.26,5.25,0.45,153.17,1001.28,16.39,82.94
117,2019-11-08 15:00:00,12.25,20.36,15.38,28.3,0.35,8.26,0.06,218.91,1001.4,16.64,78.54
118,2019-11-08 16:00:00,11.6,1.22,22.71,62.39,0.53,25.75,0.17,290.23,1001.75,15.74,81.83
119,2019-11-08 17:00:00,11.27,1.35,16.63,50.04,0.52,21.71,0.46,129.1,1002.03,14.18,86.77
120,2019-11-08 18:00:00,11.38,0.5,15.98,55.69,0.55,25.93,0.69,133.52,1002.17,13.0,89.33
121,2019-11-08 19:00:00,12.43,1.68,14.97,76.17,0.88,40.93,0.17,123.01,1002.26,12.81,90.03
122,2019-11-08 20:00:00,12.38,1.31,14.39,88.05,0.9,48.07,0.25,129.82,1002.66,12.68,90.51
123,2019-11-08 21:00:00,11.33,3.29,14.15,62.52,0.97,31.48,0.38,156.09,1003.26,11.51,91.27
124,2019-11-08 22:00:00,12.02,1.73,13.98,88.78,1.34,48.81,0.25,160.74,1003.76,10.97,93.4
125,2019-11-08 23:00:00,11.53,3.98,12.6,66.48,1.17,35.14,0.23,131.0,1003.93,10.47,94.82
126,2019-11-09 00:00:00,10.56,8.33,11.18,40.87,0.61,19.43,0.44,155.5,1003.89,11.57,95.76
127,2019-11-09 01:00:00,9.85,26.02,3.98,11.76,0.19,5.38,0.91,155.46,1003.87,13.82,83.4
128,2019-11-09 02:00:00,10.51,44.54,4.04,10.75,0.14,4.79,1.18,139.49,1003.87,15.21,60.78
129,2019-11-09 03:00:00,12.6,58.93,4.5,9.17,0.11,3.03,1.32,135.82,1003.72,15.71,56.32
130,2019-11-09 04:00:00,13.31,61.13,3.26,9.1,0.11,3.8,1.95,134.82,1003.53,15.95,53.85
131,2019-11-09 05:00:00,13.1,61.76,4.1,8.5,0.11,2.87,2.43,140.49,1003.45,16.43,54.52
132,2019-11-09 06:00:00,12.29,65.59,3.95,8.8,0.11,3.22,2.41,145.07,1003.67,16.79,53.41
133,2019-11-09 07:00:00,11.93,62.84,3.32,8.52,0.12,3.35,2.35,141.09,1004.18,16.7,53.82
134,2019-11-09 08:00:00,14.39,61.41,4.57,10.85,0.12,4.11,2.69,145.71,1004.37,17.03,53.32
135,2019-11-09 09:00:00,13.67,64.43,3.0,11.24,0.12,5.33,2.78,141.64,1004.46,17.51,52.12
136,2019-11-09 10:00:00,13.59,63.89,4.17,10.23,0.13,3.95,2.47,139.98,1004.58,17.93,52.27
137,2019-11-09 11:00:00,16.86,61.19,6.2,13.67,0.15,4.87,1.36,136.99,1004.25,18.61,51.79
138,2019-11-09 12:00:00,22.63,62.34,6.37,13.19,0.15,4.43,1.74,140.02,1003.8,19.33,52.03
139,2019-11-09 13:00:00,26.04,62.52,6.45,11.19,0.16,3.07,2.1,142.84,1003.54,20.11,51.38
140,2019-11-09 14:00:00,31.52,59.88,8.03,12.06,0.17,2.61,1.74,144.91,1003.45,20.08,51.7
141,2019-11-09 15:00:00,15.84,58.17,8.11,12.86,0.19,3.11,1.43,133.11,1003.49,19.7,53.49
142,2019-11-09 16:00:00,18.7,31.53,20.6,29.15,0.28,5.63,0.61,301.87,1003.95,19.24,56.17
143,2019-11-09 17:00:00,12.1,21.83,15.19,22.84,0.34,4.99,0.05,185.21,1005.05,17.13,67.77
144,2019-11-09 18:00:00,10.78,13.47,16.71,27.07,0.37,6.76,0.16,326.31,1005.55,16.16,73.11
145,2019-11-09 19:00:00,10.5,12.46,16.36,25.02,0.39,5.78,0.09,237.38,1005.75,15.42,74.89
146,2019-11-09 20:00:00,10.37,11.55,15.51,30.2,0.4,9.74,0.1,283.19,1005.75,14.61,79.78
147,2019-11-09 21:00:00,9.92,10.33,12.39,24.39,0.35,7.94,0.34,199.58,1005.22,13.72,85.22
148,2019-11-09 22:00:00,10.02,14.1,8.47,16.61,0.26,5.67,0.32,151.2,1004.66,13.38,86.82
149,2019-11-09 23:00:00,9.78,12.94,8.5,16.04,0.27,4.94,0.55,136.51,1004.54,13.23,87.06
150,2019-11-10 00:00:00,10.06,16.96,8.45,15.44,0.25,4.51,0.13,123.46,1004.08,13.27,86.89
151,2019-11-10 01:00:00,10.15,19.25,8.3,16.58,0.21,5.39,0.13,112.44,1002.96,13.15,85.94
152,2019-11-10 02:00:00,10.1,20.05,6.19,13.1,0.2,4.43,0.32,119.22,1002.15,12.76,86.49
153,2019-11-10 03:00:00,10.17,19.08,6.54,13.69,0.2,4.67,0.35,110.67,1001.49,12.59,87.96
154,2019-11-10 04:00:00,10.29,17.64,4.8,11.18,0.2,4.24,0.1,88.78,1001.09,12.5,89.35
155,2019-11-10 05:00:00,10.08,13.87,5.12,12.81,0.2,5.07,0.25,99.16,1000.61,12.32,90.53
156,2019-11-10 06:00:00,10.07,12.04,,,0.22,,0.17,109.26,1000.36,12.29,91.09
157,2019-11-10 07:00:00,10.4,8.2,9.79,19.17,,5.95,0.24,158.79,1000.43,12.47,91.48
158,2019-11-10 08:00:00,10.76,7.99,8.54,22.33,0.28,8.95,0.14,243.46,1000.69,12.92,92.01
159,2019-11-10 09:00:00,10.94,13.74,7.26,18.34,0.29,6.89,0.47,161.28,1001.47,14.07,90.5
160,2019-11-10 10:00:00,,,5.19,11.58,0.21,4.21,0.98,165.23,1002.08,14.78,84.84
161,2019-11-10 11:00:00,19.67,35.35,7.97,18.3,0.23,7.18,0.1,64.2,1002.45,16.26,77.1
162,2019-11-10 12:00:00,26.05,41.83,7.76,16.87,0.25,6.02,0.51,323.11,1002.96,17.08,67.85
163,2019-11-10 13:00:00,14.75,43.75,6.89,15.57,0.23,5.65,1.52,316.09,1003.5,15.43,69.3
164,2019-11-10 14:00:00,11.11,36.46,7.48,13.44,0.22,3.93,1.52,317.96,1004.4,13.5,74.25
165,2019-11-10 15:00:00,10.47,29.36,7.57,16.65,0.24,5.84,1.0,327.3,1005.14,12.71,75.74
166,2019-11-10 16:00:00,10.35,21.08,12.34,20.77,0.24,5.53,1.25,313.1,1005.91,12.05,78.26
167,2019-11-10 17:00:00,9.88,21.75,13.4,22.05,0.25,5.7,0.97,303.24,1006.92,11.75,80.43
168,2019-11-10 18:00:00,9.14,30.32,10.26,18.72,0.25,5.5,0.71,320.25,1008.03,11.77,79.92
169,2019-11-10 19:00:00,9.2,21.2,10.51,19.91,0.27,6.14,0.75,314.13,1009.14,11.65,79.8
170,2019-11-10 20:00:00,9.08,21.42,9.67,19.8,0.3,6.65,0.54,316.47,1010.15,11.36,80.03
171,2019-11-10 21:00:00,9.17,19.0,9.36,17.13,0.28,4.85,0.44,325.78,1010.8,10.92,80.34
172,2019-11-10 22:00:00,9.05,16.3,7.79,16.57,0.27,5.65,0.22,2.4,1011.36,10.81,80.94
173,2019-11-10 23:00:00,9.0,16.86,7.08,12.29,0.25,3.47,0.1,152.43,1012.11,10.6,80.68
174,2019-11-11 00:00:00,8.52,16.74,5.84,12.37,0.22,4.0,0.07,191.19,1012.57,10.39,81.92
175,2019-11-11 01:00:00,8.53,16.75,6.63,13.53,0.22,4.42,0.98,303.71,1012.85,10.49,81.36
176,2019-11-11 02:00:00,8.5,16.39,4.98,12.48,0.2,4.88,0.55,304.92,1013.08,10.14,81.49
177,2019-11-11 03:00:00,8.24,18.52,4.13,10.99,0.19,4.46,0.39,296.66,1013.23,9.79,81.27
178,2019-11-11 04:00:00,8.04,15.64,5.82,10.97,0.2,3.33,0.02,159.26,1013.59,9.79,80.45
179,2019-11-11 05:00:00,8.58,11.31,9.36,17.56,0.2,5.72,0.39,1.66,1013.6,10.01,79.8
180,2019-11-11 06:00:00,8.49,10.3,9.54,17.99,0.24,5.21,0.47,91.96,1013.82,9.9,79.39
181,2019-11-11 07:00:00,8.41,12.52,7.37,,0.22,5.37,0.44,82.66,1014.0,9.88,80.92
182,2019-11-11 08:00:00,8.62,14.14,7.93,15.66,0.23,5.04,0.59,82.24,1014.32,10.31,81.39
183,2019-11-11 09:00:00,8.79,16.31,8.9,17.68,0.25,5.77,0.63,98.07,1014.04,10.99,81.29
184,2019-11-11 10:00:00,11.67,22.81,7.07,16.09,0.23,5.88,0.79,108.65,1013.77,12.13,79.2
185,2019-11-11 11:00:00,10.76,28.13,7.21,15.74,0.21,5.6,0.87,86.34,1013.03,12.34,77.25
186,2019-11-11 12:00:00,11.49,37.37,7.14,13.1,0.2,3.84,0.68,97.16,1012.41,12.82,75.62
187,2019-11-11 13:00:00,12.76,42.87,6.04,12.68,0.2,4.31,0.79,111.88,1012.02,13.32,73.57
188,2019-11-11 14:00:00,11.91,38.31,6.92,14.55,0.24,4.99,0.78,103.35,1011.67,13.36,73.21
189,2019-11-11 15:00:00,11.27,35.69,9.69,18.04,0.35,5.06,0.88,88.01,1010.85,12.93,74.41
190,2019-11-11 16:00:00,10.45,25.41,12.79,20.85,0.29,5.09,0.65,89.06,1010.65,12.21,77.43
191,2019-11-11 17:00:00,9.85,21.16,14.93,30.56,0.33,10.05,0.33,42.79,1010.45,11.8,79.2
192,2019-11-11 18:00:00,9.78,26.15,11.36,20.14,0.3,5.63,0.39,52.95,1009.72,11.81,79.14
193,2019-11-11 19:00:00,10.34,17.22,20.27,34.5,0.34,9.35,0.28,328.47,1009.34,11.98,78.05
194,2019-11-11 20:00:00,10.46,28.74,11.26,19.41,0.26,5.25,0.45,53.65,1008.93,12.21,77.07
195,2019-11-11 21:00:00,10.26,26.49,13.89,23.82,0.27,6.58,0.45,40.36,1008.4,12.07,76.61
196,2019-11-11 22:00:00,9.81,33.2,7.64,13.58,0.21,3.92,0.36,93.57,1008.22,12.31,75.9
197,2019-11-11 23:00:00,10.09,29.14,7.01,13.05,0.24,3.95,0.57,121.49,1007.88,11.8,77.42
198,2019-11-12 00:00:00,10.77,35.81,5.99,12.19,0.24,4.01,0.98,141.04,1007.31,12.3,75.12
199,2019-11-12 01:00:00,11.68,48.45,5.08,10.29,0.31,3.38,1.77,132.29,1006.86,12.73,72.13
200,2019-11-12 02:00:00,11.83,49.13,5.38,10.06,0.3,3.01,1.7,123.66,1006.38,12.39,72.2
201,2019-11-12 03:00:00,11.55,46.36,4.61,8.58,0.26,2.56,1.24,85.67,1005.66,12.22,71.64
202,2019-11-12 04:00:00,11.04,43.48,4.98,10.92,0.21,3.88,0.59,74.93,1005.5,11.96,73.22
203,2019-11-12 05:00:00,10.97,33.89,5.49,11.23,0.22,3.76,0.16,228.72,1005.15,11.49,74.92
204,2019-11-12 06:00:00,10.92,33.02,9.15,15.91,0.2,4.4,0.27,90.55,1004.86,11.73,76.06
205,2019-11-12 07:00:00,12.48,40.56,9.31,15.95,0.19,4.33,1.1,100.31,1004.54,13.47,69.88
206,2019-11-12 08:00:00,13.01,33.26,11.64,18.64,0.22,4.59,1.26,106.1,1004.08,13.22,71.0
207,2019-11-12 09:00:00,11.68,28.2,10.27,17.95,0.28,5.09,1.4,110.63,1003.44,12.88,76.82
208,2019-11-12 10:00:00,12.15,35.74,9.56,18.19,0.26,5.62,1.28,97.86,1002.95,13.43,76.72
209,2019-11-12 11:00:00,13.29,33.09,10.26,18.41,0.26,5.29,1.38,89.7,1001.83,14.33,73.99
210,2019-11-12 12:00:00,14.04,31.87,12.51,21.77,0.32,6.08,1.59,86.48,1001.08,14.89,72.5
211,2019-11-12 13:00:00,14.97,34.07,11.69,19.08,0.27,4.77,1.33,99.1,1000.25,15.39,70.36
212,2019-11-12 14:00:00,15.72,41.34,10.51,16.29,0.23,3.81,1.47,106.27,999.88,16.29,67.03
213,2019-11-12 15:00:00,15.75,43.02,8.32,13.57,0.22,3.43,1.7,121.42,999.1,16.74,65.69
214,2019-11-12 16:00:00,15.51,45.09,7.84,15.12,0.21,4.75,1.55,112.25,998.98,17.02,64.63
215,2019-11-12 17:00:00,14.57,44.11,7.37,12.58,0.21,3.4,1.7,102.67,1000.23,16.99,67.02
216,2019-11-12 18:00:00,14.55,42.5,8.73,14.51,0.23,3.76,1.34,104.58,1000.46,17.19,67.29
217,2019-11-12 19:00:00,14.73,38.41,8.93,14.31,0.25,3.32,1.63,98.45,1000.3,17.26,66.91
218,2019-11-12 20:00:00,14.49,43.32,6.97,11.73,0.21,3.1,1.66,117.3,1000.21,17.67,67.01
219,2019-11-12 21:00:00,13.82,41.67,5.19,11.86,0.2,4.33,1.22,94.11,999.75,17.37,69.61
220,2019-11-12 22:00:00,14.1,42.12,5.18,9.46,0.2,2.79,1.29,109.71,998.88,17.45,67.56
221,2019-11-12 23:00:00,14.3,37.88,7.98,13.04,0.24,,2.15,128.25,998.35,17.47,68.82
222,2019-11-13 00:00:00,14.39,39.07,5.08,10.69,0.22,3.65,2.88,131.3,997.99,17.65,69.26
223,2019-11-13 01:00:00,13.87,37.02,6.84,,0.21,5.24,1.78,136.56,997.97,17.22,70.88
224,2019-11-13 02:00:00,14.25,41.66,4.64,9.79,0.18,3.35,1.36,120.69,997.76,17.09,70.68
225,2019-11-13 03:00:00,13.4,61.89,2.28,8.09,0.13,3.78,1.25,112.46,997.02,16.13,70.95
226,2019-11-13 04:00:00,14.18,65.43,4.59,9.51,0.11,3.23,1.6,130.57,996.7,15.24,72.04
227,2019-11-13 05:00:00,14.38,73.54,3.98,9.48,0.1,3.64,2.34,130.11,996.29,14.9,71.16
228,2019-11-13 06:00:00,13.48,65.29,3.65,9.52,0.12,3.73,1.65,128.13,996.06,14.65,72.3
229,2019-11-13 07:00:00,13.78,62.14,,,0.24,,3.01,128.63,995.68,14.8,74.64
230,2019-11-13 08:00:00,,,,,,,2.88,128.48,995.63,15.22,78.59
231,2019-11-13 09:00:00,,,,,,,2.97,126.91,995.28,16.58,74.26
232,2019-11-13 10:00:00,,57.56,,,,,3.75,132.0,994.58,17.69,68.57
233,2019-11-13 11:00:00,,,,,0.26,,3.67,138.2,994.04,19.45,57.96
234,2019-11-13 12:00:00,,76.47,,,0.22,,3.77,133.94,993.71,20.26,52.56
235,2019-11-13 13:00:00,2.76,72.35,,,0.23,,3.19,132.41,993.87,20.86,52.22
236,2019-11-13 14:00:00,8.35,61.56,,,0.26,,1.32,122.48,994.38,20.13,57.03
237,2019-11-13 15:00:00,8.26,53.08,,,0.28,,0.81,98.08,995.1,19.55,58.28
238,2019-11-13 16:00:00,7.86,41.6,,,0.29,,1.3,97.65,995.66,17.83,66.33
239,2019-11-13 17:00:00,7.6,39.84,,,0.3,,1.28,109.25,996.78,17.2,68.82
240,2019-11-13 18:00:00,8.1,57.39,,,0.26,,2.39,128.83,997.44,18.03,62.21
241,2019-11-13 19:00:00,7.6,67.97,,,0.22,,2.48,132.6,998.21,18.62,54.13
242,2019-11-13 20:00:00,10.41,63.18,,,0.24,,2.37,140.65,999.15,17.56,59.54
243,2019-11-13 21:00:00,12.27,63.53,,,0.23,,2.39,143.95,999.88,17.62,59.0
244,2019-11-13 22:00:00,11.77,63.59,,,0.23,,2.49,147.74,1000.36,17.08,62.27
245,2019-11-13 23:00:00,9.49,61.35,,,0.23,,1.44,147.77,1001.11,17.02,63.71
246,2019-11-14 00:00:00,8.94,50.98,,,0.25,,0.79,327.15,1002.06,17.5,60.5
247,2019-11-14 01:00:00,6.59,34.33,,,0.27,,0.82,302.35,1003.25,15.26,72.11
248,2019-11-14 02:00:00,5.45,20.05,,,0.28,,0.95,303.01,1004.0,12.25,79.76
249,2019-11-14 03:00:00,5.58,23.49,,,0.27,,0.67,318.36,1004.48,11.52,79.66
250,2019-11-14 04:00:00,5.26,18.18,,,0.28,,0.52,339.67,1004.76,11.09,79.53
251,2019-11-14 05:00:00,5.14,22.4,,,0.25,,0.29,328.69,1005.05,10.85,78.58
252,2019-11-14 06:00:00,5.1,17.53,,,0.29,,0.39,309.77,1005.38,10.83,75.87
253,2019-11-14 07:00:00,5.3,9.88,,,0.38,,0.63,343.48,1005.95,10.5,77.09
254,2019-11-14 08:00:00,5.11,8.76,,,0.37,,1.09,300.64,1006.3,9.94,79.47
255,2019-11-14 09:00:00,4.82,11.09,,,0.34,,0.24,238.38,1006.48,9.63,80.56
256,2019-11-14 10:00:00,5.34,7.89,,,0.4,,0.26,211.78,1006.4,10.01,81.53
257,2019-11-14 11:00:00,5.97,9.5,,,0.37,,0.47,356.4,1006.15,10.73,81.97
258,2019-11-14 12:00:00,6.18,11.73,,,0.37,,0.12,327.99,1005.95,11.28,81.17
259,2019-11-14 13:00:00,6.66,9.24,,,0.35,,0.49,4.05,1005.77,11.88,79.7
260,2019-11-14 14:00:00,6.04,6.39,,,0.38,,0.18,218.69,1005.8,11.81,79.58
261,2019-11-14 15:00:00,6.0,5.05,,,0.41,,0.66,6.74,1005.72,12.0,79.74
262,2019-11-14 16:00:00,5.83,1.41,,,0.46,,0.4,114.12,1005.71,11.57,81.94
263,2019-11-14 17:00:00,5.6,1.58,,,0.48,,0.4,331.39,1006.09,11.43,85.4
264,2019-11-14 18:00:00,4.77,3.23,,,0.42,,0.62,15.15,1006.24,11.47,85.44
265,2019-11-14 19:00:00,5.01,2.14,,,0.47,,0.39,173.72,1006.61,11.49,84.77
266,2019-11-14 20:00:00,4.58,4.56,,,0.39,,0.67,166.3,1006.79,11.16,85.77
267,2019-11-14 21:00:00,4.68,3.71,,,0.39,,0.69,132.14,1006.72,11.15,86.79
268,2019-11-14 22:00:00,4.74,2.13,,,0.49,,0.54,115.49,1006.77,11.29,87.39
269,2019-11-14 23:00:00,5.03,1.53,,,0.49,,0.26,78.56,1006.78,11.57,87.08
270,2019-11-15 00:00:00,4.83,1.58,,,0.49,,0.16,51.81,1006.89,11.74,86.08
271,2019-11-15 01:00:00,4.46,1.82,,,0.48,,0.4,112.0,1007.1,11.75,85.89
272,2019-11-15 02:00:00,4.57,1.25,,,0.49,,0.35,73.94,1006.84,11.86,86.65
273,2019-11-15 03:00:00,4.99,2.89,,,0.4,,0.34,73.0,1006.56,11.97,87.28
274,2019-11-15 04:00:00,5.95,6.91,,,0.32,,0.34,112.37,1006.91,11.92,87.5
275,2019-11-15 05:00:00,6.04,8.7,,,0.31,,0.39,113.98,1006.99,11.8,87.83
276,2019-11-15 06:00:00,8.79,4.08,,,0.36,,0.36,71.96,1007.25,11.88,87.45
277,2019-11-15 07:00:00,12.02,3.79,,,0.38,,0.32,78.24,1007.63,12.0,86.64
278,2019-11-15 08:00:00,21.31,8.84,,,0.37,,0.32,73.2,1007.92,12.72,84.23
279,2019-11-15 09:00:00,73.67,18.06,,,0.41,,0.29,50.67,1008.28,14.71,78.32
280,2019-11-15 10:00:00,58.31,27.85,15.14,30.71,0.33,10.26,0.62,87.6,1008.1,16.02,71.69
281,2019-11-15 11:00:00,50.31,29.89,16.3,28.11,0.33,7.66,0.42,90.43,1007.46,16.58,68.9
282,2019-11-15 12:00:00,61.02,26.79,23.95,38.95,0.35,9.76,0.71,79.33,1006.99,16.56,68.8
283,2019-11-15 13:00:00,40.45,34.39,22.72,33.4,0.34,7.03,1.22,128.06,1006.65,16.96,66.6
284,2019-11-15 14:00:00,34.27,40.63,20.08,27.04,0.32,4.59,1.23,137.08,1006.28,17.14,65.21
285,2019-11-15 15:00:00,34.83,49.56,16.51,21.9,0.28,3.52,1.61,139.19,1006.36,17.11,60.22
286,2019-11-15 16:00:00,23.05,44.08,21.3,26.73,0.32,3.55,1.69,126.18,1006.37,17.07,60.46
287,2019-11-15 17:00:00,16.99,42.27,23.3,28.13,0.31,3.1,2.53,135.73,1006.39,17.11,59.19
288,2019-11-15 18:00:00,15.36,36.45,21.39,27.49,0.37,4.0,1.14,115.59,1006.46,16.34,63.36
289,2019-11-15 19:00:00,12.46,34.43,12.48,17.33,0.34,3.2,1.54,125.26,1006.6,15.29,69.8
290,2019-11-15 20:00:00,11.35,35.09,9.68,14.66,0.34,3.22,2.08,142.44,1006.84,14.85,73.22
291,2019-11-15 21:00:00,12.71,40.37,10.18,14.57,0.32,2.86,2.86,135.36,1007.23,15.32,70.79
292,2019-11-15 22:00:00,14.43,49.57,7.62,11.7,0.27,2.67,2.36,141.71,1007.8,16.12,65.33
293,2019-11-15 23:00:00,13.88,51.87,6.41,10.77,0.24,2.86,2.49,135.04,1007.92,16.22,64.12
294,2019-11-16 00:00:00,13.88,53.62,5.43,9.14,0.24,2.43,1.96,128.93,1007.67,16.36,62.43
295,2019-11-16 01:00:00,11.78,48.26,6.62,10.45,0.25,2.52,2.05,123.12,1007.72,15.68,65.54
296,2019-11-16 02:00:00,10.01,44.06,7.15,11.14,0.24,2.61,0.9,99.14,1008.1,15.17,67.51
297,2019-11-16 03:00:00,11.42,55.52,4.41,8.04,0.22,2.37,1.81,131.2,1008.06,16.42,63.12
298,2019-11-16 04:00:00,13.63,59.15,4.49,8.07,0.21,2.34,2.71,132.88,1008.13,17.16,58.34
299,2019-11-16 05:00:00,10.94,55.47,4.14,7.62,0.21,2.26,3.06,132.6,1008.59,16.39,61.78
300,2019-11-16 06:00:00,9.42,50.37,4.97,8.4,0.22,2.23,2.8,136.56,1009.2,15.68,65.18
301,2019-11-16 07:00:00,9.31,50.55,6.18,10.38,0.24,2.72,2.29,132.75,1009.82,15.82,65.07
302,2019-11-16 08:00:00,10.28,46.88,9.65,14.41,0.24,3.1,1.18,105.96,1010.41,16.06,63.35
303,2019-11-16 09:00:00,9.52,37.82,15.88,22.35,,4.22,1.04,86.18,1010.69,15.76,65.24
304,2019-11-16 10:00:00,26.1,55.53,10.82,15.57,0.22,3.13,2.69,132.63,1010.71,17.3,59.52
305,2019-11-16 11:00:00,29.34,54.79,12.0,17.29,0.24,3.44,2.14,126.89,1010.52,17.81,56.42
306,2019-11-16 12:00:00,,,21.52,30.18,0.32,5.58,0.83,87.34,1010.31,16.72,62.63
307,2019-11-16 13:00:00,11.6,38.22,22.47,29.95,0.31,4.9,0.51,112.31,1010.33,17.21,62.24
308,2019-11-16 14:00:00,12.71,51.48,15.38,20.16,0.28,3.12,1.29,134.46,1010.2,18.06,56.88
309,2019-11-16 15:00:00,11.78,57.64,10.8,15.2,0.27,2.88,1.85,130.2,1010.06,18.2,56.19
310,2019-11-16 16:00:00,10.62,57.83,10.96,14.78,0.26,2.52,1.81,131.62,1010.0,18.28,56.04
311,2019-11-16 17:00:00,8.88,58.57,8.33,12.01,0.26,2.38,2.68,134.48,1010.29,18.06,57.47
312,2019-11-16 18:00:00,8.14,46.62,14.92,19.32,0.3,2.85,1.4,135.52,1010.29,17.27,60.3
313,2019-11-16 19:00:00,7.41,41.56,15.84,20.79,0.33,3.18,0.76,110.79,1010.29,16.6,62.35
314,2019-11-16 20:00:00,6.35,21.05,24.11,34.95,0.41,7.05,0.47,349.81,1010.46,15.19,68.09
315,2019-11-16 21:00:00,6.84,29.01,19.12,25.88,0.37,4.46,0.33,348.2,1010.2,15.54,67.64
316,2019-11-16 22:00:00,12.25,51.04,9.19,13.54,0.28,2.87,1.67,125.31,1010.04,17.06,61.55
317,2019-11-16 23:00:00,9.49,50.48,8.1,13.06,0.27,3.26,0.93,114.94,1010.27,16.98,59.5
318,2019-11-17 00:00:00,7.66,48.15,7.58,11.59,0.27,2.63,0.95,119.86,1010.13,16.22,62.05
319,2019-11-17 01:00:00,7.2,50.14,5.63,9.48,0.26,2.51,2.12,129.09,1010.01,15.81,64.27
320,2019-11-17 02:00:00,7.69,52.19,4.24,7.54,0.24,2.17,3.17,133.41,1009.91,15.75,64.72
321,2019-11-17 03:00:00,7.14,48.23,4.21,7.64,0.26,2.23,3.44,132.18,1009.55,14.84,67.46
322,2019-11-17 04:00:00,6.48,44.51,4.29,8.21,0.28,2.54,3.72,134.88,1009.36,13.97,71.11
323,2019-11-17 05:00:00,6.68,45.13,4.09,7.76,0.25,2.41,3.61,131.8,1009.38,13.97,71.48
324,2019-11-17 06:00:00,6.48,45.81,3.91,7.43,0.23,2.29,3.14,130.23,1009.55,14.21,69.82
325,2019-11-17 07:00:00,6.66,42.39,5.19,9.17,0.24,2.59,1.29,115.75,1009.7,14.06,69.23
326,2019-11-17 08:00:00,7.08,41.65,6.31,10.76,0.26,2.9,0.99,94.98,1009.86,14.14,69.06
327,2019-11-17 09:00:00,8.19,43.35,5.78,10.61,0.27,3.17,1.36,136.61,1009.66,14.41,68.99
328,2019-11-17 10:00:00,9.11,48.29,4.97,10.19,0.26,3.4,3.18,136.26,1009.52,15.83,65.61
329,2019-11-17 11:00:00,8.23,51.1,5.81,10.41,0.26,3.0,3.41,133.75,1008.85,16.35,62.89
330,2019-11-17 12:00:00,7.89,54.28,6.19,11.33,0.26,3.34,2.95,134.71,1008.64,17.5,60.13
331,2019-11-17 13:00:00,7.35,52.52,8.93,14.4,0.3,3.52,1.2,110.07,1008.21,17.7,58.4
332,2019-11-17 14:00:00,7.48,48.3,9.67,14.71,0.31,3.27,1.09,79.02,1007.98,16.31,61.59
333,2019-11-17 15:00:00,6.38,44.18,9.64,14.55,0.3,3.2,1.51,104.43,1007.62,15.67,62.51
334,2019-11-17 16:00:00,6.18,46.32,8.0,12.13,0.28,2.72,1.81,123.83,1007.18,14.72,65.16
335,2019-11-17 17:00:00,5.59,48.72,5.5,9.57,0.27,2.65,3.09,134.54,1006.95,14.08,69.78
336,2019-11-17 18:00:00,5.56,48.86,5.93,10.69,0.3,3.1,3.04,130.87,1006.73,13.93,71.68
337,2019-11-17 19:00:00,6.04,53.14,5.41,9.79,0.28,2.85,4.39,132.55,1006.41,14.28,71.04
338,2019-11-17 20:00:00,6.11,53.94,4.95,8.79,0.24,2.5,3.65,134.85,1006.29,14.56,70.71
339,2019-11-17 21:00:00,6.57,54.65,5.71,9.63,0.25,2.55,4.6,134.14,1006.12,14.93,69.22
340,2019-11-17 22:00:00,6.86,55.46,5.01,8.75,0.25,2.44,4.6,134.12,1005.75,15.1,68.5
341,2019-11-17 23:00:00,6.61,55.74,4.48,8.14,0.25,2.37,3.76,137.59,1005.65,15.18,68.82
342,2019-11-18 00:00:00,6.58,54.22,4.04,7.43,0.23,2.22,3.24,133.49,1005.71,15.05,69.0
343,2019-11-18 01:00:00,6.09,49.66,4.39,8.05,0.24,2.37,1.98,135.21,1005.51,14.72,70.69
344,2019-11-18 02:00:00,5.68,48.68,3.67,7.48,0.25,2.5,1.51,126.12,1004.98,14.66,71.36
345,2019-11-18 03:00:00,6.07,50.93,2.74,6.37,0.23,2.36,1.74,125.32,1004.63,14.83,70.41
346,2019-11-18 04:00:00,6.32,48.74,3.42,7.07,0.23,2.38,1.78,128.32,1004.54,14.64,70.56
347,2019-11-18 05:00:00,5.81,46.87,3.77,7.52,0.24,2.44,2.09,125.5,1004.83,14.63,71.85
348,2019-11-18 06:00:00,5.23,38.46,6.86,11.32,0.27,2.89,1.43,113.1,1005.52,14.41,73.53
349,2019-11-18 07:00:00,5.46,36.91,9.91,16.34,0.29,4.17,1.39,118.99,1005.99,14.52,74.36
350,2019-11-18 08:00:00,7.3,48.48,8.43,12.44,0.25,8.94,1.83,135.92,1007.09,15.83,69.34
351,2019-11-18 09:00:00,15.58,49.71,8.24,13.78,0.25,3.59,2.43,131.64,1008.03,16.76,66.06
352,2019-11-18 10:00:00,15.23,53.83,7.42,12.84,0.24,3.51,1.61,148.1,1009.1,17.56,62.32
353,2019-11-18 11:00:00,4.9,70.3,13.06,20.83,0.22,5.06,0.72,332.82,1010.11,18.13,48.08
354,2019-11-18 12:00:00,3.62,73.25,13.68,20.9,0.23,4.72,0.77,327.42,1010.81,18.35,42.34
355,2019-11-18 13:00:00,3.51,73.8,15.33,22.98,0.23,4.97,0.46,321.98,1011.07,19.22,37.2
356,2019-11-18 14:00:00,3.03,62.42,25.71,35.24,0.26,6.18,0.57,324.34,1011.37,18.28,37.17
357,2019-11-18 15:00:00,3.57,53.33,31.35,39.26,0.29,5.09,0.59,352.49,1011.96,17.58,41.28
358,2019-11-18 16:00:00,3.97,16.21,61.46,75.43,0.4,9.05,0.35,110.39,1012.62,15.88,47.02
359,2019-11-18 17:00:00,4.34,14.91,52.46,61.21,0.38,5.78,0.86,141.35,1013.12,12.88,58.1
360,2019-11-18 18:00:00,4.28,12.31,52.16,63.11,0.41,7.08,0.59,132.44,1013.69,12.07,61.1
361,2019-11-18 19:00:00,4.06,23.56,44.62,53.81,0.45,6.08,0.4,103.34,1014.15,13.08,58.8
362,2019-11-18 20:00:00,3.96,33.4,41.46,52.41,0.35,7.54,0.18,21.41,1014.62,13.64,55.1
363,2019-11-18 21:00:00,4.37,45.85,30.41,40.4,0.33,10.52,0.3,19.99,1014.87,13.75,54.61
364,2019-11-18 22:00:00,4.33,46.17,17.56,22.68,0.32,3.37,0.74,73.42,1014.95,13.54,59.52
365,2019-11-18 23:00:00,5.45,38.38,8.5,13.73,0.27,3.47,0.79,96.11,1014.97,13.55,72.02
366,2019-11-19 00:00:00,4.63,35.03,5.07,9.46,0.27,2.89,0.77,93.58,1015.11,12.77,77.05
367,2019-11-19 01:00:00,4.16,31.7,4.78,9.38,0.27,3.01,0.62,79.46,1015.16,12.32,79.9
368,2019-11-19 02:00:00,2.19,25.98,6.08,10.75,0.3,3.03,0.39,323.76,1015.22,11.83,81.2
369,2019-11-19 03:00:00,0.66,22.18,6.36,11.45,0.34,3.33,0.49,34.77,1015.06,11.39,81.88
370,2019-11-19 04:00:00,0.5,20.15,7.45,13.48,0.34,3.9,0.43,329.02,1015.0,11.01,82.07
371,2019-11-19 05:00:00,0.5,10.41,23.41,37.84,0.35,9.42,0.41,338.92,1015.22,11.16,81.04
372,2019-11-19 06:00:00,0.58,23.41,15.14,22.34,0.31,4.61,0.29,59.68,1015.51,11.79,78.44
373,2019-11-19 07:00:00,1.26,22.25,22.16,36.01,0.36,8.89,0.61,80.18,1015.76,12.16,76.76
374,2019-11-19 08:00:00,5.11,36.21,17.12,26.6,0.3,6.22,0.89,106.56,1015.97,14.02,70.82
375,2019-11-19 09:00:00,6.03,40.2,17.02,26.29,0.3,6.06,1.0,73.18,1015.83,14.96,66.67
376,2019-11-19 10:00:00,11.82,44.82,,,,,0.88,73.16,1015.48,16.82,61.32
377,2019-11-19 11:00:00,26.72,48.55,17.37,27.46,0.3,6.56,0.96,111.59,1014.8,18.03,57.31
378,2019-11-19 12:00:00,9.0,59.11,9.5,15.63,0.28,3.99,1.11,113.57,1014.33,18.65,55.44
379,2019-11-19 13:00:00,,,13.96,20.53,0.29,4.22,0.79,84.31,1013.78,18.85,53.83
380,2019-11-19 14:00:00,5.23,52.6,18.77,28.29,0.32,6.37,0.65,74.09,1013.61,17.95,56.3
381,2019-11-19 15:00:00,5.38,39.72,28.21,38.88,0.39,6.49,0.46,82.15,1013.55,17.26,58.23
382,2019-11-19 16:00:00,4.75,11.44,57.67,84.69,0.57,17.89,0.3,2.6,1013.39,16.6,61.46
383,2019-11-19 17:00:00,4.35,23.83,40.91,55.13,0.54,9.45,0.67,62.75,1013.4,15.89,63.8
384,2019-11-19 18:00:00,3.44,35.97,17.5,22.55,0.37,3.62,0.89,90.94,1013.27,14.98,67.14
385,2019-11-19 19:00:00,2.9,41.38,10.93,15.84,0.32,3.2,1.19,108.04,1013.25,14.29,69.8
386,2019-11-19 20:00:00,2.54,45.38,8.83,13.22,0.3,2.87,1.12,84.59,1013.07,14.18,69.86
387,2019-11-19 21:00:00,2.46,47.02,7.57,11.68,0.3,2.69,1.1,105.38,1012.87,14.11,70.18
388,2019-11-19 22:00:00,2.44,48.5,7.36,16.4,0.25,6.24,1.1,116.72,1012.5,13.73,71.64
389,2019-11-19 23:00:00,1.59,49.29,5.56,11.56,0.25,3.42,0.99,108.19,1012.03,13.39,73.92
390,2019-11-20 00:00:00,1.33,49.01,3.12,6.89,0.24,2.46,1.43,110.91,1011.56,13.08,75.32
391,2019-11-20 01:00:00,2.11,49.39,2.44,6.06,0.23,2.38,1.45,111.82,1011.26,13.04,75.21
392,2019-11-20 02:00:00,1.95,49.27,2.26,5.8,0.24,2.29,1.57,113.18,1010.45,13.04,75.4
393,2019-11-20 03:00:00,1.75,46.79,2.11,5.73,0.24,2.35,1.53,117.19,1009.8,13.11,76.74
394,2019-11-20 04:00:00,1.82,46.7,2.36,5.99,0.23,2.36,1.81,103.22,1008.96,13.22,77.31
395,2019-11-20 05:00:00,2.01,43.53,3.95,7.7,0.25,2.44,1.88,102.45,1008.54,13.61,77.37
396,2019-11-20 06:00:00,1.87,47.05,5.07,9.09,0.26,2.61,2.31,117.83,1008.33,14.04,75.85
397,2019-11-20 07:00:00,2.75,46.24,7.6,12.48,0.27,3.16,2.33,111.27,1008.16,14.17,74.57
398,2019-11-20 08:00:00,2.19,38.81,8.94,14.38,0.27,3.55,2.14,100.4,1008.06,14.03,75.85
399,2019-11-20 09:00:00,1.89,39.81,9.29,14.75,0.27,3.55,1.7,105.12,1007.87,14.0,77.65
400,2019-11-20 10:00:00,1.22,32.71,8.23,13.95,0.27,3.71,1.61,110.09,1007.78,13.64,80.66
401,2019-11-20 11:00:00,1.49,27.67,8.24,14.42,0.31,4.06,1.56,114.88,1007.28,13.5,84.13
402,2019-11-20 12:00:00,1.72,31.3,7.48,13.49,0.28,3.91,1.72,112.9,1006.88,13.83,84.21
403,2019-11-20 13:00:00,4.3,44.85,6.79,12.34,0.29,3.63,2.18,126.57,1006.58,15.18,80.28
404,2019-11-20 14:00:00,3.84,47.49,8.73,13.89,0.31,3.33,2.44,132.67,1006.0,15.43,75.81
405,2019-11-20 15:00:00,3.77,44.15,15.62,22.47,0.34,4.37,0.53,83.44,1006.03,15.84,71.37
406,2019-11-20 16:00:00,3.28,34.48,24.82,34.58,0.36,6.44,0.24,271.3,1006.26,15.8,69.76
407,2019-11-20 17:00:00,2.96,47.3,13.45,17.96,0.31,2.96,2.4,138.08,1006.21,15.03,71.49
408,2019-11-20 18:00:00,2.98,48.1,10.17,14.74,0.3,2.97,2.37,141.1,1006.45,14.98,71.28
409,2019-11-20 19:00:00,2.54,42.96,10.17,14.97,0.32,3.13,1.96,136.18,1006.7,14.72,72.34
410,2019-11-20 20:00:00,3.8,50.32,9.72,13.79,0.31,2.66,2.1,129.03,1006.75,15.08,70.97
411,2019-11-20 21:00:00,5.54,63.37,5.9,9.48,0.27,2.35,2.33,137.05,1006.85,15.61,63.66
412,2019-11-20 22:00:00,5.3,68.61,4.48,7.81,0.26,2.17,1.97,124.52,1007.17,15.67,58.13
413,2019-11-20 23:00:00,4.56,65.39,4.87,8.67,0.26,2.48,1.63,130.47,1007.62,15.09,57.36
414,2019-11-21 00:00:00,3.99,67.48,4.28,7.85,0.24,2.29,1.54,150.63,1007.83,14.62,56.71
415,2019-11-21 01:00:00,3.78,70.66,3.69,7.03,0.23,2.22,1.61,150.28,1008.09,14.3,55.39
416,2019-11-21 02:00:00,4.19,70.72,2.78,6.2,0.23,2.23,1.34,145.74,1008.1,13.76,55.31
417,2019-11-21 03:00:00,4.72,71.13,2.61,6.14,0.2,2.3,1.38,153.83,1008.03,13.5,54.73
418,2019-11-21 04:00:00,4.19,72.28,2.88,6.19,0.21,2.15,1.79,151.13,1008.15,13.4,55.66
419,2019-11-21 05:00:00,3.71,72.19,4.61,8.15,0.22,2.29,1.56,145.25,1008.46,13.73,54.39
420,2019-11-21 06:00:00,3.83,67.93,7.75,11.39,0.22,2.35,1.52,159.38,1008.74,13.73,54.3
421,2019-11-21 07:00:00,3.95,65.82,11.38,15.7,0.24,2.81,1.37,142.78,1009.38,14.06,54.16
422,2019-11-21 08:00:00,3.78,50.23,26.97,38.82,0.3,7.61,0.73,83.13,1009.82,15.47,50.95
423,2019-11-21 09:00:00,5.24,72.72,7.81,12.51,0.21,3.62,1.37,132.46,1010.17,16.45,48.96
424,2019-11-21 10:00:00,5.98,74.58,7.62,12.62,0.2,3.29,0.84,139.48,1010.0,17.62,46.1
425,2019-11-21 11:00:00,5.09,63.97,16.56,24.48,0.26,5.09,0.54,103.97,1009.51,18.98,44.94
426,2019-11-21 12:00:00,8.22,64.79,9.9,15.66,0.25,3.78,1.19,136.4,1009.24,18.6,51.07
427,2019-11-21 13:00:00,12.44,65.02,12.11,18.2,0.27,3.94,1.2,109.39,1008.83,18.61,51.74
428,2019-11-21 14:00:00,5.36,58.95,13.77,18.67,0.27,3.18,1.22,115.64,1008.57,17.92,55.92
429,2019-11-21 15:00:00,4.03,47.56,13.93,19.63,0.28,3.09,1.45,113.43,1008.55,17.1,60.97
430,2019-11-21 16:00:00,3.22,34.42,13.2,18.5,0.29,3.33,1.2,128.67,1008.73,15.84,65.34
431,2019-11-21 17:00:00,2.59,33.44,8.28,12.55,0.28,2.77,2.11,133.78,1008.94,14.55,69.59
432,2019-11-21 18:00:00,1.92,31.13,8.23,12.97,0.28,3.08,1.53,134.91,1009.0,13.55,73.64
433,2019-11-21 19:00:00,1.86,27.61,8.62,13.74,0.27,3.33,1.49,126.7,1009.08,12.98,74.58
434,2019-11-21 20:00:00,1.49,26.92,7.63,12.47,0.28,3.15,1.15,122.07,1009.2,12.61,74.72
435,2019-11-21 21:00:00,1.48,25.24,8.53,13.26,0.3,3.08,1.09,122.75,1009.37,12.39,74.97
436,2019-11-21 22:00:00,1.62,23.89,9.58,14.29,0.36,3.07,1.22,128.4,1009.3,12.26,74.85
437,2019-11-21 23:00:00,1.55,24.24,8.74,13.36,0.32,3.01,0.99,105.33,1009.4,11.93,75.45
438,2019-11-22 00:00:00,1.01,25.27,7.39,11.45,0.32,2.64,0.97,127.46,1009.57,11.79,74.64
439,2019-11-22 01:00:00,0.89,26.14,6.91,10.83,0.34,2.57,0.99,91.24,1009.83,11.71,73.77
440,2019-11-22 02:00:00,1.33,26.59,5.67,9.53,0.34,2.51,0.91,85.19,1009.92,11.19,73.56
441,2019-11-22 03:00:00,1.08,27.2,5.08,8.73,0.3,2.39,0.89,99.99,1010.04,10.84,72.85
442,2019-11-22 04:00:00,0.98,28.82,4.27,8.07,0.27,2.49,0.91,108.45,1010.14,10.59,71.72
443,2019-11-22 05:00:00,1.19,30.81,4.79,8.31,0.27,2.31,1.01,86.53,1010.32,10.15,71.03
444,2019-11-22 06:00:00,0.79,28.02,7.52,12.09,0.37,2.93,0.92,86.26,1010.5,9.77,70.85
445,2019-11-22 07:00:00,0.78,24.56,11.79,20.38,0.35,5.65,1.07,85.0,1011.13,9.53,71.0
446,2019-11-22 08:00:00,1.13,26.14,12.68,21.55,0.3,5.8,0.86,113.47,1011.69,9.82,69.53
447,2019-11-22 09:00:00,2.18,29.8,12.13,22.53,0.26,6.78,1.07,64.15,1012.26,10.88,65.59
448,2019-11-22 10:00:00,2.16,34.66,9.33,18.07,0.24,6.03,1.1,101.79,1012.5,11.94,60.81
449,2019-11-22 11:00:00,1.74,39.28,,,,,2.03,137.02,1012.19,12.32,59.35
450,2019-11-22 12:00:00,2.2,41.76,5.89,11.77,0.22,3.84,2.14,122.81,1011.83,12.77,57.56
451,2019-11-22 13:00:00,2.1,37.98,9.22,16.37,0.25,4.65,2.48,129.28,1011.34,13.01,56.73
452,2019-11-22 14:00:00,,,11.55,20.37,0.26,5.76,1.29,110.56,1011.18,12.29,56.8
453,2019-11-22 15:00:00,1.34,32.02,13.33,21.21,0.28,5.14,1.06,88.38,1011.36,10.73,58.94
454,2019-11-22 16:00:00,1.37,27.46,14.4,20.5,0.31,3.95,0.7,82.73,1011.44,9.44,62.14
455,2019-11-22 17:00:00,1.54,23.46,16.67,24.97,0.32,5.4,0.95,73.48,1011.66,8.62,64.05
456,2019-11-22 18:00:00,1.4,23.11,16.65,24.64,0.33,5.27,1.0,71.34,1011.89,8.06,64.89
457,2019-11-22 19:00:00,1.05,23.77,14.31,21.41,0.34,4.65,1.42,78.04,1012.11,7.34,66.42
458,2019-11-22 20:00:00,1.41,25.91,14.17,20.69,0.31,4.27,1.16,79.56,1012.42,7.25,66.95
459,2019-11-22 21:00:00,1.54,25.27,13.98,19.71,0.3,3.74,1.26,69.5,1012.52,7.25,66.22
460,2019-11-22 22:00:00,1.44,25.67,13.27,18.78,0.28,3.61,0.87,69.63,1012.4,6.86,66.16
461,2019-11-22 23:00:00,1.54,26.07,11.14,15.97,0.28,3.17,1.18,71.94,1012.46,6.59,66.21
462,2019-11-23 00:00:00,1.6,28.24,8.56,12.92,0.26,2.86,1.14,81.77,1012.25,6.67,65.48
463,2019-11-23 01:00:00,1.4,30.4,6.41,10.53,0.25,2.69,1.41,86.28,1012.11,6.83,64.45
464,2019-11-23 02:00:00,1.67,31.03,5.03,8.59,0.25,2.32,1.84,115.63,1011.89,6.62,64.98
465,2019-11-23 03:00:00,1.57,29.87,4.94,8.76,0.24,2.5,1.3,90.72,1011.65,6.45,65.62
466,2019-11-23 04:00:00,1.32,27.98,5.14,9.25,0.24,2.68,1.29,71.97,1011.67,6.08,66.54
467,2019-11-23 05:00:00,1.3,27.23,5.57,9.44,0.24,2.52,1.43,91.53,1011.63,5.9,67.62
468,2019-11-23 06:00:00,1.55,25.64,6.7,10.95,0.23,2.76,1.45,104.32,1011.63,5.79,68.25
469,2019-11-23 07:00:00,1.68,23.34,8.55,14.47,0.25,3.85,1.45,99.57,1012.0,5.84,68.95
470,2019-11-23 08:00:00,2.84,25.47,9.28,17.86,0.27,5.6,1.79,96.89,1012.32,7.01,67.12
471,2019-11-23 09:00:00,4.11,26.61,10.05,21.01,0.28,7.14,1.1,85.63,1012.4,8.79,63.55
472,2019-11-23 10:00:00,5.77,30.77,9.58,20.22,0.31,6.98,1.06,101.08,1011.88,10.68,59.36
473,2019-11-23 11:00:00,4.36,34.83,7.84,15.74,0.27,5.18,1.73,124.86,1011.35,11.27,58.12
474,2019-11-23 12:00:00,4.71,37.76,8.58,16.29,0.29,5.02,1.33,115.46,1010.73,12.25,55.92
475,2019-11-23 13:00:00,5.49,40.26,10.13,17.98,0.28,5.09,1.51,119.89,1010.27,12.86,53.64
476,2019-11-23 14:00:00,4.12,34.33,15.62,24.27,0.31,5.62,1.09,85.44,1009.84,12.48,54.23
477,2019-11-23 15:00:00,3.28,29.04,15.24,22.16,0.33,4.56,1.37,74.7,1009.73,11.07,56.63
478,2019-11-23 16:00:00,2.41,26.28,14.09,20.17,0.32,3.96,1.34,72.84,1009.57,8.93,61.43
479,2019-11-23 17:00:00,2.01,25.73,12.21,19.43,0.31,4.64,1.24,63.92,1009.72,7.65,65.12
480,2019-11-23 18:00:00,1.98,23.52,11.36,17.23,0.33,3.84,1.17,65.3,1009.94,6.94,67.84
481,2019-11-23 19:00:00,1.87,23.65,12.62,19.73,0.35,4.79,1.01,61.6,1009.99,6.48,69.96
482,2019-11-23 20:00:00,1.96,24.06,12.59,19.0,0.38,4.33,1.31,74.65,1010.02,6.67,70.41
483,2019-11-23 21:00:00,2.25,28.13,11.18,16.26,0.32,3.33,1.38,89.35,1009.98,6.93,69.89
484,2019-11-23 22:00:00,2.17,30.3,10.86,16.41,0.31,3.63,0.76,101.55,1009.79,7.33,69.18
485,2019-11-23 23:00:00,2.22,31.55,9.54,14.05,0.29,2.94,0.97,111.04,1009.83,7.58,68.37
486,2019-11-24 00:00:00,2.4,33.35,8.25,12.63,0.28,2.87,1.14,84.85,1009.56,8.0,68.13
487,2019-11-24 01:00:00,2.49,33.62,7.81,12.02,0.28,2.73,1.0,78.02,1009.46,8.3,67.41
488,2019-11-24 02:00:00,2.46,33.19,6.56,10.65,0.27,2.67,0.91,110.56,1009.09,7.76,68.25
489,2019-11-24 03:00:00,2.26,32.74,5.53,9.43,0.26,2.54,1.33,102.19,1008.98,7.47,69.32
490,2019-11-24 04:00:00,2.28,33.11,5.01,8.85,0.26,2.49,1.13,90.7,1008.96,7.53,70.01
491,2019-11-24 05:00:00,2.39,32.97,4.92,8.8,0.26,2.52,0.98,92.79,1008.86,7.61,69.97
492,2019-11-24 06:00:00,2.48,30.28,7.31,11.46,0.26,2.69,0.89,85.66,1009.0,7.78,70.14
493,2019-11-24 07:00:00,2.82,29.18,9.14,14.39,0.27,3.41,0.94,84.26,1009.33,8.34,69.81
494,2019-11-24 08:00:00,4.24,33.27,8.72,15.11,0.28,4.15,1.08,89.88,1009.71,9.56,66.66
495,2019-11-24 09:00:00,5.82,34.75,9.0,17.23,0.29,5.48,1.26,94.75,1009.92,10.73,63.35
496,2019-11-24 10:00:00,7.85,37.27,8.76,16.57,0.3,5.08,1.4,87.55,1009.87,12.26,60.05
497,2019-11-24 11:00:00,9.4,41.67,8.25,15.21,0.28,4.55,1.66,131.47,1009.24,13.42,57.3
498,2019-11-24 12:00:00,6.22,45.54,9.25,16.23,0.3,4.53,1.66,102.96,1008.81,14.04,56.02
499,2019-11-24 13:00:00,6.22,48.78,11.01,17.1,0.31,3.97,1.37,117.79,1008.32,14.45,54.49
500,2019-11-24 14:00:00,5.7,45.57,13.29,19.04,0.34,3.73,1.14,87.95,1007.96,13.66,55.96
501,2019-11-24 15:00:00,4.81,36.35,15.01,21.93,0.39,4.53,1.02,92.23,1007.99,11.91,58.24
502,2019-11-24 16:00:00,3.43,30.16,13.45,19.5,0.41,4.08,0.94,88.83,1007.97,10.03,62.1
503,2019-11-24 17:00:00,3.11,24.73,10.9,18.13,0.38,4.96,1.04,72.33,1008.03,8.89,65.96
504,2019-11-24 18:00:00,2.76,24.73,10.04,15.52,0.35,3.6,1.36,82.74,1008.05,8.09,69.14
505,2019-11-24 19:00:00,2.29,23.65,9.19,14.64,0.34,3.55,1.4,68.26,1008.02,7.44,72.16
506,2019-11-24 20:00:00,2.2,26.9,8.46,13.34,0.31,3.18,1.49,105.53,1007.79,7.27,73.4
507,2019-11-24 21:00:00,2.47,25.86,8.24,13.15,0.35,3.18,1.4,92.59,1007.63,7.17,74.03
508,2019-11-24 22:00:00,2.61,25.55,7.77,12.13,0.34,2.84,1.43,84.75,1007.6,7.17,74.13
509,2019-11-24 23:00:00,2.57,24.06,7.06,11.25,0.33,2.71,1.18,87.82,1007.64,7.1,74.59
510,2019-11-25 00:00:00,2.37,23.16,7.05,10.79,0.31,2.47,1.23,89.13,1007.41,6.96,75.44
511,2019-11-25 01:00:00,2.56,23.73,5.44,9.14,0.3,2.42,1.4,98.77,1007.14,6.95,76.16
512,2019-11-25 02:00:00,2.69,26.26,4.06,7.76,0.3,2.42,1.64,98.77,1006.84,7.02,76.55
513,2019-11-25 03:00:00,2.76,24.89,4.27,7.95,0.29,2.41,1.38,85.82,1006.84,6.96,76.96
514,2019-11-25 04:00:00,2.79,23.01,4.66,8.42,0.29,2.47,1.48,104.39,1006.92,6.97,77.48
515,2019-11-25 05:00:00,2.9,22.14,5.53,9.55,0.32,2.62,1.52,94.77,1006.74,7.09,77.27
516,2019-11-25 06:00:00,2.44,19.67,7.64,12.41,0.33,3.07,1.59,104.69,1006.85,7.24,77.42
517,2019-11-25 07:00:00,3.13,18.84,10.91,20.11,0.35,5.97,1.3,96.92,1007.19,8.06,76.64
518,2019-11-25 08:00:00,4.55,28.52,9.11,16.59,0.36,4.91,2.49,133.81,1007.43,9.53,73.28
519,2019-11-25 09:00:00,6.59,33.54,9.76,18.12,0.34,5.46,2.34,132.23,1007.8,10.76,69.24
520,2019-11-25 10:00:00,5.71,37.38,10.46,19.09,0.31,5.66,1.5,123.25,1007.9,12.21,64.46
521,2019-11-25 11:00:00,5.1,44.15,8.43,15.23,0.29,4.45,2.06,134.69,1007.08,13.03,61.08
522,2019-11-25 12:00:00,,40.71,,,,,1.53,132.77,1006.6,14.28,57.32
523,2019-11-25 13:00:00,,48.04,8.85,9.9,0.27,0.5,1.21,119.55,1006.24,15.23,54.66
524,2019-11-25 14:00:00,,45.4,13.29,16.6,0.31,2.13,1.08,117.78,1005.85,14.91,55.29
525,2019-11-25 15:00:00,,,13.65,16.81,0.31,2.09,1.05,107.0,1005.99,14.25,58.21
526,2019-11-25 16:00:00,,35.87,11.38,15.13,0.29,2.31,1.22,128.13,1006.31,12.84,64.59
527,2019-11-25 17:00:00,,39.12,7.77,10.32,0.29,1.68,1.43,135.04,1006.37,12.1,68.91
528,2019-11-25 18:00:00,,32.48,11.52,14.54,0.33,1.97,0.89,88.93,1006.54,11.67,70.39
529,2019-11-25 19:00:00,,23.92,14.95,19.72,0.36,3.11,0.72,82.2,1006.94,10.88,73.42
530,2019-11-25 20:00:00,6.92,16.03,22.31,31.49,0.41,5.76,0.39,73.09,1007.2,10.67,74.95
531,2019-11-25 21:00:00,7.91,9.31,23.08,51.01,0.68,18.14,0.3,182.51,1007.21,9.99,75.84
532,2019-11-25 22:00:00,7.33,3.29,23.69,72.35,0.94,31.89,0.28,138.99,1007.29,8.94,76.3
533,2019-11-25 23:00:00,6.41,2.52,18.47,35.14,0.79,10.95,0.68,133.9,1007.5,8.2,78.77
534,2019-11-26 00:00:00,5.54,1.83,17.28,29.57,0.71,8.03,0.44,135.1,1007.32,8.19,80.26
535,2019-11-26 01:00:00,5.54,3.83,16.45,26.69,0.58,6.71,0.13,33.05,1007.33,9.47,79.61
536,2019-11-26 02:00:00,5.62,8.72,9.97,14.49,0.44,2.97,0.14,38.43,1007.22,9.87,79.37
537,2019-11-26 03:00:00,5.45,12.77,6.8,9.25,0.42,1.6,0.4,70.92,1007.02,9.77,80.18
538,2019-11-26 04:00:00,5.18,14.5,8.35,10.9,0.39,1.69,0.4,58.51,1006.84,10.13,80.32
539,2019-11-26 05:00:00,4.69,17.74,10.01,13.6,0.34,2.31,0.34,41.69,1006.78,10.37,79.93
540,2019-11-26 06:00:00,4.87,5.99,18.39,33.65,0.42,10.16,0.46,354.04,1007.24,9.96,79.06
541,2019-11-26 07:00:00,5.41,3.6,22.62,63.31,0.59,25.69,0.15,7.18,1007.62,9.34,79.96
542,2019-11-26 08:00:00,6.58,4.38,31.22,93.58,0.52,41.06,0.51,16.7,1007.79,10.08,78.81
543,2019-11-26 09:00:00,8.02,13.47,20.31,46.87,0.47,17.74,0.37,61.92,1007.97,10.52,76.54
544,2019-11-26 10:00:00,10.59,15.3,24.54,46.87,0.47,14.55,0.24,37.86,1008.02,11.63,74.27
545,2019-11-26 11:00:00,28.01,45.94,12.74,19.99,0.28,5.06,1.22,106.16,1007.56,12.83,69.77
546,2019-11-26 12:00:00,44.04,55.27,7.12,12.08,0.24,3.23,1.4,121.72,1007.33,13.68,63.76
547,2019-11-26 13:00:00,37.49,54.31,9.28,14.54,0.27,3.43,1.12,126.6,1007.06,13.97,62.84
548,2019-11-26 14:00:00,30.78,55.23,13.72,19.52,0.31,3.76,0.92,99.08,1006.88,13.96,61.37
549,2019-11-26 15:00:00,26.14,41.77,24.34,34.67,0.39,6.18,0.36,88.29,1006.79,13.65,61.95
550,2019-11-26 16:00:00,16.1,28.47,33.14,38.51,0.4,3.5,0.59,125.2,1007.04,12.56,64.61
551,2019-11-26 17:00:00,12.47,22.95,33.6,44.57,0.44,7.13,0.27,81.72,1007.18,11.58,67.61
552,2019-11-26 18:00:00,11.49,21.67,31.95,41.54,0.47,6.39,0.4,108.57,1007.23,10.87,69.52
553,2019-11-26 19:00:00,9.66,29.47,19.06,25.89,0.38,4.42,0.54,87.77,1007.04,10.4,71.27
554,2019-11-26 20:00:00,8.95,30.96,16.58,22.68,0.41,4.01,0.6,68.38,1007.06,10.12,72.24
555,2019-11-26 21:00:00,7.56,21.26,20.15,28.52,0.44,5.46,0.38,59.49,1007.1,9.4,74.19
556,2019-11-26 22:00:00,7.06,13.58,23.04,33.83,0.55,7.24,0.3,38.85,1006.86,8.62,76.5
557,2019-11-26 23:00:00,6.04,10.1,23.85,33.58,0.54,6.36,0.25,35.49,1006.52,8.19,78.99
558,2019-11-27 00:00:00,6.02,12.76,17.8,25.73,0.47,5.25,0.52,58.38,1006.13,7.9,80.25
559,2019-11-27 01:00:00,6.02,13.74,12.55,18.3,0.43,3.77,0.27,83.13,1005.88,7.62,81.55
560,2019-11-27 02:00:00,5.74,13.97,10.02,15.62,0.41,3.65,0.49,53.53,1005.35,7.54,82.21
561,2019-11-27 03:00:00,5.53,15.11,7.82,13.14,0.38,3.45,0.39,74.57,1005.19,7.17,82.01
562,2019-11-27 04:00:00,5.13,5.2,11.02,17.74,0.41,4.36,0.29,148.45,1005.18,6.2,83.26
563,2019-11-27 05:00:00,5.43,4.1,12.78,26.1,0.44,8.69,0.2,144.64,1004.87,6.07,85.19
564,2019-11-27 06:00:00,5.67,2.14,19.96,61.91,0.71,27.42,0.05,160.72,1005.34,4.99,86.23
565,2019-11-27 07:00:00,4.69,2.29,19.9,51.68,0.65,20.7,0.44,152.84,1005.61,4.58,88.13
566,2019-11-27 08:00:00,4.5,4.85,18.98,56.18,0.65,24.3,0.43,104.5,1005.5,5.29,90.28
567,2019-11-27 09:00:00,4.21,6.71,15.5,38.44,0.55,14.97,0.69,70.89,1004.62,6.3,91.43
568,2019-11-27 10:00:00,5.14,6.43,20.83,60.92,0.62,26.02,0.25,2.92,1004.8,7.89,90.57
569,2019-11-27 11:00:00,10.06,12.35,25.26,66.34,0.64,26.83,0.63,95.97,1004.25,9.31,84.66
570,2019-11-27 12:00:00,10.29,10.67,35.16,82.85,0.67,31.15,0.26,41.12,1003.45,11.34,76.28
571,2019-11-27 13:00:00,12.69,19.96,26.0,43.83,0.57,11.64,0.3,77.99,1002.6,12.36,70.54
572,2019-11-27 14:00:00,10.44,13.86,36.89,61.91,0.6,15.52,0.31,45.37,1002.03,12.2,70.48
573,2019-11-27 15:00:00,11.86,12.76,41.71,66.08,0.61,16.19,0.47,52.75,1001.86,12.28,68.66
574,2019-11-27 16:00:00,11.92,5.05,57.96,135.43,0.85,49.85,0.66,58.7,1001.89,13.03,64.95
575,2019-11-27 17:00:00,15.17,16.29,49.26,79.39,0.71,21.01,0.23,48.64,1001.74,14.42,60.06
576,2019-11-27 18:00:00,18.84,15.11,49.63,86.57,0.62,23.6,0.46,27.46,1001.47,15.46,55.49
577,2019-11-27 19:00:00,17.34,16.33,42.9,59.26,0.57,11.6,0.08,37.94,1001.22,15.39,55.63
578,2019-11-27 20:00:00,15.86,24.56,28.21,35.95,0.48,5.09,0.62,128.36,1000.99,14.48,58.65
579,2019-11-27 21:00:00,12.12,32.57,20.53,28.01,0.45,4.67,0.96,131.06,1000.75,14.35,59.26
580,2019-11-27 22:00:00,12.15,36.14,15.87,22.35,0.43,4.21,0.69,99.68,1000.84,14.62,58.59
581,2019-11-27 23:00:00,8.9,13.01,38.2,59.07,0.49,13.19,0.55,11.19,1000.76,14.62,63.85
582,2019-11-28 00:00:00,5.6,9.12,26.19,38.05,0.53,7.95,0.18,45.81,1000.68,12.49,74.12
583,2019-11-28 01:00:00,3.99,8.51,14.59,20.99,0.56,4.19,0.16,35.95,1000.85,11.31,80.3
584,2019-11-28 02:00:00,3.1,8.16,11.46,17.65,0.53,4.03,0.4,63.89,1001.08,10.59,82.84
585,2019-11-28 03:00:00,2.74,9.27,9.0,14.21,0.48,3.43,0.42,62.98,1000.52,10.52,84.48
586,2019-11-28 04:00:00,3.65,8.5,11.18,17.39,0.44,4.04,0.46,44.18,999.99,10.81,85.92
587,2019-11-28 05:00:00,3.91,11.64,13.64,21.34,0.39,4.99,0.68,49.89,999.8,11.79,85.55
588,2019-11-28 06:00:00,4.09,18.23,13.19,21.4,0.36,5.35,0.77,93.0,999.8,12.7,82.27
589,2019-11-28 07:00:00,7.14,10.12,41.27,139.24,0.72,62.12,0.45,93.97,999.98,14.01,74.9
590,2019-11-28 08:00:00,8.42,2.96,52.38,161.81,0.84,72.46,0.5,46.66,999.89,14.06,73.59
591,2019-11-28 09:00:00,7.74,3.11,46.4,137.11,0.67,58.53,0.48,24.24,999.86,14.14,75.29
592,2019-11-28 10:00:00,8.48,5.44,51.6,136.85,0.82,54.44,0.54,30.58,999.5,15.27,72.72
593,2019-11-28 11:00:00,11.59,35.98,23.06,37.3,0.38,9.54,0.51,130.2,999.31,16.48,64.35
594,2019-11-28 12:00:00,11.74,55.99,8.34,12.44,0.26,2.72,0.8,157.85,998.74,16.89,60.74
595,2019-11-28 13:00:00,10.49,61.57,,,,,1.3,162.26,998.38,17.04,59.74
596,2019-11-28 14:00:00,10.37,56.68,6.71,10.5,0.27,2.44,1.19,169.57,998.4,16.51,63.83
597,2019-11-28 15:00:00,7.19,48.04,8.28,11.93,0.3,2.72,0.94,161.85,999.05,15.55,69.74
598,2019-11-28 16:00:00,,,6.51,11.1,0.28,3.0,1.16,138.29,998.92,14.13,79.15
599,2019-11-28 17:00:00,4.86,52.17,4.38,8.6,0.24,2.75,1.42,156.36,998.31,14.12,78.22
600,2019-11-28 18:00:00,6.21,60.16,5.44,9.7,0.25,2.79,0.73,190.86,998.24,14.29,72.86
601,2019-11-28 19:00:00,6.19,54.83,4.15,8.6,0.26,2.94,0.94,179.24,998.53,13.61,76.69
602,2019-11-28 20:00:00,5.66,52.9,5.56,9.43,0.24,2.52,0.82,158.08,998.71,13.43,77.22
603,2019-11-28 21:00:00,6.28,50.95,4.59,8.14,0.26,2.31,0.48,158.91,998.79,13.45,77.31
604,2019-11-28 22:00:00,6.73,47.27,5.24,8.88,0.27,2.36,0.32,181.55,999.18,13.44,77.39
605,2019-11-28 23:00:00,6.3,35.67,4.94,9.65,0.28,3.07,0.35,159.27,999.41,12.71,82.1
606,2019-11-29 00:00:00,5.24,30.28,4.5,8.7,0.29,2.76,0.58,132.47,999.28,12.36,85.36
607,2019-11-29 01:00:00,4.37,31.78,2.81,6.29,0.27,2.29,0.34,140.57,999.44,12.28,85.96
608,2019-11-29 02:00:00,5.19,29.48,2.09,6.08,0.27,2.54,0.36,136.12,999.7,11.98,84.96
609,2019-11-29 03:00:00,5.7,20.3,8.6,14.87,0.27,3.91,0.48,137.57,1000.0,11.58,84.54
610,2019-11-29 04:00:00,5.89,18.65,9.16,14.36,0.26,3.52,0.46,124.32,1000.47,11.29,84.47
611,2019-11-29 05:00:00,6.07,14.29,9.07,15.14,0.3,3.94,0.21,104.82,1000.86,11.53,83.51
612,2019-11-29 06:00:00,5.81,4.53,24.63,55.05,0.5,19.64,0.07,51.33,1001.03,11.68,82.63
613,2019-11-29 07:00:00,5.82,1.95,33.08,82.81,0.63,32.41,0.15,128.11,1001.5,11.93,82.75
614,2019-11-29 08:00:00,5.71,10.44,36.26,60.52,0.46,15.94,0.18,189.89,1001.9,12.34,82.32
615,2019-11-29 09:00:00,5.56,16.37,35.74,57.03,0.45,13.93,0.16,299.8,1002.13,12.94,81.08
616,2019-11-29 10:00:00,7.21,32.19,29.13,44.57,0.41,10.23,0.04,287.61,1002.5,14.12,76.18
617,2019-11-29 11:00:00,8.81,52.49,13.3,20.4,0.28,4.64,0.11,80.17,1002.44,15.24,67.39
618,2019-11-29 12:00:00,8.14,53.06,15.28,23.37,0.32,5.3,0.45,348.96,1002.69,16.45,61.77
619,2019-11-29 13:00:00,7.51,54.34,17.53,26.35,0.33,5.78,0.88,325.49,1002.53,16.89,60.43
620,2019-11-29 14:00:00,7.18,53.16,19.09,27.68,0.32,5.48,0.77,314.13,1002.6,16.2,60.68
621,2019-11-29 15:00:00,7.56,28.05,44.04,64.3,0.45,13.29,0.62,329.89,1003.06,15.9,62.26
622,2019-11-29 16:00:00,6.76,4.77,54.48,77.01,0.55,14.82,0.82,138.79,1003.58,13.57,69.03
623,2019-11-29 17:00:00,6.24,4.04,43.9,66.01,0.55,14.52,0.74,141.25,1003.6,11.55,76.36
624,2019-11-29 18:00:00,5.55,7.95,35.45,46.21,0.47,7.0,0.63,130.64,1003.6,11.11,78.46
625,2019-11-29 19:00:00,5.69,3.17,42.51,62.52,0.6,13.02,0.52,133.3,1003.76,10.96,78.96
626,2019-11-29 20:00:00,6.23,3.32,43.48,82.31,0.72,24.93,0.18,126.49,1003.92,11.07,77.42
627,2019-11-29 21:00:00,7.01,2.7,49.24,106.51,0.78,37.38,0.21,51.37,1004.02,12.43,75.18
628,2019-11-29 22:00:00,7.56,6.95,48.42,100.36,0.66,34.68,0.2,349.92,1004.19,13.7,71.48
629,2019-11-29 23:00:00,6.78,5.34,44.65,68.76,0.61,15.95,0.59,112.51,1004.17,12.3,77.99
630,2019-11-30 00:00:00,5.92,33.49,10.85,17.01,0.31,4.23,1.37,145.17,1004.15,11.35,83.64
631,2019-11-30 01:00:00,5.75,33.74,9.21,14.42,0.32,3.41,1.16,312.51,1005.49,10.88,83.84
632,2019-11-30 02:00:00,5.35,37.39,8.03,12.89,0.26,3.14,0.36,329.22,1006.25,10.15,86.12
633,2019-11-30 03:00:00,5.11,34.11,8.11,13.01,0.27,3.22,0.59,292.3,1007.3,10.01,88.01
634,2019-11-30 04:00:00,5.0,24.06,4.91,9.51,0.29,2.98,0.91,331.17,1008.55,8.36,88.9
635,2019-11-30 05:00:00,4.72,34.44,6.28,10.56,0.26,2.8,0.5,309.25,1009.84,7.37,85.79
636,2019-11-30 06:00:00,4.61,39.18,12.57,17.78,0.25,3.34,1.21,297.67,1011.07,7.26,77.72
637,2019-11-30 07:00:00,4.16,34.6,18.0,25.03,0.24,4.56,1.43,304.18,1012.68,6.99,73.55
638,2019-11-30 08:00:00,4.14,39.91,15.07,23.22,0.28,5.36,1.15,310.3,1014.03,6.92,70.98
639,2019-11-30 09:00:00,4.7,51.47,11.18,19.44,0.24,5.42,1.98,307.58,1014.98,7.45,66.69
640,2019-11-30 10:00:00,3.83,53.47,11.53,21.2,0.22,6.3,1.94,312.0,1015.64,8.03,60.65
641,2019-11-30 11:00:00,3.79,54.64,13.72,23.63,0.22,6.43,2.42,303.22,1015.57,8.24,55.46
642,2019-11-30 12:00:00,3.25,57.33,13.61,22.98,0.22,6.08,2.35,296.98,1015.76,8.69,51.93
643,2019-11-30 13:00:00,2.87,61.8,11.6,19.04,0.21,4.85,1.93,304.2,1015.83,9.04,47.16
644,2019-11-30 14:00:00,2.94,55.35,20.82,29.95,0.22,5.94,2.0,311.76,1016.05,8.7,42.57
645,2019-11-30 15:00:00,2.7,56.43,17.62,24.13,0.22,4.24,1.37,323.43,1016.69,8.06,43.01
646,2019-11-30 16:00:00,3.37,30.29,36.36,48.02,0.32,7.52,1.33,301.86,1017.27,6.82,51.54
647,2019-11-30 17:00:00,3.18,33.97,32.03,42.89,0.31,7.22,1.39,302.81,1018.0,5.74,54.36
648,2019-11-30 18:00:00,3.19,24.09,38.82,52.18,0.37,8.59,0.66,289.15,1018.55,4.93,54.1
649,2019-11-30 19:00:00,3.11,11.29,46.21,59.99,0.62,9.05,0.34,178.62,1018.97,4.1,58.67
650,2019-11-30 20:00:00,3.07,12.9,45.04,57.99,0.65,8.41,0.11,230.72,1019.35,4.05,58.88
651,2019-11-30 21:00:00,2.52,19.07,34.41,43.2,0.77,5.83,0.43,166.6,1019.83,3.48,60.11
652,2019-11-30 22:00:00,2.63,26.06,25.65,31.15,0.63,3.61,0.42,173.35,1020.27,3.02,62.43
653,2019-11-30 23:00:00,2.55,29.61,19.03,24.18,0.58,3.37,0.53,164.81,1020.67,2.67,63.38
654,2019-12-01 00:00:00,2.6,34.46,14.2,18.37,0.43,2.75,0.55,144.42,1020.7,2.62,64.33
655,2019-12-01 01:00:00,1.97,22.92,21.85,26.74,0.34,3.18,0.8,127.23,1020.92,2.0,67.07
656,2019-12-01 02:00:00,2.03,24.98,16.64,21.34,0.3,3.12,0.8,128.39,1020.97,1.5,70.93
657,2019-12-01 03:00:00,1.83,23.67,16.67,21.98,0.26,3.48,0.67,133.19,1020.94,1.15,72.37
658,2019-12-01 04:00:00,2.04,22.42,14.64,19.18,0.25,2.98,0.7,136.62,1021.12,0.86,73.6
659,2019-12-01 05:00:00,2.08,29.95,8.97,13.38,0.22,2.85,0.77,134.51,1021.39,0.53,74.87
660,2019-12-01 06:00:00,1.9,22.04,18.22,23.73,0.23,3.52,0.98,130.43,1021.39,0.27,75.2
661,2019-12-01 07:00:00,2.45,17.63,29.44,38.71,0.31,6.09,0.38,109.15,1021.68,1.07,74.1
662,2019-12-01 08:00:00,2.31,34.64,16.48,24.7,0.34,5.36,0.38,68.55,1021.89,3.2,69.87
663,2019-12-01 09:00:00,3.89,45.7,17.23,26.6,0.34,6.15,0.37,82.9,1022.28,6.2,56.5
664,2019-12-01 10:00:00,2.79,66.08,6.2,11.25,0.25,3.34,1.11,120.84,1022.05,6.59,48.32
665,2019-12-01 11:00:00,3.6,71.07,2.5,6.68,0.19,2.73,1.39,148.8,1021.62,6.57,46.12
666,2019-12-01 12:00:00,2.58,71.92,3.48,7.46,0.21,2.55,0.79,112.76,1021.11,7.86,42.1
667,2019-12-01 13:00:00,3.16,70.09,5.18,9.3,0.21,2.71,1.13,122.2,1020.6,7.76,43.21
668,2019-12-01 14:00:00,3.86,63.27,,,,,0.76,97.58,1020.01,6.93,48.89
669,2019-12-01 15:00:00,4.51,44.45,25.31,32.09,0.38,4.38,0.56,108.79,1019.95,5.95,56.47
670,2019-12-01 16:00:00,3.79,47.97,22.34,27.42,0.36,3.36,0.5,89.03,1019.42,5.26,57.99
671,2019-12-01 17:00:00,,,20.72,25.94,0.51,3.41,0.61,75.16,1019.19,4.7,60.59
672,2019-12-01 18:00:00,6.82,47.17,16.33,21.3,0.45,3.28,1.02,94.78,1018.9,4.3,61.23
673,2019-12-01 19:00:00,10.49,51.41,13.22,19.04,0.35,3.78,0.66,108.25,1018.31,4.53,58.21
674,2019-12-01 20:00:00,14.29,50.1,14.21,18.42,0.38,2.73,0.81,96.56,1018.12,4.83,55.96
675,2019-12-01 21:00:00,16.62,47.13,16.48,20.81,0.37,2.85,0.81,75.82,1017.49,5.16,53.9
676,2019-12-01 22:00:00,17.28,54.68,13.37,17.12,0.31,2.43,0.93,77.87,1016.59,5.7,49.21
677,2019-12-01 23:00:00,41.46,55.71,13.3,17.25,0.3,2.58,0.82,93.55,1015.79,6.27,47.8
678,2019-12-02 00:00:00,54.23,54.38,13.33,16.75,0.29,2.24,0.6,73.77,1014.91,6.41,48.57
679,2019-12-02 01:00:00,46.26,51.19,12.22,16.09,0.31,2.55,0.65,44.18,1014.52,6.47,50.09
680,2019-12-02 02:00:00,21.52,53.02,7.37,11.23,0.3,2.58,0.54,52.09,1014.39,6.34,50.58
681,2019-12-02 03:00:00,7.61,47.15,7.35,11.27,0.31,2.53,0.62,72.95,1013.84,5.28,62.65
682,2019-12-02 04:00:00,7.74,47.98,6.97,10.98,0.27,2.68,0.66,84.43,1013.15,4.82,68.94
683,2019-12-02 05:00:00,8.07,51.16,5.23,8.6,0.25,2.15,1.05,79.03,1012.5,4.84,63.04
684,2019-12-02 06:00:00,9.35,43.9,9.33,13.2,0.26,2.47,1.33,101.94,1011.93,5.16,59.72
685,2019-12-02 07:00:00,10.48,31.93,24.5,35.32,0.35,6.96,0.82,66.79,1011.57,5.32,58.82
686,2019-12-02 08:00:00,17.86,35.74,26.75,39.96,0.35,8.12,0.77,76.47,1010.96,6.36,54.78
687,2019-12-02 09:00:00,16.99,38.96,23.19,33.42,0.35,6.74,1.07,91.66,1010.45,7.68,51.89
688,2019-12-02 10:00:00,15.87,38.35,29.46,47.43,0.38,11.21,0.78,79.92,1009.82,9.6,47.14
689,2019-12-02 11:00:00,15.68,35.87,27.12,39.89,0.39,8.33,0.73,58.07,1008.83,10.13,48.26
690,2019-12-02 12:00:00,14.7,37.88,28.25,42.22,0.37,9.04,0.62,299.01,1009.26,11.38,46.51
691,2019-12-02 13:00:00,8.01,13.5,31.2,48.62,0.46,10.96,0.95,306.36,1011.31,7.43,67.44
692,2019-12-02 14:00:00,5.5,6.38,34.45,68.18,0.55,22.2,0.62,292.35,1012.36,5.96,79.82
693,2019-12-02 15:00:00,4.61,12.1,27.78,53.09,0.47,16.29,1.46,299.58,1013.61,5.32,83.96
694,2019-12-02 16:00:00,4.19,7.41,27.77,51.19,0.45,15.8,1.43,295.26,1014.59,4.65,86.04
695,2019-12-02 17:00:00,4.07,13.26,22.12,39.39,0.45,11.24,1.41,301.25,1015.61,3.83,87.1
696,2019-12-02 18:00:00,3.96,8.59,25.66,47.44,0.47,13.7,1.33,305.47,1016.58,3.67,87.3
697,2019-12-02 19:00:00,3.59,12.25,21.0,36.02,0.46,9.8,1.21,311.04,1017.76,3.73,87.29
698,2019-12-02 20:00:00,3.51,16.23,16.02,26.2,0.38,6.66,1.46,318.92,1018.35,3.48,87.3
699,2019-12-02 21:00:00,3.35,17.36,14.06,22.26,0.39,5.37,1.15,309.18,1018.76,3.46,87.15
700,2019-12-02 22:00:00,3.31,18.37,14.98,22.36,0.41,4.8,0.66,306.16,1019.28,3.57,86.18
701,2019-12-02 23:00:00,3.18,21.03,13.1,19.63,0.35,4.26,0.85,318.77,1019.59,3.8,84.72
702,2019-12-03 00:00:00,3.22,22.28,10.66,16.57,0.35,3.88,0.63,311.06,1019.5,4.12,82.97
703,2019-12-03 01:00:00,3.02,25.16,7.21,11.3,0.34,2.66,0.6,318.79,1019.67,4.18,81.54
704,2019-12-03 02:00:00,3.25,27.04,6.71,10.56,0.34,2.5,0.36,330.17,1019.74,4.21,79.59
705,2019-12-03 03:00:00,3.26,26.35,6.06,9.77,0.32,2.45,0.35,316.55,1019.74,4.22,78.23
706,2019-12-03 04:00:00,3.27,25.88,8.26,12.63,0.31,2.83,0.27,346.88,1019.85,4.19,77.47
707,2019-12-03 05:00:00,3.33,21.68,14.17,20.27,0.31,3.95,0.44,317.43,1020.01,4.16,76.6
708,2019-12-03 06:00:00,2.56,17.93,18.82,29.42,0.37,6.81,0.18,298.98,1020.41,3.94,76.64
709,2019-12-03 07:00:00,2.77,10.7,28.85,50.77,0.47,14.54,0.04,7.84,1021.07,3.79,76.65
710,2019-12-03 08:00:00,3.22,17.33,26.24,56.57,0.54,18.72,0.39,356.32,1021.74,4.31,75.98
711,2019-12-03 09:00:00,4.31,32.9,15.76,28.79,0.35,8.59,0.28,329.97,1022.42,5.78,70.0
712,2019-12-03 10:00:00,4.65,36.73,14.92,27.1,0.33,7.44,0.75,309.32,1022.23,6.09,66.67
713,2019-12-03 11:00:00,4.08,41.24,14.38,25.01,0.3,6.96,1.06,309.87,1021.74,6.19,64.59
714,2019-12-03 12:00:00,4.5,38.3,17.81,31.59,0.33,9.24,1.0,306.97,1021.46,6.42,64.9
715,2019-12-03 13:00:00,4.74,37.3,18.66,30.35,0.34,7.91,0.83,324.15,1021.07,6.98,64.06
716,2019-12-03 14:00:00,4.24,30.68,24.01,37.34,0.36,8.65,0.61,318.99,1020.69,6.75,65.35
717,2019-12-03 15:00:00,4.09,27.18,32.78,45.84,0.39,8.49,0.62,306.91,1020.81,6.54,65.0
718,2019-12-03 16:00:00,3.93,17.19,39.13,51.81,0.51,8.22,0.11,265.86,1021.08,6.39,65.57
