,Vreme,V [m/s],dd [°],P [mb],t [°C]
0,2019-10-12 17:00:00,0.42,115.59,1015.67,22.81
1,2019-10-12 18:00:00,0.91,131.52,1015.93,19.13
2,2019-10-12 19:00:00,0.95,131.06,1016.32,17.23
3,2019-10-12 20:00:00,0.99,137.33,1016.57,16.24
4,2019-10-12 21:00:00,0.86,136.7,1016.87,15.72
5,2019-10-12 22:00:00,0.76,142.26,1016.92,15.55
6,2019-10-12 23:00:00,0.8,142.58,1016.77,14.94
7,2019-10-13 00:00:00,0.98,137.23,1016.74,14.75
8,2019-10-13 01:00:00,0.3,123.62,1016.75,14.74
9,2019-10-13 02:00:00,0.31,124.94,1016.64,14.43
10,2019-10-13 03:00:00,0.29,131.41,1016.56,13.32
11,2019-10-13 04:00:00,0.51,139.38,1016.66,12.36
12,2019-10-13 05:00:00,0.46,125.3,1016.68,11.96
13,2019-10-13 06:00:00,0.47,116.28,1016.74,12.29
14,2019-10-13 07:00:00,0.15,112.86,1017.11,12.69
15,2019-10-13 08:00:00,0.27,92.91,1017.7,15.27
16,2019-10-13 09:00:00,0.32,54.25,1017.84,18.9
17,2019-10-13 10:00:00,0.39,39.02,1017.85,21.73
18,2019-10-13 11:00:00,0.24,358.71,1017.73,23.14
19,2019-10-13 12:00:00,0.57,115.41,1017.33,23.97
20,2019-10-13 13:00:00,0.67,156.11,1016.82,25.1
21,2019-10-13 14:00:00,0.65,150.75,1016.09,25.11
22,2019-10-13 15:00:00,0.31,112.74,1015.66,25.52
23,2019-10-13 16:00:00,0.03,117.48,1015.33,24.86
24,2019-10-13 17:00:00,0.66,129.54,1015.28,22.63
25,2019-10-13 18:00:00,0.8,127.27,1015.69,19.97
26,2019-10-13 19:00:00,0.76,125.25,1016.11,18.2
27,2019-10-13 20:00:00,1.04,131.08,1016.23,17.09
28,2019-10-13 21:00:00,0.87,138.57,1016.29,17.12
29,2019-10-13 22:00:00,0.71,132.87,1016.4,16.9
30,2019-10-13 23:00:00,0.5,125.71,1016.41,16.4
31,2019-10-14 00:00:00,0.59,128.45,1016.31,14.8
32,2019-10-14 01:00:00,0.57,129.43,1016.09,14.48
33,2019-10-14 02:00:00,0.49,117.29,1015.86,14.23
34,2019-10-14 03:00:00,0.6,124.51,1015.47,14.73
35,2019-10-14 04:00:00,0.44,127.93,1015.5,15.18
36,2019-10-14 05:00:00,0.37,130.04,1015.67,14.53
37,2019-10-14 06:00:00,0.41,120.84,1015.57,13.68
38,2019-10-14 07:00:00,0.09,128.27,1015.83,14.3
39,2019-10-14 08:00:00,0.28,126.23,1016.4,16.24
40,2019-10-14 09:00:00,0.48,115.89,1016.58,19.51
41,2019-10-14 10:00:00,0.73,116.24,1016.51,20.9
42,2019-10-14 11:00:00,0.35,25.93,1016.13,23.9
43,2019-10-14 12:00:00,0.38,99.13,1015.48,25.14
44,2019-10-14 13:00:00,0.86,93.78,1014.4,26.17
45,2019-10-14 14:00:00,0.69,75.69,1013.89,26.67
46,2019-10-14 15:00:00,0.46,71.37,1013.36,26.49
47,2019-10-14 16:00:00,0.2,23.93,1013.04,26.14
48,2019-10-14 17:00:00,0.34,121.95,1012.82,24.49
49,2019-10-14 18:00:00,0.95,145.87,1012.95,21.37
50,2019-10-14 19:00:00,0.85,137.42,1012.99,19.44
51,2019-10-14 20:00:00,0.92,133.09,1012.89,18.47
52,2019-10-14 21:00:00,0.31,118.65,1012.93,18.09
53,2019-10-14 22:00:00,0.54,133.47,1012.71,17.44
54,2019-10-14 23:00:00,0.22,121.09,1012.49,16.53
55,2019-10-15 00:00:00,0.28,125.87,1012.21,16.28
56,2019-10-15 01:00:00,0.42,123.41,1012.03,15.92
57,2019-10-15 02:00:00,0.34,114.19,1011.64,15.11
58,2019-10-15 03:00:00,0.29,114.45,1011.48,14.79
59,2019-10-15 04:00:00,0.29,128.09,1011.63,14.47
60,2019-10-15 05:00:00,0.36,118.44,1011.38,14.41
61,2019-10-15 06:00:00,0.23,114.97,1011.26,14.33
62,2019-10-15 07:00:00,0.41,179.67,1011.63,13.86
63,2019-10-15 08:00:00,0.37,161.38,1012.3,15.16
64,2019-10-15 09:00:00,0.32,306.94,1012.34,18.76
65,2019-10-15 10:00:00,0.45,312.44,1012.31,21.47
66,2019-10-15 11:00:00,0.23,322.59,1012.13,23.17
67,2019-10-15 12:00:00,0.35,142.71,1011.51,24.53
68,2019-10-15 13:00:00,0.46,149.45,1010.78,25.45
69,2019-10-15 14:00:00,0.39,44.03,1010.15,26.62
70,2019-10-15 15:00:00,0.33,89.51,1009.55,26.57
71,2019-10-15 16:00:00,0.21,93.15,1008.96,25.5
72,2019-10-15 17:00:00,0.22,129.06,1008.79,24.37
73,2019-10-15 18:00:00,0.93,134.75,1008.81,20.55
74,2019-10-15 19:00:00,0.92,135.68,1009.03,18.95
75,2019-10-15 20:00:00,0.71,137.65,1009.01,18.06
76,2019-10-15 21:00:00,0.39,119.25,1008.9,17.58
77,2019-10-15 22:00:00,0.33,1.29,1008.72,18.5
78,2019-10-15 23:00:00,0.18,147.9,1008.61,17.33
79,2019-10-16 00:00:00,0.28,168.86,1008.83,15.14
80,2019-10-16 01:00:00,0.39,139.06,1009.05,14.53
81,2019-10-16 02:00:00,0.45,117.68,1008.92,14.45
82,2019-10-16 03:00:00,0.59,121.3,1008.85,14.92
83,2019-10-16 04:00:00,0.42,123.67,1008.96,14.57
84,2019-10-16 05:00:00,0.5,115.88,1008.88,13.7
85,2019-10-16 06:00:00,0.12,54.84,1008.93,14.07
86,2019-10-16 07:00:00,0.35,126.7,1009.64,13.83
87,2019-10-16 08:00:00,0.15,84.19,1010.52,17.02
88,2019-10-16 09:00:00,0.43,98.96,1010.99,20.78
89,2019-10-16 10:00:00,0.56,40.18,1011.04,23.89
90,2019-10-16 11:00:00,0.52,41.05,1011.06,25.46
91,2019-10-16 12:00:00,0.48,59.02,1010.91,26.77
92,2019-10-16 13:00:00,0.62,96.31,1010.48,27.26
93,2019-10-16 14:00:00,0.41,132.47,1010.34,27.57
94,2019-10-16 15:00:00,0.28,152.19,1010.15,27.4
95,2019-10-16 16:00:00,0.13,354.19,1009.94,26.12
96,2019-10-16 17:00:00,0.05,246.04,1010.16,24.45
97,2019-10-16 18:00:00,0.67,124.32,1010.47,21.19
98,2019-10-16 19:00:00,0.62,134.79,1011.05,19.25
99,2019-10-16 20:00:00,0.5,162.42,1011.6,18.17
100,2019-10-16 21:00:00,0.35,157.48,1012.22,18.11
101,2019-10-16 22:00:00,0.29,165.3,1012.91,17.32
102,2019-10-16 23:00:00,0.58,156.99,1013.21,15.93
103,2019-10-17 00:00:00,0.52,123.31,1013.33,15.17
104,2019-10-17 01:00:00,0.5,124.82,1013.46,14.83
105,2019-10-17 02:00:00,0.57,129.5,1013.44,14.57
106,2019-10-17 03:00:00,0.49,148.79,1013.38,14.34
107,2019-10-17 04:00:00,0.34,160.68,1013.53,13.62
108,2019-10-17 05:00:00,0.46,150.49,1013.58,13.12
109,2019-10-17 06:00:00,0.48,129.17,1013.44,12.66
110,2019-10-17 07:00:00,0.45,168.31,1013.75,12.75
111,2019-10-17 08:00:00,0.24,198.15,1014.56,14.08
112,2019-10-17 09:00:00,0.38,184.27,1014.66,16.15
113,2019-10-17 10:00:00,0.17,80.83,1014.54,17.93
114,2019-10-17 11:00:00,0.41,150.24,1014.56,19.56
115,2019-10-17 12:00:00,0.43,104.96,1014.08,22.04
116,2019-10-17 13:00:00,0.59,105.84,1013.4,23.47
117,2019-10-17 14:00:00,0.15,65.53,1012.89,24.74
118,2019-10-17 15:00:00,0.14,221.76,1012.46,25.01
119,2019-10-17 16:00:00,0.21,130.41,1012.11,23.83
120,2019-10-17 17:00:00,0.22,122.47,1012.03,22.57
121,2019-10-17 18:00:00,0.73,139.62,1012.15,20.19
122,2019-10-17 19:00:00,0.74,131.76,1012.3,18.83
123,2019-10-17 20:00:00,0.75,130.48,1012.45,17.94
124,2019-10-17 21:00:00,0.69,136.07,1012.68,17.3
125,2019-10-17 22:00:00,0.35,145.34,1012.76,17.2
126,2019-10-17 23:00:00,0.45,130.7,1012.61,16.55
127,2019-10-18 00:00:00,0.5,122.22,1012.48,15.93
128,2019-10-18 01:00:00,0.67,117.92,1012.34,15.49
129,2019-10-18 02:00:00,0.35,120.67,1012.07,15.14
130,2019-10-18 03:00:00,0.29,128.86,1011.73,15.33
131,2019-10-18 04:00:00,0.31,144.28,1011.86,14.95
132,2019-10-18 05:00:00,0.18,118.45,1011.79,14.65
133,2019-10-18 06:00:00,0.14,169.11,1011.83,14.66
134,2019-10-18 07:00:00,0.51,148.57,1012.33,13.84
135,2019-10-18 08:00:00,0.35,138.09,1012.84,14.95
136,2019-10-18 09:00:00,0.18,169.68,1013.13,17.96
137,2019-10-18 10:00:00,0.38,308.08,1013.12,20.91
138,2019-10-18 11:00:00,0.38,300.2,1012.97,22.4
139,2019-10-18 12:00:00,0.51,301.18,1012.5,23.65
140,2019-10-18 13:00:00,0.27,179.14,1011.76,24.46
141,2019-10-18 14:00:00,0.14,223.27,1011.12,25.28
142,2019-10-18 15:00:00,0.63,325.7,1010.79,25.29
143,2019-10-18 16:00:00,0.14,276.54,1010.66,24.1
144,2019-10-18 17:00:00,0.34,139.53,1010.78,22.48
145,2019-10-18 18:00:00,0.83,134.97,1011.06,19.45
146,2019-10-18 19:00:00,0.9,132.96,1011.21,17.58
147,2019-10-18 20:00:00,0.93,138.92,1011.43,16.89
148,2019-10-18 21:00:00,0.86,131.73,1011.69,16.41
149,2019-10-18 22:00:00,0.89,130.12,1011.52,16.47
150,2019-10-18 23:00:00,1.03,135.26,1011.53,16.59
151,2019-10-19 00:00:00,0.92,133.22,1011.46,16.22
152,2019-10-19 01:00:00,0.79,129.67,1011.63,15.81
153,2019-10-19 02:00:00,0.55,132.59,1011.74,15.67
154,2019-10-19 03:00:00,0.67,135.21,1011.62,15.16
155,2019-10-19 04:00:00,0.44,145.25,1011.72,14.74
156,2019-10-19 05:00:00,0.49,135.51,1011.79,13.61
157,2019-10-19 06:00:00,0.43,146.21,1011.92,13.28
158,2019-10-19 07:00:00,0.53,127.46,1012.08,13.04
159,2019-10-19 08:00:00,0.36,129.21,1012.63,15.08
160,2019-10-19 09:00:00,0.36,123.75,1012.75,18.85
161,2019-10-19 10:00:00,0.52,124.7,1012.71,20.04
162,2019-10-19 11:00:00,0.63,122.63,1012.42,21.87
163,2019-10-19 12:00:00,0.24,13.6,1011.86,25.1
164,2019-10-19 13:00:00,0.21,193.54,1011.39,25.76
165,2019-10-19 14:00:00,0.16,264.38,1011.13,26.36
166,2019-10-19 15:00:00,0.33,132.7,1010.92,25.99
167,2019-10-19 16:00:00,0.42,153.85,1010.94,24.64
168,2019-10-19 17:00:00,0.38,121.9,1011.22,22.78
169,2019-10-19 18:00:00,1.01,135.2,1011.53,19.55
170,2019-10-19 19:00:00,0.92,141.93,1011.74,18.25
171,2019-10-19 20:00:00,0.92,137.02,1011.97,17.68
172,2019-10-19 21:00:00,1.01,132.55,1012.17,17.2
173,2019-10-19 22:00:00,0.95,135.65,1012.35,17.08
174,2019-10-19 23:00:00,0.81,129.24,1012.4,16.58
175,2019-10-20 00:00:00,0.7,118.64,1012.49,16.65
176,2019-10-20 01:00:00,0.42,125.99,1012.39,16.77
177,2019-10-20 02:00:00,0.18,135.29,1012.39,16.61
178,2019-10-20 03:00:00,0.46,146.5,1012.38,15.12
179,2019-10-20 04:00:00,0.38,161.33,1012.61,14.33
180,2019-10-20 05:00:00,0.29,151.75,1012.84,13.85
181,2019-10-20 06:00:00,0.25,139.53,1013.05,13.54
182,2019-10-20 07:00:00,0.4,125.97,1013.37,13.61
183,2019-10-20 08:00:00,0.29,129.64,1014.02,15.82
184,2019-10-20 09:00:00,0.15,87.64,1014.38,19.9
185,2019-10-20 10:00:00,0.08,57.04,1014.73,23.47
186,2019-10-20 11:00:00,0.34,7.47,1014.76,24.76
187,2019-10-20 12:00:00,0.28,11.76,1014.41,25.94
188,2019-10-20 13:00:00,0.16,212.15,1013.97,26.8
189,2019-10-20 14:00:00,0.19,188.43,1013.71,27.04
190,2019-10-20 15:00:00,0.62,116.14,1013.39,26.36
191,2019-10-20 16:00:00,0.26,37.9,1013.16,25.61
192,2019-10-20 17:00:00,0.37,133.96,1013.19,23.79
193,2019-10-20 18:00:00,0.76,136.1,1013.48,20.37
194,2019-10-20 19:00:00,0.97,133.26,1013.76,18.95
195,2019-10-20 20:00:00,0.77,129.45,1013.8,18.74
196,2019-10-20 21:00:00,0.7,127.21,1014.17,18.07
197,2019-10-20 22:00:00,0.46,129.07,1014.27,17.42
198,2019-10-20 23:00:00,0.25,110.72,1014.27,17.01
199,2019-10-21 00:00:00,0.21,69.75,1014.44,16.66
200,2019-10-21 01:00:00,0.09,73.33,1014.36,16.65
201,2019-10-21 02:00:00,0.33,114.25,1014.35,16.06
202,2019-10-21 03:00:00,0.29,200.1,1014.61,15.82
203,2019-10-21 04:00:00,0.46,171.42,1015.29,13.98
204,2019-10-21 05:00:00,0.36,127.32,1015.6,13.75
205,2019-10-21 06:00:00,0.46,134.53,1015.66,13.53
206,2019-10-21 07:00:00,0.52,123.23,1015.78,13.89
207,2019-10-21 08:00:00,0.2,93.06,1016.39,16.85
208,2019-10-21 09:00:00,0.29,64.66,1016.9,20.84
209,2019-10-21 10:00:00,0.14,108.03,1017.15,23.49
210,2019-10-21 11:00:00,0.18,281.15,1017.31,25.51
211,2019-10-21 12:00:00,0.53,324.74,1017.27,26.95
212,2019-10-21 13:00:00,0.19,298.14,1016.96,27.49
213,2019-10-21 14:00:00,0.35,179.46,1016.55,28.09
214,2019-10-21 15:00:00,0.42,156.91,1016.04,28.07
215,2019-10-21 16:00:00,0.63,130.0,1015.71,26.21
216,2019-10-21 17:00:00,0.62,135.93,1015.6,24.06
217,2019-10-21 18:00:00,0.91,129.16,1015.97,21.0
218,2019-10-21 19:00:00,0.6,133.21,1016.3,19.53
219,2019-10-21 20:00:00,0.52,129.0,1016.44,18.94
220,2019-10-21 21:00:00,0.7,135.86,1016.55,18.23
221,2019-10-21 22:00:00,0.91,143.68,1016.61,17.82
222,2019-10-21 23:00:00,0.72,143.76,1016.7,18.12
223,2019-10-22 00:00:00,0.73,135.02,1016.82,18.33
224,2019-10-22 01:00:00,0.94,134.46,1016.82,17.97
225,2019-10-22 02:00:00,0.65,143.06,1016.9,17.79
226,2019-10-22 03:00:00,0.32,142.86,1016.88,16.78
227,2019-10-22 04:00:00,0.25,120.67,1017.07,15.67
228,2019-10-22 05:00:00,0.25,109.12,1017.13,15.43
229,2019-10-22 06:00:00,0.07,80.86,1017.08,15.54
230,2019-10-22 07:00:00,0.33,124.49,1017.46,15.39
231,2019-10-22 08:00:00,0.36,141.87,1018.06,17.73
232,2019-10-22 09:00:00,0.74,150.49,1018.49,19.2
233,2019-10-22 10:00:00,0.21,121.37,1018.62,22.86
234,2019-10-22 11:00:00,0.46,116.34,1018.72,24.55
235,2019-10-22 12:00:00,0.48,26.95,1018.25,27.63
236,2019-10-22 13:00:00,0.27,30.34,1017.57,29.19
237,2019-10-22 14:00:00,0.44,70.34,1017.02,29.24
238,2019-10-22 15:00:00,0.37,60.68,1016.59,28.99
239,2019-10-22 16:00:00,0.13,59.12,1016.28,27.58
240,2019-10-22 17:00:00,0.37,133.06,1016.28,25.57
241,2019-10-22 18:00:00,0.67,136.56,1016.52,22.0
242,2019-10-22 19:00:00,0.7,137.1,1016.69,20.11
243,2019-10-22 20:00:00,0.81,134.87,1016.66,19.09
244,2019-10-22 21:00:00,0.81,114.68,1016.74,18.59
245,2019-10-22 22:00:00,0.64,100.92,1016.75,18.32
246,2019-10-22 23:00:00,0.19,104.34,1016.61,17.98
247,2019-10-23 00:00:00,0.39,100.79,1016.51,18.01
248,2019-10-23 01:00:00,0.16,91.31,1016.4,17.45
249,2019-10-23 02:00:00,0.17,49.22,1016.16,16.94
250,2019-10-23 03:00:00,0.3,25.85,1015.79,17.52
251,2019-10-23 04:00:00,0.25,20.48,1015.68,17.04
252,2019-10-23 05:00:00,0.4,38.1,1015.51,17.13
253,2019-10-23 06:00:00,0.13,129.33,1015.45,15.68
254,2019-10-23 07:00:00,0.14,103.16,1015.65,14.76
255,2019-10-23 08:00:00,0.15,44.15,1016.21,17.43
256,2019-10-23 09:00:00,0.21,36.68,1016.32,20.51
257,2019-10-23 10:00:00,0.54,54.9,1016.04,22.94
258,2019-10-23 11:00:00,0.92,82.0,1015.78,24.73
259,2019-10-23 12:00:00,0.74,98.13,1015.11,27.0
260,2019-10-23 13:00:00,0.69,87.24,1014.58,28.26
261,2019-10-23 14:00:00,0.67,82.96,1013.98,28.93
262,2019-10-23 15:00:00,0.47,69.79,1013.5,28.94
263,2019-10-23 16:00:00,0.3,68.89,1013.06,27.37
264,2019-10-23 17:00:00,0.18,89.27,1013.18,25.43
265,2019-10-23 18:00:00,0.28,122.25,1013.3,21.73
266,2019-10-23 19:00:00,0.06,132.09,1013.3,20.32
267,2019-10-23 20:00:00,0.16,41.08,1013.01,19.47
268,2019-10-23 21:00:00,0.55,18.39,1013.07,20.38
269,2019-10-23 22:00:00,0.09,37.94,1013.0,20.02
270,2019-10-23 23:00:00,0.14,106.45,1012.68,19.57
271,2019-10-24 00:00:00,0.24,50.69,1012.41,18.41
272,2019-10-24 01:00:00,0.09,100.96,1012.35,16.93
273,2019-10-24 02:00:00,0.23,134.11,1012.13,14.63
274,2019-10-24 03:00:00,0.22,48.77,1011.85,14.39
275,2019-10-24 04:00:00,0.21,38.5,1011.64,15.37
276,2019-10-24 05:00:00,0.06,30.44,1011.48,15.32
277,2019-10-24 06:00:00,0.53,173.23,1011.52,13.32
278,2019-10-24 07:00:00,0.21,129.59,1011.68,12.76
279,2019-10-24 08:00:00,0.6,150.45,1012.28,14.0
280,2019-10-24 09:00:00,0.28,126.94,1012.26,17.56
281,2019-10-24 10:00:00,0.47,127.45,1012.15,20.73
282,2019-10-24 11:00:00,0.36,234.48,1012.04,23.4
283,2019-10-24 12:00:00,0.57,190.36,1011.55,25.06
284,2019-10-24 13:00:00,0.27,90.57,1011.06,26.87
285,2019-10-24 14:00:00,0.18,138.51,1010.73,27.55
286,2019-10-24 15:00:00,0.24,135.65,1010.32,26.97
287,2019-10-24 16:00:00,0.15,96.03,1009.8,25.58
288,2019-10-24 17:00:00,0.63,131.74,1009.59,22.54
289,2019-10-24 18:00:00,0.95,132.19,1009.58,19.94
290,2019-10-24 19:00:00,0.66,131.7,1009.65,18.36
291,2019-10-24 20:00:00,0.43,119.66,1009.76,17.57
292,2019-10-24 21:00:00,0.17,144.66,1009.74,18.37
293,2019-10-24 22:00:00,0.28,161.96,1010.14,16.23
294,2019-10-24 23:00:00,0.45,119.82,1010.24,14.83
295,2019-10-25 00:00:00,0.35,118.31,1010.41,14.61
296,2019-10-25 01:00:00,0.21,124.02,1010.53,13.86
297,2019-10-25 02:00:00,0.2,137.74,1010.55,13.77
298,2019-10-25 03:00:00,0.13,119.65,1010.71,12.96
299,2019-10-25 04:00:00,0.3,122.32,1010.91,12.83
300,2019-10-25 05:00:00,0.1,160.81,1011.26,12.28
301,2019-10-25 06:00:00,0.39,128.58,1011.58,11.81
302,2019-10-25 07:00:00,0.49,113.42,1012.29,12.03
303,2019-10-25 08:00:00,0.41,133.02,1013.17,13.76
304,2019-10-25 09:00:00,0.1,81.54,1013.72,17.79
305,2019-10-25 10:00:00,0.18,126.03,1014.28,20.01
306,2019-10-25 11:00:00,0.27,320.03,1014.65,21.77
307,2019-10-25 12:00:00,0.32,287.77,1014.65,22.81
308,2019-10-25 13:00:00,0.17,239.34,1014.37,23.61
309,2019-10-25 14:00:00,0.38,318.35,1014.06,24.46
310,2019-10-25 15:00:00,0.37,302.7,1013.98,24.66
311,2019-10-25 16:00:00,0.15,160.21,1014.01,23.14
312,2019-10-25 17:00:00,0.51,130.79,1014.38,21.18
313,2019-10-25 18:00:00,0.7,135.66,1015.12,18.49
314,2019-10-25 19:00:00,0.56,142.12,1015.67,17.16
315,2019-10-25 20:00:00,0.75,138.62,1016.15,16.3
316,2019-10-25 21:00:00,0.44,135.33,1016.74,16.06
317,2019-10-25 22:00:00,0.48,120.46,1017.02,15.02
318,2019-10-25 23:00:00,0.27,137.81,1017.27,14.16
319,2019-10-26 00:00:00,0.21,173.35,1017.56,13.69
320,2019-10-26 01:00:00,0.45,137.31,1018.11,13.23
321,2019-10-26 02:00:00,0.73,134.9,1018.19,13.07
322,2019-10-26 03:00:00,0.84,134.18,1018.08,13.17
323,2019-10-26 04:00:00,0.57,131.48,1018.07,13.03
324,2019-10-26 05:00:00,0.12,148.26,1018.15,12.65
325,2019-10-26 06:00:00,0.05,210.75,1018.11,12.1
326,2019-10-26 07:00:00,0.16,213.72,1018.43,12.17
327,2019-10-26 08:00:00,0.46,172.07,1019.18,12.2
328,2019-10-26 09:00:00,0.21,34.3,1019.43,14.56
329,2019-10-26 10:00:00,0.83,3.25,1019.84,16.62
330,2019-10-26 11:00:00,0.51,150.87,1019.76,18.47
331,2019-10-26 12:00:00,0.51,134.98,1019.21,20.36
332,2019-10-26 13:00:00,0.29,10.01,1018.26,22.69
333,2019-10-26 14:00:00,0.37,27.24,1017.55,24.15
334,2019-10-26 15:00:00,0.37,60.77,1017.08,24.06
335,2019-10-26 16:00:00,0.31,70.89,1016.7,23.1
336,2019-10-26 17:00:00,0.43,139.38,1016.51,21.47
337,2019-10-26 18:00:00,0.7,138.18,1016.64,18.37
338,2019-10-26 19:00:00,0.95,123.6,1016.78,16.74
339,2019-10-26 20:00:00,0.87,120.19,1016.74,16.22
340,2019-10-26 21:00:00,0.47,122.53,1016.9,15.78
341,2019-10-26 22:00:00,0.5,124.54,1016.89,14.97
342,2019-10-26 23:00:00,0.43,116.41,1016.77,14.48
343,2019-10-27 00:00:00,0.76,129.26,1016.67,14.05
344,2019-10-27 01:00:00,0.09,100.44,1016.58,13.6
345,2019-10-27 02:00:00,15.57,15.57,0.55,0.55
346,2019-10-27 03:00:00,0.09,106.09,1015.08,12.36
347,2019-10-27 04:00:00,0.26,110.77,1014.76,11.97
348,2019-10-27 05:00:00,0.12,164.64,1014.55,11.38
349,2019-10-27 06:00:00,0.11,107.77,1014.97,11.41
350,2019-10-27 07:00:00,0.34,195.15,1015.58,12.11
351,2019-10-27 08:00:00,0.09,76.55,1015.7,15.26
352,2019-10-27 09:00:00,0.65,18.22,1015.8,18.06
353,2019-10-27 10:00:00,0.7,17.51,1015.7,19.85
354,2019-10-27 11:00:00,0.34,232.33,1015.14,21.78
355,2019-10-27 12:00:00,0.26,176.6,1014.35,22.81
356,2019-10-27 13:00:00,0.53,136.15,1013.79,23.44
357,2019-10-27 14:00:00,0.13,84.81,1013.18,24.2
358,2019-10-27 15:00:00,0.21,120.3,1012.68,22.53
359,2019-10-27 16:00:00,0.79,132.17,1012.37,19.98
360,2019-10-27 17:00:00,1.02,137.73,1012.33,17.78
361,2019-10-27 18:00:00,0.76,128.25,1012.47,16.55
362,2019-10-27 19:00:00,0.7,128.05,1012.49,15.35
363,2019-10-27 20:00:00,0.61,137.89,1012.36,15.11
364,2019-10-27 21:00:00,0.63,131.56,1012.26,14.43
365,2019-10-27 22:00:00,0.64,116.94,1012.17,13.7
366,2019-10-27 23:00:00,0.6,123.12,1012.05,13.12
367,2019-10-28 00:00:00,0.47,110.19,1011.67,12.87
368,2019-10-28 01:00:00,0.33,113.73,1011.52,12.51
369,2019-10-28 02:00:00,0.32,113.18,1011.27,12.12
370,2019-10-28 03:00:00,0.18,120.85,1011.15,11.99
371,2019-10-28 04:00:00,0.13,126.66,1010.98,11.94
372,2019-10-28 05:00:00,0.06,28.93,1010.7,11.88
373,2019-10-28 06:00:00,0.12,206.65,1010.97,11.47
374,2019-10-28 07:00:00,0.26,161.12,1011.36,12.37
375,2019-10-28 08:00:00,0.3,333.83,1011.89,14.44
376,2019-10-28 09:00:00,0.07,204.82,1011.98,16.26
377,2019-10-28 10:00:00,0.53,325.22,1011.98,19.11
378,2019-10-28 11:00:00,0.42,311.94,1011.58,20.96
379,2019-10-28 12:00:00,0.36,317.34,1011.07,22.27
380,2019-10-28 13:00:00,0.42,269.84,1010.82,22.67
381,2019-10-28 14:00:00,0.48,347.42,1010.49,22.59
382,2019-10-28 15:00:00,0.21,334.84,1010.13,22.23
383,2019-10-28 16:00:00,0.09,50.82,1010.08,20.86
384,2019-10-28 17:00:00,0.55,349.07,1010.6,20.1
385,2019-10-28 18:00:00,0.51,327.56,1011.21,19.13
386,2019-10-28 19:00:00,0.31,122.05,1011.58,17.6
387,2019-10-28 20:00:00,0.32,149.69,1011.84,16.14
388,2019-10-28 21:00:00,0.25,133.88,1011.96,15.41
389,2019-10-28 22:00:00,0.36,163.52,1011.87,15.06
390,2019-10-28 23:00:00,0.31,162.05,1012.04,14.55
391,2019-10-29 00:00:00,0.36,173.11,1012.05,14.32
392,2019-10-29 01:00:00,0.23,275.23,1011.95,14.37
393,2019-10-29 02:00:00,0.14,273.67,1011.9,14.14
394,2019-10-29 03:00:00,0.35,260.33,1011.8,13.84
395,2019-10-29 04:00:00,0.18,169.48,1011.84,13.56
396,2019-10-29 05:00:00,0.39,354.78,1011.79,13.32
397,2019-10-29 06:00:00,0.28,346.08,1011.96,13.02
398,2019-10-29 07:00:00,0.2,31.73,1012.39,13.01
399,2019-10-29 08:00:00,0.31,57.88,1012.52,13.92
400,2019-10-29 09:00:00,0.33,80.18,1012.62,14.5
401,2019-10-29 10:00:00,0.42,318.84,1012.85,15.62
402,2019-10-29 11:00:00,0.57,324.41,1012.72,16.65
403,2019-10-29 12:00:00,0.99,348.78,1012.48,16.64
404,2019-10-29 13:00:00,0.72,325.59,1012.28,15.25
405,2019-10-29 14:00:00,0.74,339.85,1012.57,13.1
406,2019-10-29 15:00:00,0.43,339.78,1013.09,11.97
407,2019-10-29 16:00:00,0.64,321.41,1013.57,11.6
408,2019-10-29 17:00:00,0.52,333.6,1014.16,11.02
409,2019-10-29 18:00:00,0.62,338.18,1014.82,10.46
410,2019-10-29 19:00:00,0.43,336.66,1015.42,9.9
411,2019-10-29 20:00:00,0.5,346.97,1016.15,9.64
412,2019-10-29 21:00:00,0.59,328.23,1016.56,9.56
413,2019-10-29 22:00:00,0.79,347.67,1017.17,9.21
414,2019-10-29 23:00:00,0.51,334.27,1017.61,9.1
415,2019-10-30 00:00:00,0.56,341.02,1017.87,9.01
416,2019-10-30 01:00:00,0.3,294.44,1018.01,8.93
417,2019-10-30 02:00:00,0.22,201.63,1017.96,8.93
418,2019-10-30 03:00:00,0.2,232.22,1017.93,8.92
419,2019-10-30 04:00:00,0.31,207.12,1018.16,9.05
420,2019-10-30 05:00:00,0.24,271.69,1018.27,9.27
421,2019-10-30 06:00:00,0.17,290.35,1018.54,9.43
422,2019-10-30 07:00:00,0.27,303.58,1019.13,9.58
423,2019-10-30 08:00:00,0.55,324.12,1019.47,9.86
424,2019-10-30 09:00:00,0.37,324.64,1019.48,10.26
425,2019-10-30 10:00:00,0.32,71.54,1019.34,10.67
426,2019-10-30 11:00:00,0.25,17.06,1018.92,11.34
427,2019-10-30 12:00:00,0.35,342.21,1018.61,11.9
428,2019-10-30 13:00:00,0.79,348.08,1018.4,12.02
429,2019-10-30 14:00:00,0.77,334.73,1018.61,11.82
430,2019-10-30 15:00:00,0.73,335.0,1019.03,11.13
431,2019-10-30 16:00:00,0.7,324.96,1019.57,10.48
432,2019-10-30 17:00:00,0.59,327.95,1020.11,10.44
433,2019-10-30 18:00:00,0.67,324.03,1020.78,10.22
434,2019-10-30 19:00:00,0.66,327.32,1021.17,8.98
435,2019-10-30 20:00:00,0.6,322.12,1021.32,8.33
436,2019-10-30 21:00:00,0.63,324.49,1021.37,8.26
437,2019-10-30 22:00:00,0.5,329.6,1021.33,8.27
438,2019-10-30 23:00:00,0.54,308.04,1021.3,7.95
439,2019-10-31 00:00:00,0.5,349.19,1021.24,7.73
440,2019-10-31 01:00:00,0.4,334.33,1021.21,7.46
441,2019-10-31 02:00:00,0.05,194.12,1021.02,6.75
442,2019-10-31 03:00:00,0.36,145.7,1020.71,6.41
443,2019-10-31 04:00:00,0.57,136.99,1020.53,6.11
444,2019-10-31 05:00:00,0.7,127.15,1020.34,5.47
445,2019-10-31 06:00:00,0.9,124.72,1020.49,5.13
446,2019-10-31 07:00:00,0.51,130.43,1020.84,5.64
447,2019-10-31 08:00:00,0.62,136.29,1020.98,6.57
448,2019-10-31 09:00:00,0.28,329.24,1020.94,7.82
449,2019-10-31 10:00:00,0.11,139.48,1020.84,8.91
450,2019-10-31 11:00:00,0.36,351.3,1020.35,9.76
451,2019-10-31 12:00:00,0.24,84.44,1019.88,10.32
452,2019-10-31 13:00:00,0.24,337.65,1019.52,10.57
453,2019-10-31 14:00:00,0.08,243.18,1019.26,10.65
454,2019-10-31 15:00:00,0.21,14.07,1018.94,10.72
455,2019-10-31 16:00:00,0.27,19.77,1018.78,10.52
456,2019-10-31 17:00:00,0.22,320.03,1018.98,10.45
457,2019-10-31 18:00:00,0.25,100.02,1019.2,9.74
458,2019-10-31 19:00:00,0.1,31.34,1019.44,9.74
459,2019-10-31 20:00:00,0.52,118.35,1019.54,9.38
460,2019-10-31 21:00:00,0.2,86.45,1019.53,9.74
461,2019-10-31 22:00:00,0.47,100.67,1019.28,9.5
462,2019-10-31 23:00:00,0.6,95.79,1019.02,8.71
463,2019-11-01 00:00:00,0.53,108.5,1019.08,8.32
464,2019-11-01 01:00:00,0.57,109.39,1019.01,8.15
465,2019-11-01 02:00:00,0.64,89.49,1018.73,7.89
466,2019-11-01 03:00:00,0.7,103.68,1018.53,7.7
467,2019-11-01 04:00:00,0.96,81.36,1018.51,7.62
468,2019-11-01 05:00:00,0.77,93.01,1018.32,7.36
469,2019-11-01 06:00:00,0.67,91.51,1018.52,7.47
470,2019-11-01 07:00:00,1.09,102.35,1019.05,7.5
471,2019-11-01 08:00:00,1.19,116.51,1019.21,8.46
472,2019-11-01 09:00:00,1.3,126.49,1019.21,9.97
473,2019-11-01 10:00:00,1.01,106.04,1019.11,11.15
474,2019-11-01 11:00:00,1.27,111.71,1018.44,11.88
475,2019-11-01 12:00:00,1.16,95.99,1017.47,12.57
476,2019-11-01 13:00:00,1.08,95.16,1016.72,12.8
477,2019-11-01 14:00:00,1.17,119.86,1015.79,12.17
478,2019-11-01 15:00:00,1.02,98.19,1015.14,11.65
479,2019-11-01 16:00:00,0.88,100.72,1014.73,10.73
480,2019-11-01 17:00:00,0.92,98.55,1014.68,9.47
481,2019-11-01 18:00:00,1.16,92.9,1014.69,8.26
482,2019-11-01 19:00:00,1.22,93.74,1014.15,7.46
483,2019-11-01 20:00:00,1.18,98.52,1013.41,6.98
484,2019-11-01 21:00:00,1.25,79.33,1012.71,6.68
485,2019-11-01 22:00:00,1.68,96.5,1011.95,6.72
486,2019-11-01 23:00:00,0.94,105.35,1011.09,7.09
487,2019-11-02 00:00:00,0.59,123.35,1010.33,7.67
488,2019-11-02 01:00:00,0.53,82.77,1009.6,8.19
489,2019-11-02 02:00:00,0.43,72.2,1008.91,8.69
490,2019-11-02 03:00:00,0.55,62.77,1008.23,8.92
491,2019-11-02 04:00:00,0.67,105.91,1007.47,9.26
492,2019-11-02 05:00:00,0.71,113.12,1006.71,9.62
493,2019-11-02 06:00:00,0.92,124.22,1006.43,9.96
494,2019-11-02 07:00:00,0.98,109.63,1006.33,10.47
495,2019-11-02 08:00:00,0.96,111.69,1005.93,11.8
496,2019-11-02 09:00:00,0.93,124.9,1005.66,13.41
497,2019-11-02 10:00:00,0.58,128.08,1005.11,14.56
498,2019-11-02 11:00:00,0.48,107.73,1004.33,16.23
499,2019-11-02 12:00:00,1.18,137.69,1003.68,16.66
500,2019-11-02 13:00:00,1.29,135.86,1003.26,17.13
501,2019-11-02 14:00:00,1.27,131.63,1002.98,17.44
502,2019-11-02 15:00:00,1.14,129.43,1002.82,16.57
503,2019-11-02 16:00:00,0.53,108.58,1002.59,15.53
504,2019-11-02 17:00:00,0.75,80.72,1002.61,15.58
505,2019-11-02 18:00:00,0.48,354.94,1002.58,15.44
506,2019-11-02 19:00:00,0.28,357.75,1002.35,15.18
507,2019-11-02 20:00:00,0.64,45.79,1002.05,15.23
508,2019-11-02 21:00:00,0.53,17.81,1001.72,16.02
509,2019-11-02 22:00:00,0.71,347.69,1001.43,15.66
510,2019-11-02 23:00:00,0.91,138.79,1001.03,16.51
511,2019-11-03 00:00:00,1.13,135.96,1000.61,17.06
512,2019-11-03 01:00:00,1.79,153.11,1000.24,17.01
513,2019-11-03 02:00:00,1.83,143.55,999.85,16.72
514,2019-11-03 03:00:00,1.16,99.0,999.28,16.8
515,2019-11-03 04:00:00,1.92,144.89,998.87,17.3
516,2019-11-03 05:00:00,2.17,149.77,998.45,17.2
517,2019-11-03 06:00:00,2.33,137.36,998.3,17.39
518,2019-11-03 07:00:00,1.22,132.08,998.44,17.03
519,2019-11-03 08:00:00,0.85,100.45,998.47,17.5
520,2019-11-03 09:00:00,0.65,93.13,998.36,18.34
521,2019-11-03 10:00:00,0.49,143.26,997.87,21.15
522,2019-11-03 11:00:00,0.93,116.46,996.92,20.76
523,2019-11-03 12:00:00,0.39,320.8,996.53,20.25
524,2019-11-03 13:00:00,0.84,83.83,995.97,18.95
525,2019-11-03 14:00:00,1.49,121.19,995.36,18.68
526,2019-11-03 15:00:00,2.81,128.54,995.0,19.26
527,2019-11-03 16:00:00,2.03,130.25,994.92,18.94
528,2019-11-03 17:00:00,1.75,128.93,994.96,18.91
529,2019-11-03 18:00:00,1.44,100.27,994.74,19.05
530,2019-11-03 19:00:00,1.44,127.3,994.16,18.72
531,2019-11-03 20:00:00,2.25,137.82,994.08,19.75
532,2019-11-03 21:00:00,1.52,136.23,994.09,18.51
533,2019-11-03 22:00:00,1.64,137.55,993.56,17.91
534,2019-11-03 23:00:00,2.1,132.89,993.16,18.4
535,2019-11-04 00:00:00,2.56,133.75,992.71,18.94
536,2019-11-04 01:00:00,2.48,141.95,992.19,18.87
537,2019-11-04 02:00:00,2.15,135.33,992.04,18.42
538,2019-11-04 03:00:00,3.2,135.98,991.4,18.71
539,2019-11-04 04:00:00,3.28,131.9,991.27,18.92
540,2019-11-04 05:00:00,2.47,133.55,990.96,18.75
541,2019-11-04 06:00:00,2.73,141.45,990.82,18.74
542,2019-11-04 07:00:00,2.87,136.31,991.01,19.15
543,2019-11-04 08:00:00,3.07,145.05,991.07,19.62
544,2019-11-04 09:00:00,3.08,143.17,991.0,19.82
545,2019-11-04 10:00:00,2.11,140.73,991.09,20.34
546,2019-11-04 11:00:00,1.93,141.26,991.31,20.75
547,2019-11-04 12:00:00,0.45,155.37,992.95,16.52
548,2019-11-04 13:00:00,0.52,165.68,993.28,17.39
549,2019-11-04 14:00:00,0.42,35.54,993.86,19.27
550,2019-11-04 15:00:00,0.25,123.83,994.62,18.82
551,2019-11-04 16:00:00,0.16,143.22,995.4,18.16
552,2019-11-04 17:00:00,0.52,161.81,996.47,17.2
553,2019-11-04 18:00:00,0.05,332.24,997.22,16.58
554,2019-11-04 19:00:00,0.15,78.69,997.96,15.8
555,2019-11-04 20:00:00,0.13,84.19,998.5,14.56
556,2019-11-04 21:00:00,0.33,131.63,998.66,14.67
557,2019-11-04 22:00:00,1.09,156.9,999.04,15.76
558,2019-11-04 23:00:00,1.14,165.91,999.03,16.12
559,2019-11-05 00:00:00,1.17,164.71,999.21,16.51
560,2019-11-05 01:00:00,1.48,166.05,999.37,16.59
561,2019-11-05 02:00:00,0.27,174.59,999.21,16.96
562,2019-11-05 03:00:00,1.59,155.33,999.21,17.75
563,2019-11-05 04:00:00,1.06,162.84,999.1,17.85
564,2019-11-05 05:00:00,0.76,176.24,999.21,17.98
565,2019-11-05 06:00:00,1.14,145.4,999.39,18.06
566,2019-11-05 07:00:00,1.82,137.35,999.6,18.41
567,2019-11-05 08:00:00,2.06,139.57,999.58,19.86
568,2019-11-05 09:00:00,3.1,148.58,999.13,20.15
569,2019-11-05 10:00:00,2.97,146.24,998.37,21.36
570,2019-11-05 11:00:00,3.42,151.15,997.32,23.2
571,2019-11-05 12:00:00,3.71,152.07,996.55,24.03
572,2019-11-05 13:00:00,2.31,156.12,995.94,24.62
573,2019-11-05 14:00:00,2.18,150.29,995.7,24.73
574,2019-11-05 15:00:00,1.29,130.82,995.66,24.31
575,2019-11-05 16:00:00,1.37,135.39,995.25,23.04
576,2019-11-05 17:00:00,2.01,134.23,995.03,22.89
577,2019-11-05 18:00:00,2.17,143.43,994.64,22.17
578,2019-11-05 19:00:00,2.47,137.85,994.25,21.66
579,2019-11-05 20:00:00,2.91,139.48,994.04,21.07
580,2019-11-05 21:00:00,2.34,135.86,993.78,20.5
581,2019-11-05 22:00:00,2.13,133.77,993.56,20.56
582,2019-11-05 23:00:00,2.26,134.51,993.73,20.27
583,2019-11-06 00:00:00,1.92,146.63,993.6,20.29
584,2019-11-06 01:00:00,0.46,175.53,994.29,20.48
585,2019-11-06 02:00:00,0.28,287.26,996.26,17.68
586,2019-11-06 03:00:00,0.73,301.31,996.77,16.69
587,2019-11-06 04:00:00,0.51,325.39,998.45,15.11
588,2019-11-06 05:00:00,0.3,150.17,998.53,14.1
589,2019-11-06 06:00:00,0.76,134.91,998.58,13.41
590,2019-11-06 07:00:00,0.73,122.43,999.43,13.31
591,2019-11-06 08:00:00,0.6,135.87,1000.48,13.71
592,2019-11-06 09:00:00,0.51,121.15,1000.88,14.21
593,2019-11-06 10:00:00,0.64,142.8,1001.48,15.17
594,2019-11-06 11:00:00,0.98,134.37,1001.52,16.04
595,2019-11-06 12:00:00,0.95,134.13,1001.59,16.34
596,2019-11-06 13:00:00,0.71,131.56,1001.48,17.14
597,2019-11-06 14:00:00,1.13,144.77,1001.62,16.68
598,2019-11-06 15:00:00,0.87,136.56,1001.56,16.05
599,2019-11-06 16:00:00,0.63,137.63,1001.49,15.33
600,2019-11-06 17:00:00,0.31,72.46,1001.01,15.16
601,2019-11-06 18:00:00,0.34,64.57,1001.19,14.83
602,2019-11-06 19:00:00,0.53,86.65,1000.78,14.58
603,2019-11-06 20:00:00,0.24,49.08,1000.31,14.48
604,2019-11-06 21:00:00,0.38,91.92,1000.5,14.17
605,2019-11-06 22:00:00,0.49,71.1,999.9,14.04
606,2019-11-06 23:00:00,0.6,21.6,999.99,14.35
607,2019-11-07 00:00:00,0.17,35.3,1000.11,14.97
608,2019-11-07 01:00:00,0.17,97.62,1000.31,15.1
609,2019-11-07 02:00:00,0.4,85.47,1000.16,14.5
610,2019-11-07 03:00:00,0.14,306.31,1000.38,14.99
611,2019-11-07 04:00:00,0.19,248.95,1000.96,14.17
612,2019-11-07 05:00:00,0.32,191.39,1001.15,13.38
613,2019-11-07 06:00:00,0.17,198.2,1001.42,13.17
614,2019-11-07 07:00:00,0.37,179.21,1002.22,13.37
615,2019-11-07 08:00:00,0.68,144.69,1002.88,13.06
616,2019-11-07 09:00:00,0.56,133.16,1003.05,13.49
617,2019-11-07 10:00:00,0.15,332.78,1003.46,14.97
618,2019-11-07 11:00:00,0.07,334.8,1003.28,17.03
619,2019-11-07 12:00:00,0.39,114.24,1003.23,18.37
620,2019-11-07 13:00:00,0.3,134.34,1003.31,19.18
621,2019-11-07 14:00:00,0.31,73.56,1003.36,18.64
622,2019-11-07 15:00:00,0.25,44.82,1003.55,17.84
623,2019-11-07 16:00:00,0.27,124.21,1003.89,16.89
624,2019-11-07 17:00:00,0.7,139.0,1004.41,15.19
625,2019-11-07 18:00:00,0.43,131.51,1004.61,14.29
626,2019-11-07 19:00:00,0.24,50.99,1004.66,14.59
627,2019-11-07 20:00:00,0.36,7.2,1004.57,14.47
628,2019-11-07 21:00:00,0.38,29.06,1004.47,14.5
629,2019-11-07 22:00:00,0.36,28.7,1004.51,14.05
630,2019-11-07 23:00:00,0.25,359.31,1004.48,13.53
631,2019-11-08 00:00:00,0.34,23.76,1004.59,13.15
632,2019-11-08 01:00:00,0.37,19.1,1004.39,13.22
633,2019-11-08 02:00:00,0.53,11.12,1003.87,12.81
634,2019-11-08 03:00:00,0.15,342.72,1003.43,12.53
635,2019-11-08 04:00:00,0.19,44.59,1003.28,12.14
636,2019-11-08 05:00:00,0.54,10.06,1002.98,12.24
637,2019-11-08 06:00:00,0.44,26.14,1003.09,12.39
638,2019-11-08 07:00:00,0.23,24.8,1003.31,12.25
639,2019-11-08 08:00:00,0.22,69.93,1003.26,11.81
640,2019-11-08 09:00:00,0.24,18.39,1002.84,12.16
641,2019-11-08 10:00:00,0.39,105.24,1002.56,12.5
642,2019-11-08 11:00:00,0.19,53.17,1002.18,13.3
643,2019-11-08 12:00:00,0.3,80.54,1001.59,14.3
644,2019-11-08 13:00:00,0.1,187.92,1001.39,15.91
645,2019-11-08 14:00:00,0.45,153.17,1001.28,16.39
646,2019-11-08 15:00:00,0.06,218.91,1001.4,16.64
647,2019-11-08 16:00:00,0.17,290.23,1001.75,15.74
648,2019-11-08 17:00:00,0.46,129.1,1002.03,14.18
649,2019-11-08 18:00:00,0.69,133.52,1002.17,13.0
650,2019-11-08 19:00:00,0.17,123.01,1002.26,12.81
651,2019-11-08 20:00:00,0.25,129.82,1002.66,12.68
652,2019-11-08 21:00:00,0.38,156.09,1003.26,11.51
653,2019-11-08 22:00:00,0.25,160.74,1003.76,10.97
654,2019-11-08 23:00:00,0.23,131.0,1003.93,10.47
655,2019-11-09 00:00:00,0.44,155.5,1003.89,11.57
656,2019-11-09 01:00:00,0.91,155.46,1003.87,13.82
657,2019-11-09 02:00:00,1.18,139.49,1003.87,15.21
658,2019-11-09 03:00:00,1.32,135.82,1003.72,15.71
659,2019-11-09 04:00:00,1.95,134.82,1003.53,15.95
660,2019-11-09 05:00:00,2.43,140.49,1003.45,16.43
661,2019-11-09 06:00:00,2.41,145.07,1003.67,16.79
662,2019-11-09 07:00:00,2.35,141.09,1004.18,16.7
663,2019-11-09 08:00:00,2.69,145.71,1004.37,17.03
664,2019-11-09 09:00:00,2.78,141.64,1004.46,17.51
665,2019-11-09 10:00:00,2.47,139.98,1004.58,17.93
666,2019-11-09 11:00:00,1.36,136.99,1004.25,18.61
667,2019-11-09 12:00:00,1.74,140.02,1003.8,19.33
668,2019-11-09 13:00:00,2.1,142.84,1003.54,20.11
669,2019-11-09 14:00:00,1.74,144.91,1003.45,20.08
670,2019-11-09 15:00:00,1.43,133.11,1003.49,19.7
671,2019-11-09 16:00:00,0.61,301.87,1003.95,19.24
672,2019-11-09 17:00:00,0.05,185.21,1005.05,17.13
673,2019-11-09 18:00:00,0.16,326.31,1005.55,16.16
674,2019-11-09 19:00:00,0.09,237.38,1005.75,15.42
675,2019-11-09 20:00:00,0.1,283.19,1005.75,14.61
676,2019-11-09 21:00:00,0.34,199.58,1005.22,13.72
677,2019-11-09 22:00:00,0.32,151.2,1004.66,13.38
678,2019-11-09 23:00:00,0.55,136.51,1004.54,13.23
679,2019-11-10 00:00:00,0.13,123.46,1004.08,13.27
680,2019-11-10 01:00:00,0.13,112.44,1002.96,13.15
681,2019-11-10 02:00:00,0.32,119.22,1002.15,12.76
682,2019-11-10 03:00:00,0.35,110.67,1001.49,12.59
683,2019-11-10 04:00:00,0.1,88.78,1001.09,12.5
684,2019-11-10 05:00:00,0.25,99.16,1000.61,12.32
685,2019-11-10 06:00:00,0.17,109.26,1000.36,12.29
686,2019-11-10 07:00:00,0.24,158.79,1000.43,12.47
687,2019-11-10 08:00:00,0.14,243.46,1000.69,12.92
688,2019-11-10 09:00:00,0.47,161.28,1001.47,14.07
689,2019-11-10 10:00:00,0.98,165.23,1002.08,14.78
690,2019-11-10 11:00:00,0.1,64.2,1002.45,16.26
691,2019-11-10 12:00:00,0.51,323.11,1002.96,17.08
692,2019-11-10 13:00:00,1.52,316.09,1003.5,15.43
693,2019-11-10 14:00:00,1.52,317.96,1004.4,13.5
694,2019-11-10 15:00:00,1.0,327.3,1005.14,12.71
695,2019-11-10 16:00:00,1.25,313.1,1005.91,12.05
696,2019-11-10 17:00:00,0.97,303.24,1006.92,11.75
697,2019-11-10 18:00:00,0.71,320.25,1008.03,11.77
698,2019-11-10 19:00:00,0.75,314.13,1009.14,11.65
699,2019-11-10 20:00:00,0.54,316.47,1010.15,11.36
700,2019-11-10 21:00:00,0.44,325.78,1010.8,10.92
701,2019-11-10 22:00:00,0.22,2.4,1011.36,10.81
702,2019-11-10 23:00:00,0.1,152.43,1012.11,10.6
703,2019-11-11 00:00:00,0.07,191.19,1012.57,10.39
704,2019-11-11 01:00:00,0.98,303.71,1012.85,10.49
705,2019-11-11 02:00:00,0.55,304.92,1013.08,10.14
706,2019-11-11 03:00:00,0.39,296.66,1013.23,9.79
707,2019-11-11 04:00:00,0.02,159.26,1013.59,9.79
708,2019-11-11 05:00:00,0.39,1.66,1013.6,10.01
709,2019-11-11 06:00:00,0.47,91.96,1013.82,9.9
710,2019-11-11 07:00:00,0.44,82.66,1014.0,9.88
711,2019-11-11 08:00:00,0.59,82.24,1014.32,10.31
712,2019-11-11 09:00:00,0.63,98.07,1014.04,10.99
713,2019-11-11 10:00:00,0.79,108.65,1013.77,12.13
714,2019-11-11 11:00:00,0.87,86.34,1013.03,12.34
715,2019-11-11 12:00:00,0.68,97.16,1012.41,12.82
716,2019-11-11 13:00:00,0.79,111.88,1012.02,13.32
717,2019-11-11 14:00:00,0.78,103.35,1011.67,13.36
718,2019-11-11 15:00:00,0.88,88.01,1010.85,12.93
